customer_id,nps_score,total_orders,segment,churn_probability,is_churned,churn_date,churn_reason
1,8,4,Active,0.23152516503330617,0,,
2,3,2,At Risk,0.5401719203079647,0,,
3,9,2,At Risk,0.42545628106805133,0,,
4,4,2,Loyal,0.3968505244493033,0,,
5,1,5,At Risk,0.5011858539632572,1,2023-07-27,price
6,3,1,New,0.6744255976616053,1,2023-09-27,bad_experience
7,1,2,Loyal,0.5430142724784279,1,2023-07-23,price
8,1,3,New,0.5528202248756864,0,,
9,3,2,Active,0.5437097310110889,1,2023-09-10,other
10,5,2,Loyal,0.5857905644102762,0,,
11,6,3,Active,0.3308752968258924,1,2023-06-25,competitor
12,9,3,Loyal,0.39577114850107914,0,,
13,2,1,Churned,0.6996311281782132,1,2023-11-22,price
15,2,5,At Risk,0.587786227935793,1,2023-11-27,bad_experience
16,9,3,Churned,0.3458856310125081,0,,
17,5,4,Active,0.31781165474233436,0,,
18,2,2,At Risk,0.49472506526737986,1,2023-11-09,other
19,1,2,Loyal,0.5937103821850571,1,2023-10-22,no_need
20,7,1,At Risk,0.3384918832871694,1,2023-09-02,competitor
22,4,1,New,0.6868974273738555,0,,
23,0,4,At Risk,0.6551030520362944,1,2023-10-05,competitor
25,2,4,New,0.5518359177857461,0,,
26,9,2,At Risk,0.38637794622476096,0,,
27,7,2,New,0.5142398017029974,0,,
28,3,4,Active,0.6287825000211937,1,2023-10-02,competitor
29,6,5,Churned,0.45826622119717403,1,2023-07-06,other
32,9,1,Loyal,0.33429355924021914,0,,
33,1,2,At Risk,0.5264898728944767,0,,
34,6,3,Churned,0.30959424443227035,0,,
35,4,1,Loyal,0.4402880851986468,0,,
36,4,2,Loyal,0.39047571080621396,0,,
37,5,3,New,0.5591054497333655,0,,
38,8,1,Active,0.5117542423018748,0,,
39,5,8,Active,0.4502217832595339,1,2023-11-03,price
40,7,1,Churned,0.5016691810550756,0,,
41,6,4,Active,0.3983021141625095,0,,
42,8,4,At Risk,0.2494605640220831,0,,
43,3,2,Active,0.6585962622772022,1,2023-12-10,price
44,1,1,Churned,0.6294228668398375,0,,
46,6,2,Active,0.49491781523740863,1,2023-08-11,price
47,5,6,At Risk,0.3542160640381128,0,,
48,0,2,New,0.7675371045122944,1,2023-07-23,price
49,10,2,Churned,0.31280985860637023,1,2023-11-17,competitor
51,8,5,New,0.340673755139183,0,,
53,8,5,New,0.20434180918548,1,2023-08-18,no_need
54,1,4,New,0.5748672257923004,1,2023-09-06,competitor
55,2,3,Loyal,0.5762271268873999,0,,
56,4,2,Loyal,0.4635090721027775,0,,
58,4,4,New,0.5702436529583665,1,2023-10-25,no_need
59,0,1,Churned,0.8094174853778054,1,2023-07-14,no_need
61,7,3,At Risk,0.36840522808563253,0,,
62,7,2,At Risk,0.3550078006610287,0,,
63,3,4,Active,0.5903855680014112,0,,
65,6,2,Churned,0.3592228618853097,0,,
67,10,1,Loyal,0.21787907877340817,0,,
69,9,5,New,0.15142762151798694,0,,
70,2,1,Active,0.5296708152245001,0,,
72,5,1,At Risk,0.5222221641175446,1,2023-06-30,price
73,9,2,Loyal,0.25382840902484005,0,,
74,9,1,Loyal,0.4125937803404869,0,,
75,8,5,New,0.34347289351012633,0,,
76,0,2,At Risk,0.6855050017860062,1,2023-08-13,bad_experience
78,4,5,Churned,0.4282108203569907,1,2023-11-19,other
80,3,1,Loyal,0.6926140612464325,1,2023-09-25,bad_experience
81,7,3,New,0.42242568832501337,0,,
82,10,1,Churned,0.2678815310079146,1,2023-11-02,no_need
83,0,1,At Risk,0.7254221655783776,1,2023-08-23,bad_experience
84,8,1,Loyal,0.3190678022060658,1,2023-08-12,no_need
85,5,2,Churned,0.4321940727754768,1,2023-07-04,competitor
86,3,4,Churned,0.6392850457158834,0,,
87,8,1,Churned,0.33596105506679896,0,,
88,10,1,Loyal,0.3745755889295346,0,,
89,4,2,Loyal,0.44960466144425704,0,,
90,4,3,Active,0.5995336347514528,1,2023-10-05,competitor
91,4,1,At Risk,0.5175332112475919,1,2023-08-24,price
92,0,1,New,0.6866722686616774,0,,
93,0,1,Churned,0.7484649432665468,1,2023-10-30,other
94,7,1,Active,0.4670279427787337,0,,
95,7,4,New,0.37476909744929493,0,,
96,5,4,Active,0.4533136671015602,0,,
97,10,1,Loyal,0.2780467234300522,0,,
98,3,3,Churned,0.5136025558346354,0,,
99,1,8,New,0.5916916941185776,1,2023-07-26,competitor
100,1,1,New,0.727817530916779,0,,
102,8,1,New,0.3432822533808987,1,2023-06-07,other
103,4,2,New,0.5653687654257352,0,,
104,3,3,New,0.6358190625281591,1,2023-12-13,price
105,9,1,Active,0.42948192583594724,0,,
106,0,3,Churned,0.5460582007056805,1,2023-07-21,other
107,6,1,Loyal,0.47728155502250524,1,2023-10-14,competitor
108,2,2,Loyal,0.5788159588847687,0,,
109,5,3,Loyal,0.40912582800456593,1,2023-12-01,competitor
111,4,3,Loyal,0.48783003497575084,0,,
112,4,1,Active,0.5499084433499697,1,2023-12-22,bad_experience
113,10,6,At Risk,0.09439976214898296,0,,
114,4,1,Churned,0.4991388195230174,1,2023-07-28,bad_experience
115,0,2,New,0.6034455363205868,1,2023-08-24,bad_experience
116,0,1,At Risk,0.6873148853107,1,2023-08-08,other
117,2,3,Loyal,0.4886141854310763,1,2023-06-08,competitor
118,9,5,At Risk,0.156950360927878,1,2023-12-11,price
119,3,2,Churned,0.47915321375875314,1,2023-10-30,no_need
120,4,3,New,0.5785466966048662,0,,
121,1,1,New,0.7592598352161323,0,,
122,7,1,Churned,0.4305240493564362,0,,
123,10,1,Churned,0.4194537584946909,0,,
124,10,1,Loyal,0.25816640453019596,1,2023-11-17,competitor
125,1,1,New,0.706052285299808,1,2023-07-24,bad_experience
126,8,3,At Risk,0.24073121888660276,0,,
127,1,2,Active,0.7183501723873474,1,2023-10-22,bad_experience
128,8,3,Active,0.23764538937296315,0,,
129,6,1,Churned,0.3679650397446108,0,,
130,7,3,Loyal,0.31336105751704885,0,,
131,10,3,Active,0.35023377233675584,0,,
132,1,2,New,0.5423642704816108,1,2023-10-10,other
133,6,3,Churned,0.36766756717388493,1,2023-07-29,bad_experience
134,5,2,At Risk,0.42910374825304815,1,2023-09-02,other
135,3,2,Churned,0.6304115685242228,0,,
137,6,4,At Risk,0.37538134994500616,1,2023-07-16,price
138,3,1,Churned,0.6328917624036708,1,2023-09-02,bad_experience
139,1,2,Churned,0.6110957514582188,0,,
140,9,2,Churned,0.32786425378421724,0,,
141,6,3,At Risk,0.300610181004358,1,2023-09-07,other
142,7,1,At Risk,0.4135073595350337,0,,
143,1,3,Churned,0.6987764594349885,0,,
144,4,5,Active,0.5127668907955605,1,2023-06-13,bad_experience
145,0,4,Loyal,0.755457261036655,1,2023-07-07,other
146,6,4,Loyal,0.4669798843440358,1,2023-11-29,competitor
147,7,2,Loyal,0.3828774287229435,1,2023-11-24,other
148,5,3,At Risk,0.49407011442488574,0,,
149,4,2,At Risk,0.5839784189220723,0,,
150,5,1,Active,0.46742091498033533,0,,
151,1,3,Loyal,0.5000044726538961,0,,
152,0,2,Loyal,0.651461816999637,1,2023-08-14,no_need
153,6,2,Churned,0.3461682905256288,1,2023-07-28,price
154,6,3,At Risk,0.3543102799406255,0,,
155,9,1,Loyal,0.47671137386853335,1,2023-06-19,competitor
156,10,1,Active,0.4117706483056296,0,,
157,9,4,Active,0.2981159586419151,0,,
158,1,2,Loyal,0.6103141766330932,1,2023-10-24,price
159,1,2,At Risk,0.5760825900519629,1,2023-12-05,competitor
160,0,3,Active,0.6678645699296666,1,2023-10-23,bad_experience
161,9,4,Churned,0.2832900624182232,1,2023-10-17,other
162,7,1,Active,0.5151952020953833,1,2023-10-21,bad_experience
163,7,2,New,0.5020050471910144,0,,
165,0,3,New,0.6072343253325048,1,2023-12-17,price
166,10,1,At Risk,0.25157427768919854,0,,
167,7,1,Loyal,0.4206999039864263,1,2023-09-16,price
168,8,4,At Risk,0.29938532560330106,1,2023-10-23,competitor
170,3,2,At Risk,0.4399675723710906,0,,
171,0,2,At Risk,0.7654241330498807,1,2023-08-29,price
172,0,3,At Risk,0.7738980846668738,1,2023-09-28,other
173,2,3,Churned,0.6758021731778807,0,,
174,4,1,Churned,0.6551662448717276,0,,
175,4,1,Active,0.6881500758648853,0,,
176,8,1,New,0.5069521079937216,1,2023-06-05,price
177,9,3,At Risk,0.3370919051858294,1,2023-12-06,bad_experience
178,1,2,Active,0.551689162193042,0,,
179,1,2,New,0.549087530834217,0,,
180,5,2,Loyal,0.3621949366408382,0,,
181,8,1,Churned,0.38295771679690416,1,2023-10-10,other
182,0,4,New,0.712206019272501,1,2023-07-26,price
183,8,2,Loyal,0.35257398619972763,0,,
184,8,2,New,0.3215804264278956,0,,
186,8,1,Churned,0.3073089660496875,1,2023-12-20,no_need
187,4,3,Churned,0.37793832727264703,1,2023-09-12,no_need
188,8,2,Active,0.32979478585590183,1,2023-07-18,bad_experience
189,10,1,At Risk,0.2249813450459331,0,,
190,3,4,New,0.41588704318449565,1,2023-07-18,competitor
191,1,2,New,0.6088371062426615,0,,
192,5,3,Loyal,0.45071086412567907,0,,
194,3,3,Churned,0.45167072174362877,0,,
195,5,3,New,0.49615892156510927,1,2023-11-10,competitor
196,2,3,Churned,0.5496730001707028,1,2023-09-17,price
198,5,2,New,0.372980634434679,1,2023-11-08,other
200,1,1,Active,0.7192585311406788,0,,
201,1,5,At Risk,0.5492362046737848,1,2023-09-08,competitor
202,8,1,New,0.29308036926906655,1,2023-06-21,no_need
203,6,2,Churned,0.546995394916798,1,2023-09-10,competitor
204,2,1,Active,0.6627992392764175,1,2023-06-05,no_need
205,10,1,New,0.3194300922576593,0,,
207,0,2,Loyal,0.7647843487134587,0,,
208,7,1,At Risk,0.5541851073284312,0,,
209,5,1,New,0.4550804670415528,0,,
210,6,2,Active,0.5125361254187568,1,2023-12-09,competitor
212,8,1,Loyal,0.48776998169356633,0,,
213,4,1,Active,0.4536006986693998,1,2023-12-14,bad_experience
214,0,1,Active,0.7779860287945682,1,2023-10-27,other
215,9,2,Loyal,0.20574197044989426,0,,
216,6,3,Active,0.4336683115974752,1,2023-08-28,price
217,4,5,Loyal,0.5073091942846685,0,,
218,2,3,New,0.5367646720877425,1,2023-08-13,no_need
220,8,4,Loyal,0.4101968741644145,0,,
222,0,1,Loyal,0.8001279267418681,0,,
223,0,4,At Risk,0.7414899284053491,1,2023-09-30,competitor
224,0,1,Loyal,0.6787223816577456,1,2023-12-28,price
225,2,5,Loyal,0.42538195001545276,0,,
226,5,3,New,0.527865316749388,0,,
227,9,3,At Risk,0.22074433899911022,0,,
228,10,2,Churned,0.26678901014176387,0,,
229,2,6,New,0.6171874358231505,1,2023-11-07,no_need
230,7,2,New,0.32403379466882265,0,,
231,9,5,Churned,0.21797719069658092,0,,
233,1,6,Loyal,0.5626271394415902,1,2023-10-24,no_need
234,8,1,Active,0.3479562125413602,0,,
235,2,2,At Risk,0.5853303557507072,1,2023-07-28,bad_experience
236,4,2,Active,0.39239916112363166,1,2023-09-06,competitor
237,9,2,Churned,0.2430469931878318,1,2023-08-18,price
239,7,4,New,0.43813833991574386,0,,
241,1,1,New,0.6633704896282503,0,,
242,5,1,At Risk,0.5591014419354849,1,2023-10-30,competitor
243,4,2,New,0.4480719819088856,0,,
244,9,2,New,0.35246966611216646,0,,
245,8,1,At Risk,0.5299934669115642,0,,
246,4,1,At Risk,0.5888219098492012,1,2023-06-05,competitor
247,1,2,Churned,0.6670896406604773,1,2023-10-05,other
249,4,2,New,0.41787995611549933,0,,
250,3,2,New,0.5308453679164962,1,2023-11-28,no_need
251,10,2,Churned,0.3651812246207224,1,2023-09-04,no_need
252,6,1,Loyal,0.5685679934145831,1,2023-12-18,other
253,5,5,Loyal,0.43059977759033047,0,,
254,1,5,Loyal,0.6858635374344433,1,2023-11-30,other
256,10,3,Churned,0.1607342545514295,0,,
257,10,1,New,0.3645473511653813,1,2023-10-11,competitor
258,4,1,Churned,0.5022208941255488,1,2023-12-14,no_need
259,6,3,Churned,0.4463903512763092,0,,
261,10,3,Loyal,0.14684992227629895,0,,
263,6,1,Active,0.5959022737762347,1,2023-09-30,price
264,4,3,New,0.5615830098976231,0,,
265,8,1,Loyal,0.33024039122397275,1,2023-11-16,bad_experience
266,3,1,Active,0.6393191421430093,1,2023-09-06,other
268,10,5,Active,0.2897864101343678,0,,
269,2,1,At Risk,0.5723614554573403,1,2023-10-13,price
270,3,1,New,0.5033325769284942,0,,
272,4,2,Active,0.4779449415239249,1,2023-08-29,price
273,5,3,Loyal,0.358938585298808,0,,
274,2,2,At Risk,0.6114279262760574,1,2023-10-07,competitor
275,1,1,New,0.6660287273933538,0,,
277,3,4,Churned,0.5056060845252264,1,2023-07-22,other
278,4,1,Loyal,0.5757158693353018,1,2023-09-06,price
279,3,1,Active,0.7255130364856504,1,2023-06-26,bad_experience
280,10,3,Active,0.32315891660027724,1,2023-09-29,price
281,2,2,Loyal,0.6273678737457128,1,2023-12-08,bad_experience
282,7,2,Active,0.360926403619834,0,,
283,9,3,At Risk,0.1717673382842413,1,2023-06-12,bad_experience
284,3,1,New,0.5091319026796879,1,2023-08-09,bad_experience
285,1,5,At Risk,0.642716812634846,1,2023-08-23,other
286,1,1,Active,0.6523009820604807,0,,
287,0,1,Churned,0.6836093589606612,1,2023-06-19,bad_experience
288,3,3,New,0.6272445896477122,0,,
289,9,6,New,0.2539843654855856,0,,
291,8,1,Loyal,0.5048942643532774,0,,
292,10,2,Loyal,0.3716596276005499,0,,
293,6,1,Churned,0.3800453229286387,1,2023-12-25,other
294,9,1,New,0.47634074460838394,1,2023-10-10,price
295,6,1,Churned,0.37923872090188937,0,,
296,6,5,Loyal,0.5008765288118032,1,2023-09-04,bad_experience
297,7,1,Loyal,0.43315372939984753,0,,
298,0,1,New,0.7902151689386442,0,,
300,9,1,At Risk,0.4165360917974634,1,2023-12-27,no_need
301,9,1,Active,0.36962374358113215,0,,
302,7,4,Loyal,0.3848637047089108,0,,
303,3,2,Loyal,0.6674795453747987,1,2023-06-05,price
304,3,1,At Risk,0.71183787266581,0,,
305,3,3,At Risk,0.5685815125647716,1,2023-09-29,no_need
306,5,2,Churned,0.5144296697336314,1,2023-10-06,no_need
308,6,1,Churned,0.42173467334795955,0,,
309,5,1,Active,0.6071558736795309,1,2023-07-24,competitor
310,0,1,Active,0.7581508332505192,1,2023-12-15,other
311,7,1,New,0.5265621979996076,1,2023-12-02,competitor
312,9,2,Churned,0.3544631025719941,0,,
313,10,2,Loyal,0.22483000650790375,0,,
314,6,1,Churned,0.40737035068270333,0,,
315,5,1,Loyal,0.41924146105578886,0,,
316,5,1,At Risk,0.5464987330650317,0,,
318,4,5,Churned,0.41101283937718375,1,2023-12-23,other
319,5,2,At Risk,0.5076273786477036,0,,
320,8,3,Active,0.21966411122094293,0,,
321,9,2,Active,0.2839157662514068,0,,
322,8,1,New,0.3451383038424439,0,,
323,9,2,Churned,0.28258351950027827,0,,
324,7,3,At Risk,0.25857085743914676,0,,
325,9,1,Loyal,0.4210453547083617,0,,
326,8,2,Active,0.2591743332857433,0,,
327,9,2,Active,0.19360065658703832,0,,
328,7,1,Loyal,0.5565722753473333,1,2023-11-27,competitor
329,7,1,At Risk,0.3682190955912624,0,,
330,0,4,At Risk,0.7170153246113653,1,2023-06-18,price
331,9,1,Churned,0.4811176499392811,1,2023-08-03,no_need
334,10,1,Churned,0.3335302998921905,1,2023-10-16,price
335,4,3,New,0.4965295400118866,0,,
336,3,1,Active,0.5718543112458524,1,2023-06-23,other
337,1,1,Churned,0.6663987161938488,0,,
338,7,3,At Risk,0.36551884923833505,0,,
339,2,2,Loyal,0.5080236009301574,0,,
340,3,2,At Risk,0.5211841809850898,1,2023-09-28,no_need
341,6,1,Active,0.5640271106523613,1,2023-09-23,no_need
342,9,5,At Risk,0.1855995298953681,0,,
344,8,3,New,0.3874633117385289,1,2023-08-21,other
346,1,6,Active,0.6157537929241905,1,2023-12-13,price
347,2,1,Loyal,0.5343244438206648,1,2023-11-27,no_need
348,3,4,New,0.3956072171094201,1,2023-09-04,price
349,9,5,Active,0.22813211564458727,0,,
350,0,4,Loyal,0.6830425692829603,0,,
354,6,1,New,0.44260448184016543,0,,
356,1,2,New,0.6769333251501235,1,2023-11-22,price
357,4,1,Active,0.6063645357569953,1,2023-12-15,price
358,0,1,Churned,0.8016386556560672,1,2023-06-26,no_need
359,2,3,New,0.46987140367596125,1,2023-12-15,bad_experience
360,1,2,New,0.654282222796866,1,2023-09-07,competitor
361,0,2,Loyal,0.5656242798933286,1,2023-11-18,other
363,6,3,At Risk,0.3289867850683345,1,2023-12-14,price
364,4,2,Active,0.4713752257140356,0,,
365,0,4,Active,0.6868473101073664,0,,
367,5,1,Churned,0.6434694937510204,0,,
369,4,3,Churned,0.45063020359647765,1,2023-12-08,no_need
370,2,1,Active,0.6502861213506711,0,,
371,6,3,Churned,0.3497638988556089,0,,
372,10,1,Loyal,0.3688724051524037,1,2023-12-23,other
373,9,3,Active,0.2566464669876116,0,,
374,8,4,Churned,0.3103990433595694,1,2023-08-05,bad_experience
375,8,1,Active,0.42195321896265725,0,,
376,8,3,At Risk,0.3765605824768192,1,2023-09-12,bad_experience
377,1,3,New,0.5000129153224383,0,,
378,2,2,Active,0.6087252734466485,1,2023-12-08,no_need
379,6,2,New,0.417791024453609,0,,
380,4,4,Churned,0.38344127161991676,1,2023-10-19,price
381,1,1,New,0.6120091670828405,1,2023-11-26,bad_experience
384,2,1,Active,0.7409725227750344,1,2023-06-05,bad_experience
385,9,3,At Risk,0.38294400227505926,0,,
386,5,5,Churned,0.3083325636059187,0,,
387,6,2,Active,0.48235037280906307,0,,
389,8,2,Churned,0.36854682828433855,0,,
390,0,1,Loyal,0.8349539607868122,1,2023-11-22,bad_experience
391,10,3,New,0.35200142775560395,0,,
392,6,3,Loyal,0.42989047821309057,0,,
393,7,4,Active,0.2647387303296259,0,,
394,2,2,At Risk,0.5849537559173251,1,2023-11-11,no_need
396,3,4,Churned,0.5712910917322513,1,2023-11-11,other
397,9,3,New,0.4029341587724679,0,,
398,5,3,Churned,0.41595735143814566,1,2023-11-25,competitor
399,9,1,Active,0.436167868988388,0,,
400,6,1,Churned,0.530835188320431,1,2023-12-01,no_need
401,3,6,New,0.39243033714270836,0,,
402,7,3,Active,0.384494212571572,1,2023-06-19,price
403,4,3,Churned,0.4108772083848465,0,,
404,0,1,At Risk,0.7708873230444412,0,,
405,3,3,Active,0.5575212117351598,1,2023-06-20,no_need
406,2,1,Active,0.7632620229084583,1,2023-10-28,no_need
407,8,3,At Risk,0.4388456662812024,1,2023-07-01,competitor
408,7,2,Loyal,0.27234320839972026,0,,
409,0,1,New,0.6200073575429249,0,,
410,10,2,Loyal,0.3422835778573903,1,2023-09-13,competitor
411,5,3,Churned,0.49641076824401925,1,2023-12-07,competitor
413,8,1,At Risk,0.4802363996292228,1,2023-07-14,other
414,6,1,Loyal,0.4267037306670809,0,,
415,3,3,Active,0.6173306921906191,1,2023-12-13,no_need
416,0,2,Churned,0.660604867997034,1,2023-12-12,price
417,1,1,Churned,0.6254771211686104,0,,
418,4,3,Loyal,0.3676519368962231,0,,
419,10,2,Loyal,0.36784100870489844,0,,
420,4,4,At Risk,0.4838359623100431,1,2023-09-09,competitor
422,7,4,New,0.47384552093799814,0,,
424,5,1,Loyal,0.5786703473918149,0,,
425,7,1,Loyal,0.3401042858724447,1,2023-08-28,competitor
426,1,1,Active,0.7070477966005356,1,2023-07-19,no_need
427,2,1,Churned,0.524281134955837,0,,
429,5,2,New,0.48944546355323304,1,2023-07-29,price
431,9,1,Active,0.3275504157747702,0,,
432,2,2,At Risk,0.6308239586796914,1,2023-10-10,competitor
435,5,6,At Risk,0.42825069441871055,0,,
436,5,1,Loyal,0.4653375808536221,0,,
437,1,2,Loyal,0.550587652276456,0,,
438,6,2,At Risk,0.4111778715854374,0,,
439,1,1,Loyal,0.8067090787124013,1,2023-09-25,no_need
440,5,2,New,0.4589246601373179,0,,
441,0,3,Loyal,0.7121967844555729,1,2023-11-14,bad_experience
442,2,3,Churned,0.45924338140134274,0,,
443,1,3,Loyal,0.5797164411043509,1,2023-10-13,other
444,6,1,Active,0.5050807592997509,0,,
445,3,2,New,0.6177991283321205,0,,
446,7,2,Active,0.402095914329265,0,,
447,5,2,Active,0.4788238864501953,1,2023-12-16,no_need
448,9,1,Churned,0.43097672814929233,0,,
449,3,1,New,0.558321929329725,0,,
450,4,4,New,0.3726526302178481,0,,
451,8,1,New,0.3667876177543514,1,2023-11-24,competitor
452,6,1,New,0.3997490588623587,0,,
453,9,3,New,0.4064860510333584,0,,
455,8,2,Churned,0.3743778868691729,1,2023-08-28,price
456,6,2,Loyal,0.42165010783190465,0,,
457,0,2,Active,0.7780129695391419,1,2023-06-15,bad_experience
458,7,2,New,0.4950903468417758,0,,
459,3,1,Loyal,0.5839243197685524,1,2023-06-07,price
460,2,2,Loyal,0.6886818405624526,1,2023-11-22,price
461,6,3,Active,0.30100648328575313,0,,
462,2,2,Churned,0.6914297863331368,1,2023-09-24,price
464,7,1,At Risk,0.3976458821388579,1,2023-12-13,no_need
466,5,2,At Risk,0.4912805710851553,1,2023-09-06,no_need
467,4,1,Loyal,0.5074221458180977,0,,
468,3,1,Active,0.7261998892923348,0,,
469,7,3,At Risk,0.26294499583407005,1,2023-09-26,other
470,7,2,Loyal,0.38173882169516277,0,,
471,0,3,Churned,0.6802470387083903,0,,
472,8,2,At Risk,0.3839030630843226,0,,
473,4,3,Loyal,0.5496895974412109,0,,
474,3,4,Loyal,0.5711038315805108,1,2023-11-20,bad_experience
475,5,2,New,0.5482856763000759,0,,
476,5,5,Churned,0.3585718523724229,1,2023-09-16,price
477,1,5,New,0.5526266233504737,1,2023-09-14,competitor
478,7,2,Active,0.36550827899506816,1,2023-10-25,price
481,6,2,New,0.5489599152275355,0,,
482,0,1,New,0.7023279642713022,0,,
484,4,1,At Risk,0.49546730267616923,0,,
485,5,3,Loyal,0.4830861065979377,1,2023-07-17,bad_experience
488,3,2,Churned,0.536816728706307,1,2023-07-23,price
489,1,2,New,0.5725200157789371,0,,
490,3,3,Churned,0.5837838686145502,1,2023-11-02,no_need
491,0,2,New,0.5979813216619322,1,2023-10-11,no_need
492,6,1,Active,0.5183385101648371,1,2023-07-30,bad_experience
493,1,3,New,0.5926326774342693,1,2023-08-16,other
494,1,1,At Risk,0.639791791082668,0,,
496,8,1,Loyal,0.5164955668718253,1,2023-08-01,price
497,4,5,Active,0.42110187695369494,1,2023-07-29,bad_experience
498,1,2,New,0.5968768435374922,0,,
499,10,2,Churned,0.3676595910332927,1,2023-12-06,competitor
500,8,4,Active,0.2222608407188733,0,,
501,8,3,Active,0.23201718741151528,0,,
502,0,2,New,0.6206769460211257,1,2023-07-26,competitor
503,10,4,Active,0.25790898081861496,0,,
504,2,2,Churned,0.5660750400275346,0,,
505,3,1,Active,0.6321386202089188,1,2023-08-17,other
506,6,5,Churned,0.2999376577611087,1,2023-07-17,no_need
507,9,1,New,0.30536271219183675,0,,
508,3,3,Loyal,0.5462905834531179,1,2023-11-23,bad_experience
510,1,2,Active,0.5642873005646831,1,2023-10-16,price
511,6,5,Loyal,0.36570115762261124,1,2023-11-07,bad_experience
512,5,3,Churned,0.4681619692479224,0,,
513,2,4,Active,0.6734127255702287,1,2023-12-10,other
514,5,1,At Risk,0.41997166446939826,1,2023-06-24,bad_experience
516,10,4,Loyal,0.22510349464272622,1,2023-06-29,other
517,5,2,Active,0.4490677401855327,1,2023-10-13,other
518,4,3,Loyal,0.5710603123627944,1,2023-09-03,other
519,3,2,Active,0.6550742797571085,1,2023-10-23,bad_experience
520,9,1,New,0.4667532921328412,1,2023-09-02,competitor
521,0,2,Loyal,0.6437848282603985,1,2023-06-25,price
522,9,2,At Risk,0.26616378672387053,1,2023-07-06,other
523,5,1,At Risk,0.5122843126137712,0,,
524,1,2,Churned,0.5959965764929508,1,2023-12-06,no_need
525,2,4,Active,0.6097127451420485,1,2023-08-10,other
526,7,6,Loyal,0.2662499050145385,0,,
527,9,1,Churned,0.4046710210184703,0,,
529,5,1,Loyal,0.6317468832761253,0,,
531,2,1,Active,0.5899783924240275,1,2023-11-10,bad_experience
532,6,3,At Risk,0.45422265414720614,1,2023-09-28,other
534,3,1,New,0.5158902803893446,1,2023-12-29,no_need
537,8,3,At Risk,0.2353459855243148,0,,
538,4,2,Churned,0.41891111951621646,1,2023-12-23,competitor
540,2,1,New,0.5546320424613372,0,,
541,1,1,Churned,0.6140412175773605,1,2023-07-20,bad_experience
542,10,1,Active,0.3407076239004486,0,,
543,1,1,New,0.7517464121538845,1,2023-12-01,bad_experience
545,2,1,Churned,0.551714255927729,0,,
546,1,3,Active,0.7025037351476812,1,2023-10-06,bad_experience
547,3,4,At Risk,0.6006790711075565,0,,
548,1,4,Active,0.6518470066257229,1,2023-12-10,no_need
550,9,4,Loyal,0.2564914498653683,0,,
551,8,3,Active,0.2053893087063815,0,,
552,1,1,Active,0.7436912353250743,1,2023-07-11,bad_experience
554,8,3,Loyal,0.4247465361691099,1,2023-06-25,competitor
556,5,3,Churned,0.40882159404296553,0,,
557,0,1,Churned,0.7794968903052798,1,2023-11-09,price
558,3,2,Active,0.4455119035903204,0,,
559,0,1,Loyal,0.7773737178679107,1,2023-10-14,price
560,5,1,Loyal,0.41707713021222326,1,2023-07-26,other
561,3,1,At Risk,0.6267965839721705,1,2023-08-23,price
563,2,2,Churned,0.6193883214738235,0,,
564,2,3,New,0.5205391386059549,1,2023-11-05,no_need
565,8,2,Churned,0.2497806817691829,0,,
566,5,3,Churned,0.5623336936781093,1,2023-08-07,price
567,8,1,At Risk,0.4138943510041533,0,,
569,4,2,New,0.5349395312809656,0,,
570,1,2,At Risk,0.6637552222576185,1,2023-06-21,no_need
571,7,1,New,0.5427619817315388,1,2023-08-30,no_need
572,4,3,Active,0.3800639111366894,1,2023-06-10,other
573,1,1,New,0.7833219419631333,1,2023-08-26,price
574,3,4,At Risk,0.4499191271528185,0,,
575,8,4,Churned,0.2094875623990869,0,,
576,3,1,New,0.6443164630328329,0,,
577,3,2,New,0.6742439110641708,0,,
578,1,2,Loyal,0.5243105165766491,0,,
579,5,2,Churned,0.4565304545093415,1,2023-07-03,other
580,10,2,Active,0.2824461313359464,0,,
581,1,2,At Risk,0.5730297410258726,0,,
582,6,1,Active,0.605718037288242,1,2023-12-20,bad_experience
585,2,1,Churned,0.680240803650957,1,2023-09-13,competitor
587,2,1,New,0.7310876682116779,1,2023-08-22,price
588,4,3,New,0.4689444204929284,1,2023-12-20,bad_experience
590,2,1,Churned,0.6084889717862045,0,,
592,1,1,New,0.6982894737202731,1,2023-06-04,bad_experience
593,9,2,New,0.29881961065665996,0,,
594,8,2,New,0.40873701378419863,0,,
595,1,1,At Risk,0.6264545225529488,0,,
596,10,2,At Risk,0.26239775777309987,0,,
598,1,1,Loyal,0.783783186823515,1,2023-06-23,other
599,7,1,Active,0.5090269750858324,1,2023-12-14,other
601,8,2,Churned,0.2720175412544736,0,,
602,6,2,Churned,0.5317162073478994,0,,
604,2,4,Churned,0.5772541476112971,0,,
605,8,1,Loyal,0.44982179581812076,0,,
606,2,2,At Risk,0.5435641414623166,0,,
607,4,3,Loyal,0.47538606590891436,0,,
608,8,3,Churned,0.40670311972656276,1,2023-07-23,competitor
609,2,3,Active,0.5276690546907956,1,2023-09-21,competitor
610,6,4,New,0.31126540387754836,0,,
611,0,1,At Risk,0.6945762282458702,1,2023-10-11,competitor
612,3,2,At Risk,0.447304666852347,0,,
613,3,8,Loyal,0.5427974479545664,0,,
615,6,1,At Risk,0.3969364771935495,0,,
616,7,5,Churned,0.29128147676521116,0,,
617,0,1,Churned,0.8202702513884731,0,,
620,4,3,Loyal,0.5001244144891928,0,,
622,6,1,Churned,0.4403346101491189,0,,
623,3,5,Active,0.5169167225037214,1,2023-06-18,competitor
624,3,4,Loyal,0.4445694149079723,0,,
625,3,3,Active,0.4112932824264025,0,,
626,5,2,New,0.5009331197409508,1,2023-06-17,other
627,6,1,Active,0.5385314831961824,1,2023-12-03,no_need
628,1,2,New,0.7299454413614949,0,,
629,4,2,New,0.582970840266181,1,2023-12-12,other
630,3,1,Active,0.7116694251238788,1,2023-09-15,no_need
631,2,1,Loyal,0.7664883688857177,1,2023-09-21,other
632,6,1,Churned,0.5462338619364496,0,,
633,10,1,Churned,0.4169808252075835,0,,
634,5,5,New,0.4684328758070462,1,2023-09-30,other
635,6,1,New,0.40273444780206735,1,2023-12-17,competitor
636,4,1,Loyal,0.4854256065805712,1,2023-12-01,no_need
637,5,1,At Risk,0.4275648640788158,0,,
638,4,3,Active,0.6007436799983809,1,2023-11-15,bad_experience
639,6,2,New,0.47818792445984504,1,2023-08-26,bad_experience
640,1,4,Churned,0.6674774376163812,1,2023-06-02,bad_experience
641,10,3,Loyal,0.20778933420609108,1,2023-09-29,competitor
642,4,2,Active,0.5051054275191894,1,2023-09-11,bad_experience
643,5,2,Loyal,0.3599448829591732,0,,
644,5,1,Active,0.6222518501087744,1,2023-10-27,other
645,4,3,Active,0.5782508573529019,1,2023-11-27,competitor
646,9,4,New,0.3462028337160736,0,,
648,6,4,Loyal,0.2845755169202979,1,2023-10-30,bad_experience
649,9,1,Loyal,0.2835624338943584,0,,
650,7,1,Churned,0.4035426644386153,0,,
652,6,1,Churned,0.425765668835418,1,2023-07-23,competitor
653,4,2,New,0.5996149596327671,1,2023-11-13,other
654,0,2,New,0.598708939550155,1,2023-10-26,competitor
655,4,2,At Risk,0.5230311163347436,0,,
656,9,3,Churned,0.30784527445482807,0,,
657,1,2,Active,0.6162529617906344,1,2023-07-20,bad_experience
658,4,1,Loyal,0.5001719829326148,0,,
659,4,5,New,0.5800735727202829,0,,
660,1,3,Loyal,0.5883498105672555,1,2023-11-14,competitor
661,4,2,Loyal,0.5718274988841662,1,2023-07-30,price
662,3,2,At Risk,0.47601162191405716,0,,
663,0,3,Churned,0.730702792134057,1,2023-09-22,bad_experience
664,2,6,New,0.46683009866555963,1,2023-09-16,other
665,0,3,Loyal,0.6938266558932565,1,2023-07-09,no_need
666,10,4,New,0.23662400036813047,0,,
667,4,1,Active,0.4766392852453566,0,,
668,3,1,At Risk,0.48623729903901924,0,,
669,6,1,Active,0.5926870663454514,0,,
670,4,4,New,0.38142262839113494,0,,
672,9,4,New,0.32623785717172876,0,,
673,3,3,Churned,0.568171239736746,0,,
674,1,1,Loyal,0.6454300106121317,1,2023-08-10,competitor
675,3,2,Loyal,0.4763457248886821,1,2023-10-06,competitor
676,1,4,Active,0.5145820623638537,0,,
677,7,3,At Risk,0.39133196326255976,0,,
678,2,1,Loyal,0.6567303236560115,0,,
681,8,1,Churned,0.498983755087558,1,2023-07-03,bad_experience
682,3,4,Active,0.550000769602984,0,,
683,5,1,Active,0.6048187440201311,1,2023-11-04,bad_experience
684,9,3,Churned,0.1731032656131522,0,,
685,4,5,At Risk,0.5077482867571488,0,,
686,9,1,Churned,0.2984271596074053,1,2023-08-13,price
688,0,2,At Risk,0.6132097399914276,0,,
689,8,4,Churned,0.3701441322723353,1,2023-06-10,other
690,0,2,Churned,0.7483582397062353,1,2023-12-21,competitor
691,7,3,New,0.33793386878463816,0,,
692,8,4,Active,0.3875192042170766,0,,
693,8,2,Churned,0.3409361688380889,0,,
695,0,1,Churned,0.8144113370925953,1,2023-12-12,competitor
696,1,2,Loyal,0.5162259430446482,1,2023-10-09,no_need
697,0,2,Active,0.5708737677037127,1,2023-12-22,competitor
698,9,2,Loyal,0.38408795181692035,0,,
699,1,4,Active,0.626022406957583,0,,
700,9,2,Loyal,0.3297550634088796,0,,
701,7,1,Churned,0.4734947018346434,0,,
702,4,1,Churned,0.6725476568555376,0,,
704,10,3,New,0.28888425785951655,1,2023-09-17,competitor
705,6,2,Loyal,0.471869029164959,0,,
706,1,1,At Risk,0.749867719926557,1,2023-11-06,price
707,7,1,New,0.5366551764099566,1,2023-06-27,no_need
709,10,3,Loyal,0.19047811955958874,0,,
710,5,6,Loyal,0.4470443576654689,0,,
711,7,2,New,0.4159937408881188,1,2023-12-15,competitor
712,0,1,Churned,0.6337123703745856,0,,
713,0,1,Loyal,0.730079243477678,1,2023-06-27,competitor
714,6,4,Churned,0.28738762868511636,0,,
715,7,1,New,0.3662398968505849,0,,
717,2,1,Churned,0.7482407704795452,1,2023-09-19,other
718,4,1,Active,0.4698107953855859,0,,
719,0,1,At Risk,0.7447290749616987,1,2023-06-09,competitor
720,6,2,Loyal,0.3908701739982684,1,2023-06-06,price
721,4,1,At Risk,0.5788283226816531,1,2023-10-12,competitor
722,7,1,Churned,0.3787433856131007,1,2023-06-26,competitor
723,7,1,Loyal,0.4310948636694151,1,2023-07-13,bad_experience
724,8,2,Churned,0.44683335828706516,0,,
725,6,1,Active,0.4540542444548391,0,,
726,10,3,New,0.21325773450023394,0,,
727,0,6,Loyal,0.6043866626745592,1,2023-06-19,competitor
728,2,1,Active,0.5451232110610789,1,2023-06-16,no_need
729,7,2,Active,0.3668367561470137,0,,
730,2,2,Loyal,0.47172506265704145,1,2023-09-13,bad_experience
731,7,1,Churned,0.44584928628723797,0,,
732,0,3,Active,0.7369852697878574,1,2023-06-23,no_need
733,4,1,At Risk,0.5780182759869079,0,,
734,3,4,Active,0.5419312945515049,0,,
735,4,3,Churned,0.3726408428149416,0,,
736,7,5,Churned,0.4348787450290188,0,,
738,9,2,At Risk,0.28625088820006467,1,2023-12-20,no_need
739,3,6,Active,0.6165703130088195,0,,
740,10,1,Churned,0.230116342382565,1,2023-12-25,price
741,3,2,Loyal,0.6661679711963094,1,2023-11-04,competitor
743,2,1,New,0.6785727265840809,0,,
744,6,1,New,0.37308507507264854,0,,
745,2,2,New,0.7129247694591828,0,,
746,2,1,Active,0.5234682670363161,1,2023-11-13,no_need
747,10,1,At Risk,0.38267504217274784,0,,
748,9,3,Churned,0.38738248709702366,0,,
749,4,4,Loyal,0.39395288855753935,0,,
750,4,3,Loyal,0.45083929767445213,0,,
751,5,4,Active,0.45030733513471505,0,,
752,7,3,New,0.4149523214612408,0,,
754,9,2,Active,0.4079689669486486,0,,
755,5,1,At Risk,0.5902676177195765,0,,
758,0,3,At Risk,0.6158327859547343,1,2023-07-29,competitor
759,7,6,Churned,0.41828709580380996,1,2023-07-18,competitor
761,7,3,Churned,0.48651918027175334,1,2023-10-26,price
762,8,3,At Risk,0.26174654531040903,0,,
763,8,2,At Risk,0.24852389836360733,0,,
764,1,5,At Risk,0.5666549329854741,0,,
767,1,4,Active,0.6903492759893879,1,2023-06-21,price
769,2,5,At Risk,0.45757287621979875,0,,
771,0,3,Loyal,0.7464495469705025,1,2023-11-03,no_need
772,3,1,New,0.7280532559340417,1,2023-11-25,no_need
773,3,1,At Risk,0.49350055772078905,0,,
774,8,2,New,0.353814093463871,1,2023-07-03,bad_experience
775,8,1,Active,0.36222137367831253,1,2023-09-22,competitor
776,8,5,New,0.27841996373282774,1,2023-07-10,competitor
777,9,1,Active,0.35290868808657716,0,,
778,6,2,Loyal,0.49492598911279745,1,2023-11-29,price
779,1,5,Active,0.6078249257927941,0,,
780,9,2,Active,0.4303002720541951,1,2023-06-10,price
781,4,1,Churned,0.5231911498098835,1,2023-11-09,no_need
782,3,1,At Risk,0.6153760206206856,1,2023-08-12,bad_experience
783,10,1,At Risk,0.4033321327334243,1,2023-07-06,bad_experience
784,7,1,Loyal,0.41325710424842,0,,
785,1,3,Loyal,0.6013248001527274,0,,
787,5,3,At Risk,0.49624363817130673,0,,
789,4,1,Churned,0.6551860546510766,0,,
790,1,1,At Risk,0.6639203676059572,1,2023-08-14,price
791,10,1,Churned,0.332987618036685,0,,
792,9,3,Loyal,0.4087805713227098,1,2023-12-19,price
793,0,1,New,0.6106172904867511,0,,
794,7,4,Loyal,0.34205717916488615,1,2023-10-13,bad_experience
795,1,3,Loyal,0.6439954627823001,1,2023-09-23,bad_experience
796,6,3,Active,0.28710686439053135,0,,
797,8,1,Active,0.42919662539160364,0,,
798,8,6,Active,0.1869071315228951,0,,
799,7,1,Active,0.5343895991620459,0,,
800,10,5,Churned,0.30177152387714146,0,,
801,9,2,At Risk,0.19806378419964907,0,,
802,8,2,New,0.24220100613934403,1,2023-06-16,no_need
803,1,3,Loyal,0.6734034828904005,1,2023-11-26,bad_experience
804,5,2,Churned,0.4423862231445776,1,2023-12-06,competitor
805,3,7,New,0.5112564469845812,1,2023-11-06,bad_experience
806,3,4,Churned,0.45758206744134594,0,,
807,4,3,Churned,0.4082422190260249,1,2023-11-07,other
811,2,2,Loyal,0.5440192793868904,1,2023-07-15,bad_experience
812,0,1,At Risk,0.661678425055997,1,2023-12-21,price
813,7,3,Active,0.3570768595598336,1,2023-06-27,price
814,4,3,At Risk,0.5516690413219215,0,,
815,2,6,Loyal,0.5513894948388821,0,,
816,9,3,Loyal,0.31729457698492963,0,,
817,6,3,Loyal,0.4025196491145211,0,,
818,6,1,New,0.44118341005070405,0,,
819,0,2,At Risk,0.585877206340122,0,,
820,8,2,At Risk,0.31864136477850025,0,,
821,1,2,Churned,0.6762996540534664,1,2023-06-22,other
822,4,2,Churned,0.5734443557309551,1,2023-10-21,competitor
823,4,5,Churned,0.4572953859770534,0,,
824,7,2,Loyal,0.4312493186457614,0,,
825,7,4,At Risk,0.28263527047106307,0,,
826,6,1,Loyal,0.5750165801809891,0,,
827,6,3,New,0.5014841126691062,1,2023-06-08,bad_experience
828,10,3,Churned,0.20508198181813136,0,,
829,5,4,Loyal,0.4469280598237318,1,2023-12-13,bad_experience
830,5,3,Loyal,0.47666550710380484,0,,
831,10,4,New,0.22810750969616,0,,
832,8,1,Active,0.5077855383894468,1,2023-09-24,other
833,5,2,At Risk,0.5349292366982955,1,2023-10-14,no_need
834,1,2,Active,0.6781276231521832,1,2023-08-26,no_need
835,1,2,Churned,0.6400233053839268,1,2023-09-25,competitor
836,4,2,Loyal,0.41121183248468557,0,,
837,3,2,New,0.4569553444050241,0,,
838,10,3,New,0.1997522155610048,0,,
839,1,2,At Risk,0.5628805670922284,1,2023-06-16,bad_experience
840,2,5,Active,0.6581327429769988,0,,
842,6,3,At Risk,0.38745312966293305,1,2023-11-23,bad_experience
843,7,2,Loyal,0.489151359664688,0,,
844,5,1,At Risk,0.6045199209165579,1,2023-11-09,bad_experience
845,10,2,New,0.3531425681842737,0,,
847,4,2,New,0.44392688128671287,0,,
848,0,1,Churned,0.7118304532502039,1,2023-12-31,price
849,7,3,Churned,0.3244879979117849,0,,
850,2,1,Loyal,0.7626027509597301,1,2023-09-21,no_need
851,5,2,Active,0.5691860753239175,0,,
852,2,3,At Risk,0.5074809152432733,0,,
853,6,3,Loyal,0.3633800902025404,1,2023-07-27,other
854,6,4,Churned,0.40222730939445617,0,,
855,8,1,At Risk,0.3496514462828457,1,2023-10-11,price
856,4,1,Churned,0.6461324916467278,1,2023-07-14,price
857,7,1,At Risk,0.5248078194762028,1,2023-08-10,no_need
858,9,2,Active,0.3710851094573163,0,,
859,9,1,Loyal,0.41232755118901077,0,,
861,7,2,At Risk,0.4068253768737353,0,,
863,0,1,New,0.6867780642770794,0,,
864,4,3,New,0.5742346131933106,1,2023-07-07,bad_experience
865,2,2,At Risk,0.6847080428129432,1,2023-10-02,competitor
866,0,1,At Risk,0.6123773672160419,1,2023-06-28,other
867,3,5,At Risk,0.47965485348101977,1,2023-08-07,no_need
868,7,1,New,0.32665689511255613,1,2023-09-21,competitor
869,2,2,New,0.6798693486749087,1,2023-11-13,no_need
870,9,1,At Risk,0.2842733116305105,0,,
871,1,2,Churned,0.6784666912041332,0,,
872,10,4,Churned,0.19934395442359248,0,,
873,8,2,Active,0.4340163633080413,1,2023-07-16,no_need
874,9,1,Loyal,0.3674217250634411,1,2023-12-18,no_need
876,4,2,Churned,0.47110048111288916,0,,
877,6,5,New,0.34096766681268514,1,2023-09-08,no_need
878,10,3,Churned,0.20673181060539447,0,,
879,10,2,Active,0.34714480422982574,0,,
880,1,1,Active,0.7377788997066684,1,2023-06-26,bad_experience
881,8,4,Loyal,0.2698035268366333,0,,
882,8,2,Churned,0.35255202223590076,1,2023-08-14,price
883,3,7,New,0.3865383463823313,0,,
884,3,2,New,0.6368750670898558,0,,
885,5,3,At Risk,0.3914887023609365,1,2023-12-29,no_need
886,9,2,New,0.4123062854596742,1,2023-11-28,competitor
888,9,2,Loyal,0.3391991732532315,0,,
889,9,1,Loyal,0.3819550405540106,0,,
891,5,4,New,0.3506796855785554,1,2023-12-08,competitor
892,0,2,New,0.5673838398975042,0,,
894,8,2,At Risk,0.3681541452454567,0,,
895,1,1,New,0.6769972808138061,1,2023-09-20,competitor
896,4,3,At Risk,0.3949207583943157,1,2023-08-02,price
897,8,4,At Risk,0.3988969306295467,1,2023-09-20,price
898,3,2,New,0.5343100297939287,0,,
899,10,1,Active,0.2651144500977217,1,2023-11-13,competitor
900,2,4,Active,0.6270680232865973,1,2023-10-21,bad_experience
902,6,1,At Risk,0.5882660391942343,0,,
903,5,3,New,0.40149067579726005,0,,
905,7,2,Active,0.4639874713504118,0,,
906,2,2,New,0.6331299142521284,1,2023-09-07,price
907,4,1,New,0.687431945938523,1,2023-06-09,price
908,9,2,New,0.2409981768528069,0,,
909,3,2,Churned,0.6701697486266135,0,,
910,3,2,New,0.5088180141774724,0,,
911,3,2,Churned,0.5329885745177431,0,,
912,9,3,At Risk,0.2547064535363837,0,,
913,7,1,Active,0.38711267427209395,0,,
914,5,1,Active,0.5733056453575734,0,,
915,2,2,Active,0.6172863301814612,1,2023-08-14,bad_experience
916,9,2,Active,0.26642298642302414,0,,
918,4,1,Active,0.4730531141295691,0,,
919,5,4,Active,0.3893439094333017,0,,
920,4,4,Active,0.44530782792096246,0,,
921,5,4,At Risk,0.40516336078026755,1,2023-06-22,no_need
922,7,4,New,0.3193148834406476,0,,
923,6,3,Loyal,0.29718062655578426,1,2023-12-15,price
925,4,2,Churned,0.5060082769753792,0,,
926,9,1,Loyal,0.44905202431132674,0,,
928,5,1,Loyal,0.44509157296462964,0,,
929,3,6,New,0.40927147871400604,0,,
930,8,2,New,0.3479627638112028,0,,
932,3,2,New,0.5226507530375029,0,,
934,0,3,Active,0.6653201601783877,0,,
935,6,3,At Risk,0.5217685774157473,1,2023-12-01,competitor
936,6,5,Active,0.4502215625832012,0,,
937,3,1,At Risk,0.6517645382953244,0,,
939,2,3,At Risk,0.5489842360984197,0,,
940,7,1,Loyal,0.3918399590954087,1,2023-07-07,competitor
943,4,2,Loyal,0.5250660258239702,1,2023-07-27,bad_experience
944,9,1,At Risk,0.46136088191532065,0,,
945,6,1,At Risk,0.5791856276278429,1,2023-12-05,competitor
946,3,4,Active,0.5013787371873042,0,,
947,3,4,Active,0.4515550883091341,0,,
948,7,2,Loyal,0.3263361125627189,0,,
949,7,1,New,0.3284971041898439,0,,
950,1,1,At Risk,0.7706660615739868,1,2023-09-22,other
951,1,2,Active,0.5762095084583221,0,,
952,2,3,Loyal,0.5347497852515417,1,2023-12-30,competitor
953,2,4,Active,0.6323040352335163,1,2023-10-18,bad_experience
954,0,1,At Risk,0.6300060129432277,0,,
955,2,4,At Risk,0.545308519703575,1,2023-10-13,bad_experience
956,5,1,Churned,0.4305853449803332,0,,
957,7,3,New,0.35546214237783114,0,,
958,9,7,Churned,0.1392848934071832,1,2023-12-11,bad_experience
959,5,2,Loyal,0.4794057065033638,1,2023-09-11,other
960,4,1,Active,0.6389274297678472,0,,
961,3,2,Loyal,0.5990741686977876,0,,
962,2,3,At Risk,0.5722922523943502,0,,
963,3,2,Churned,0.6371896780372888,1,2023-07-11,price
964,6,1,Churned,0.41694699373979827,1,2023-10-30,no_need
966,0,1,Churned,0.8076990712460698,1,2023-10-31,competitor
967,6,2,Loyal,0.37909086989704405,1,2023-12-07,price
968,0,3,At Risk,0.6156215853001905,0,,
969,1,1,Active,0.5921075504151232,0,,
970,3,1,Active,0.5054386890905547,1,2023-12-29,bad_experience
971,0,4,Loyal,0.7430278796963949,1,2023-09-13,price
972,10,2,Churned,0.19749456179624433,0,,
973,10,2,New,0.2333240387654869,0,,
974,10,2,Loyal,0.28228792473748326,1,2023-09-14,price
975,8,2,Loyal,0.31696678315078214,0,,
976,5,1,At Risk,0.6175333208446948,1,2023-07-14,other
977,0,1,Active,0.8251786908616932,1,2023-10-08,bad_experience
978,0,2,Loyal,0.6314976143483801,0,,
979,5,1,Loyal,0.4230069240416784,1,2023-11-17,bad_experience
981,3,4,Churned,0.4425395585017942,1,2023-11-08,competitor
982,3,2,Churned,0.548598230183766,1,2023-10-23,competitor
983,10,5,New,0.17212026055843196,0,,
984,5,3,At Risk,0.43836805938288625,0,,
985,10,2,New,0.3396758749302181,0,,
986,6,2,Churned,0.41515960844392213,1,2023-09-30,competitor
987,8,1,Active,0.3292493640519847,0,,
988,9,3,Churned,0.25449191014623307,0,,
990,4,5,At Risk,0.5257453045371333,0,,
991,8,1,Churned,0.38601553005344447,0,,
992,3,1,At Risk,0.5423844632427596,1,2023-12-08,competitor
993,9,5,At Risk,0.24685290980183297,0,,
994,1,1,At Risk,0.673701671920665,1,2023-10-28,price
995,2,3,At Risk,0.5190943011942621,0,,
996,10,1,At Risk,0.44892127229825973,1,2023-06-01,price
997,0,5,Active,0.6919065047221644,0,,
998,5,2,New,0.5231137467385233,1,2023-09-02,competitor
999,5,2,Loyal,0.5637167461425361,1,2023-12-15,competitor
