customer_id,lifecycle_stage,segment,nps_score,preferred_channel,consent_marketing,last_order_date,total_orders,total_spent,clv_estimate
1,Active,Active,8,email,1,2023-03-03 05:00:00,4,2289.02,4125.29
2,Churned,At Risk,3,whatsapp,1,2023-01-11 11:00:00,2,532.45,1313.37
3,Customer,At Risk,9,in_app,0,2023-03-23 19:00:00,2,349.74,719.36
4,Churned,Loyal,4,whatsapp,1,2023-03-12 20:00:00,2,268.98,437.26
5,Churned,At Risk,1,in_app,1,2023-02-24 15:00:00,5,3117.89,6922.04
6,MQL,New,3,whatsapp,1,2023-02-20 05:00:00,1,222.85,521.12
7,Customer,Loyal,1,phone,1,2023-03-10 02:00:00,2,1764.79,2250.65
8,Customer,New,1,whatsapp,0,2023-03-08 11:00:00,3,1333.9,1841.81
9,Customer,Active,3,phone,1,2023-01-30 22:00:00,2,1138.1799999999998,1596.55
10,Churned,Loyal,5,whatsapp,1,2023-02-22 08:00:00,2,568.47,1175.42
11,Active,Active,6,in_app,0,2023-03-25 04:00:00,3,2028.5700000000002,3944.06
12,Customer,Loyal,9,in_app,1,2023-03-18 09:00:00,3,1239.81,2438.2
13,Churned,Churned,2,in_app,0,2023-02-22 14:00:00,1,29.93,72.34
15,MQL,At Risk,2,sms,1,2023-02-28 01:00:00,5,2588.47,5659.11
16,Active,Churned,9,email,1,2023-03-22 00:00:00,3,1352.03,1729.4
17,MQL,Active,5,in_app,1,2023-03-18 03:00:00,4,2081.6,3302.48
18,Active,At Risk,2,phone,1,2023-03-06 23:00:00,2,1935.29,3308.48
19,Churned,Loyal,1,in_app,1,2023-03-06 22:00:00,2,1178.3600000000001,1949.42
20,Lead,At Risk,7,sms,1,2023-01-18 14:00:00,1,769.59,1567.68
22,Active,New,4,phone,1,2023-01-14 08:00:00,1,809.56,1901.37
23,MQL,At Risk,0,sms,1,2023-03-01 05:00:00,4,2103.54,3215.2
25,Churned,New,2,phone,1,2023-03-17 08:00:00,4,2338.77,4379.65
26,Active,At Risk,9,whatsapp,0,2023-02-21 01:00:00,2,746.3199999999999,1645.76
27,Lead,New,7,email,1,2023-03-14 01:00:00,2,648.59,1091.39
28,Lead,Active,3,email,1,2023-02-17 03:00:00,4,3083.24,4117.25
29,Customer,Churned,6,sms,0,2023-03-22 22:00:00,5,3701.6099999999997,6533.09
32,Customer,Loyal,9,email,1,2023-03-06 13:00:00,1,966.73,1138.14
33,MQL,At Risk,1,sms,1,2023-01-14 01:00:00,2,912.6500000000001,2208.01
34,Active,Churned,6,sms,0,2023-03-13 13:00:00,3,1740.6999999999998,2097.11
35,Active,Loyal,4,sms,1,2023-01-26 07:00:00,1,380.18,651.57
36,Customer,Loyal,4,email,1,2023-01-18 12:00:00,2,1506.6599999999999,2775.02
37,Active,New,5,sms,1,2023-01-28 01:00:00,3,1907.41,4729.28
38,Active,Active,8,email,0,2023-01-14 11:00:00,1,221.72,295.43
39,Lead,Active,5,sms,0,2023-03-22 20:00:00,8,4620.38,5822.62
40,Customer,Churned,7,in_app,1,2023-02-20 00:00:00,1,344.72,383.39
41,Churned,Active,6,sms,1,2023-03-13 11:00:00,4,2198.66,2897.39
42,Customer,At Risk,8,phone,1,2023-03-17 07:00:00,4,1366.0,1898.99
43,Churned,Active,3,sms,1,2023-02-12 14:00:00,2,1809.88,3588.65
44,Lead,Churned,1,whatsapp,0,2023-03-17 23:00:00,1,245.81,346.0
46,MQL,Active,6,sms,1,2023-02-14 10:00:00,2,1799.97,2031.68
47,Active,At Risk,5,phone,1,2023-03-19 10:00:00,6,2502.82,5649.53
48,Lead,New,0,phone,1,2023-02-15 04:00:00,2,594.21,957.77
49,Active,Churned,10,email,1,2023-03-05 12:00:00,2,697.27,1112.27
51,MQL,New,8,in_app,1,2023-03-09 02:00:00,5,2689.0,4096.61
53,MQL,New,8,sms,1,2023-03-11 12:00:00,5,3058.95,7541.91
54,Lead,New,1,email,0,2023-03-08 21:00:00,4,1758.78,2353.53
55,MQL,Loyal,2,in_app,1,2023-03-15 21:00:00,3,1865.46,4397.88
56,Churned,Loyal,4,sms,1,2023-02-15 18:00:00,2,1083.28,2369.7
58,MQL,New,4,whatsapp,1,2023-02-03 04:00:00,4,2480.47,2994.11
59,Active,Churned,0,sms,1,2023-03-12 00:00:00,1,257.06,637.87
61,Active,At Risk,7,phone,1,2023-03-24 18:00:00,3,1877.8700000000001,2779.08
62,Active,At Risk,7,phone,1,2023-03-25 05:00:00,2,1472.2,1822.61
63,Active,Active,3,whatsapp,0,2023-03-05 22:00:00,4,1805.6999999999998,4082.76
65,Churned,Churned,6,email,1,2023-02-07 01:00:00,2,1203.31,2514.13
67,Customer,Loyal,10,in_app,1,2023-02-17 20:00:00,1,601.36,1181.13
69,Lead,New,9,sms,1,2023-03-16 02:00:00,5,2355.29,3105.15
70,Active,Active,2,phone,1,2023-02-01 09:00:00,1,384.72,680.91
72,MQL,At Risk,5,email,1,2023-02-09 10:00:00,1,972.57,2132.63
73,Active,Loyal,9,whatsapp,0,2023-03-16 22:00:00,2,1600.0900000000001,2440.25
74,MQL,Loyal,9,phone,1,2023-01-30 23:00:00,1,668.14,1026.51
75,MQL,New,8,whatsapp,1,2023-03-13 04:00:00,5,3086.67,3408.91
76,Active,At Risk,0,sms,0,2023-01-29 03:00:00,2,998.6,1342.06
78,Churned,Churned,4,in_app,1,2023-03-09 10:00:00,5,2871.31,6677.43
80,MQL,Loyal,3,phone,1,2023-02-03 12:00:00,1,413.46,710.51
81,MQL,New,7,phone,0,2023-03-18 17:00:00,3,1286.93,3188.92
82,Active,Churned,10,sms,1,2023-03-10 15:00:00,1,943.87,1561.15
83,MQL,At Risk,0,email,1,2023-02-08 15:00:00,1,541.77,1138.4
84,MQL,Loyal,8,in_app,1,2023-03-05 15:00:00,1,329.94,493.16
85,Active,Churned,5,phone,1,2023-03-10 07:00:00,2,444.78,715.8
86,Active,Churned,3,in_app,1,2023-03-19 19:00:00,4,2324.96,3178.26
87,Lead,Churned,8,phone,1,2023-03-08 04:00:00,1,301.66,478.4
88,Churned,Loyal,10,in_app,1,2023-03-09 09:00:00,1,774.76,1445.8
89,Churned,Loyal,4,whatsapp,1,2023-03-19 02:00:00,2,1580.38,3932.75
90,MQL,Active,4,phone,1,2023-02-21 18:00:00,3,792.0200000000001,1607.71
91,Churned,At Risk,4,in_app,1,2023-02-01 17:00:00,1,889.19,1226.14
92,MQL,New,0,email,1,2023-01-19 00:00:00,1,928.49,1079.78
93,Lead,Churned,0,whatsapp,1,2023-02-13 13:00:00,1,568.56,725.99
94,Active,Active,7,whatsapp,1,2023-01-23 07:00:00,1,571.05,1077.9
95,Active,New,7,email,1,2023-02-28 12:00:00,4,858.46,1863.91
96,Active,Active,5,in_app,1,2023-03-09 08:00:00,4,2284.0499999999997,5519.61
97,Churned,Loyal,10,sms,1,2023-02-27 01:00:00,1,455.16,510.76
98,Lead,Churned,3,email,1,2023-03-21 04:00:00,3,1235.42,2263.12
99,Churned,New,1,in_app,0,2023-02-07 19:00:00,8,5832.0,10259.74
100,Churned,New,1,email,1,2023-01-24 04:00:00,1,631.11,1273.88
102,Lead,New,8,email,1,2023-03-17 18:00:00,1,73.54,138.51
103,Lead,New,4,phone,1,2023-02-10 17:00:00,2,1023.3,2109.9
104,Lead,New,3,in_app,1,2023-02-26 01:00:00,3,1834.83,3708.77
105,Lead,Active,9,sms,1,2023-02-07 18:00:00,1,152.65,192.92
106,Active,Churned,0,phone,0,2023-03-02 06:00:00,3,1371.8700000000001,3045.01
107,Customer,Loyal,6,email,1,2023-02-15 02:00:00,1,338.6,430.88
108,Customer,Loyal,2,email,1,2023-03-22 03:00:00,2,1328.12,2759.76
109,Lead,Loyal,5,email,1,2023-03-13 00:00:00,3,1268.46,2134.32
111,Customer,Loyal,4,in_app,1,2023-02-18 02:00:00,3,1204.81,2192.02
112,Customer,Active,4,in_app,1,2023-01-12 18:00:00,1,252.79,597.75
113,Lead,At Risk,10,phone,1,2023-03-15 14:00:00,6,5231.16,12271.45
114,Customer,Churned,4,sms,1,2023-03-07 08:00:00,1,428.17,961.24
115,Churned,New,0,phone,1,2023-03-12 06:00:00,2,921.19,1671.23
116,MQL,At Risk,0,whatsapp,1,2023-01-16 09:00:00,1,695.74,1482.44
117,MQL,Loyal,2,email,1,2023-03-03 20:00:00,3,2339.61,4253.54
118,Lead,At Risk,9,email,1,2023-02-27 15:00:00,5,1860.5,4311.61
119,Active,Churned,3,email,1,2023-03-11 02:00:00,2,1313.42,2185.38
120,Lead,New,4,phone,1,2023-03-09 12:00:00,3,1777.8400000000001,4370.52
121,Active,New,1,phone,1,2023-02-14 21:00:00,1,481.86,1158.99
122,MQL,Churned,7,email,1,2023-02-05 02:00:00,1,83.56,178.67
123,Lead,Churned,10,phone,1,2023-01-08 23:00:00,1,159.65,238.07
124,Churned,Loyal,10,in_app,1,2023-01-09 15:00:00,1,804.57,1033.32
125,Customer,New,1,in_app,1,2023-01-19 12:00:00,1,618.13,1419.59
126,Active,At Risk,8,phone,1,2023-02-17 11:00:00,3,2072.84,2759.83
127,Customer,Active,1,email,0,2023-03-02 05:00:00,2,911.32,2092.36
128,Customer,Active,8,phone,1,2023-03-13 07:00:00,3,1734.83,3100.26
129,Lead,Churned,6,phone,1,2023-01-01 21:00:00,1,702.1,1171.93
130,Customer,Loyal,7,phone,1,2023-03-14 22:00:00,3,856.47,2025.1
131,Churned,Active,10,whatsapp,1,2023-03-21 05:00:00,3,1610.64,3133.33
132,Customer,New,1,in_app,1,2023-02-24 21:00:00,2,1613.1,3076.6
133,Lead,Churned,6,sms,1,2023-03-02 01:00:00,3,1530.79,2881.36
134,Churned,At Risk,5,sms,0,2023-03-01 03:00:00,2,1500.45,2430.18
135,MQL,Churned,3,whatsapp,1,2023-01-13 21:00:00,2,1002.11,2204.54
137,Customer,At Risk,6,phone,1,2023-03-20 02:00:00,4,1457.05,2118.43
138,Lead,Churned,3,whatsapp,1,2023-02-11 22:00:00,1,532.86,1286.57
139,MQL,Churned,1,whatsapp,1,2023-02-22 00:00:00,2,635.5,1494.43
140,MQL,Churned,9,email,1,2023-03-24 15:00:00,2,1537.27,2417.31
141,Active,At Risk,6,in_app,0,2023-03-22 14:00:00,3,1875.9,3979.25
142,Churned,At Risk,7,sms,1,2023-03-23 21:00:00,1,283.16,538.72
143,Customer,Churned,1,phone,1,2023-02-25 15:00:00,3,1400.28,2202.23
144,Lead,Active,4,sms,1,2023-03-06 20:00:00,5,3651.19,9069.3
145,Active,Loyal,0,sms,1,2023-02-25 18:00:00,4,2090.27,2373.15
146,Churned,Loyal,6,in_app,1,2023-03-24 01:00:00,4,1779.9099999999999,2587.46
147,Active,Loyal,7,sms,1,2023-03-10 08:00:00,2,596.33,1090.15
148,Churned,At Risk,5,sms,1,2023-03-16 08:00:00,3,2051.05,3754.93
149,Churned,At Risk,4,whatsapp,1,2023-03-15 08:00:00,2,383.17,737.41
150,Customer,Active,5,in_app,1,2023-01-19 13:00:00,1,721.83,1553.63
151,Churned,Loyal,1,email,1,2023-03-10 06:00:00,3,1181.51,2330.96
152,Active,Loyal,0,phone,0,2023-03-20 23:00:00,2,1207.71,2343.43
153,Churned,Churned,6,sms,1,2023-03-13 16:00:00,2,680.87,799.97
154,Customer,At Risk,6,phone,1,2023-03-16 19:00:00,3,1243.31,2023.04
155,Customer,Loyal,9,email,1,2023-01-17 11:00:00,1,553.6,788.81
156,Active,Active,10,phone,1,2023-03-05 09:00:00,1,712.84,1048.96
157,MQL,Active,9,email,1,2023-02-28 05:00:00,4,1789.99,3358.15
158,MQL,Loyal,1,whatsapp,1,2023-03-11 22:00:00,2,1176.6,1622.89
159,Churned,At Risk,1,sms,0,2023-03-20 22:00:00,2,977.97,1478.23
160,Lead,Active,0,email,1,2023-01-25 00:00:00,3,1583.97,2268.12
161,Churned,Churned,9,phone,1,2023-03-21 23:00:00,4,2564.1,6225.39
162,Active,Active,7,sms,1,2023-03-08 01:00:00,1,718.94,1741.66
163,Active,New,7,whatsapp,1,2023-01-30 14:00:00,2,493.9,965.04
165,Active,New,0,sms,0,2023-03-09 18:00:00,3,1080.27,2586.52
166,Active,At Risk,10,email,1,2023-02-11 10:00:00,1,83.9,184.59
167,Active,Loyal,7,whatsapp,1,2023-02-01 16:00:00,1,213.52,411.22
168,Customer,At Risk,8,phone,1,2023-03-14 06:00:00,4,2832.07,3140.79
170,MQL,At Risk,3,whatsapp,1,2023-03-22 08:00:00,2,656.9100000000001,1433.06
171,Active,At Risk,0,whatsapp,1,2023-03-21 07:00:00,2,961.4799999999999,2003.23
172,Lead,At Risk,0,in_app,1,2023-03-17 15:00:00,3,716.46,1405.23
173,Lead,Churned,2,whatsapp,1,2023-02-21 03:00:00,3,1521.91,3294.32
174,Lead,Churned,4,whatsapp,1,2023-01-31 06:00:00,1,40.53,73.69
175,Lead,Active,4,sms,0,2023-03-07 03:00:00,1,224.71,468.68
176,Customer,New,8,phone,1,2023-01-17 21:00:00,1,242.72,584.77
177,Lead,At Risk,9,sms,0,2023-03-05 04:00:00,3,1494.01,2429.45
178,Active,Active,1,sms,0,2023-03-08 08:00:00,2,809.96,1693.93
179,Churned,New,1,email,1,2023-03-04 18:00:00,2,1092.4099999999999,1929.16
180,Lead,Loyal,5,sms,1,2023-03-04 23:00:00,2,1058.76,2164.27
181,Customer,Churned,8,in_app,1,2023-01-16 04:00:00,1,625.49,1356.09
182,Customer,New,0,in_app,1,2023-03-09 19:00:00,4,1269.1499999999999,1476.83
183,Lead,Loyal,8,email,1,2023-03-21 10:00:00,2,860.14,1724.79
184,Churned,New,8,phone,1,2023-02-11 23:00:00,2,1288.33,1826.13
186,Lead,Churned,8,phone,1,2023-01-30 08:00:00,1,742.69,1513.64
187,Customer,Churned,4,sms,1,2023-03-24 16:00:00,3,953.73,1674.43
188,MQL,Active,8,sms,1,2023-03-21 02:00:00,2,1203.77,2627.8
189,Active,At Risk,10,sms,1,2023-01-22 10:00:00,1,336.9,428.79
190,Customer,New,3,phone,1,2023-02-02 17:00:00,4,1445.9,2858.33
191,Lead,New,1,whatsapp,1,2023-02-02 19:00:00,2,1421.13,2117.28
192,Active,Loyal,5,in_app,1,2023-02-16 23:00:00,3,1929.53,4426.68
194,Lead,Churned,3,whatsapp,1,2023-03-07 04:00:00,3,651.85,1564.27
195,Lead,New,5,whatsapp,1,2023-02-13 11:00:00,3,1327.02,3310.86
196,MQL,Churned,2,phone,1,2023-02-27 07:00:00,3,1472.2400000000002,3260.14
198,Active,New,5,whatsapp,1,2023-02-26 05:00:00,2,503.91,1086.04
200,Active,Active,1,email,1,2023-03-18 23:00:00,1,715.13,1002.4
201,MQL,At Risk,1,sms,1,2023-03-16 18:00:00,5,2804.93,4404.89
202,Customer,New,8,email,1,2023-03-03 17:00:00,1,807.41,1414.55
203,Lead,Churned,6,in_app,1,2023-02-03 15:00:00,2,821.1800000000001,1792.42
204,Churned,Active,2,sms,1,2023-01-23 11:00:00,1,216.92,516.48
205,Lead,New,10,whatsapp,1,2023-02-12 11:00:00,1,860.04,1173.78
207,Lead,Loyal,0,in_app,0,2023-02-10 10:00:00,2,1297.94,3103.78
208,Customer,At Risk,7,sms,1,2023-01-12 00:00:00,1,587.1,1217.57
209,Lead,New,5,whatsapp,0,2023-03-12 07:00:00,1,555.65,1086.34
210,MQL,Active,6,email,1,2023-03-04 08:00:00,2,1154.33,1592.72
212,MQL,Loyal,8,sms,1,2023-02-17 16:00:00,1,67.18,79.12
213,Active,Active,4,whatsapp,1,2023-02-03 14:00:00,1,219.95,416.99
214,Churned,Active,0,email,1,2023-02-14 22:00:00,1,979.52,1970.91
215,Lead,Loyal,9,in_app,1,2023-03-06 07:00:00,2,729.89,1018.27
216,Lead,Active,6,in_app,1,2023-03-18 12:00:00,3,1670.0,3137.99
217,Customer,Loyal,4,in_app,0,2023-03-17 03:00:00,5,1610.05,3701.65
218,MQL,New,2,in_app,1,2023-03-01 11:00:00,3,1589.07,3605.75
220,Churned,Loyal,8,phone,0,2023-02-02 03:00:00,4,2793.55,6699.76
222,Active,Loyal,0,sms,1,2023-03-07 09:00:00,1,825.74,1331.29
223,MQL,At Risk,0,sms,1,2023-03-20 11:00:00,4,893.98,1381.44
224,Active,Loyal,0,phone,1,2023-02-07 03:00:00,1,875.28,1881.15
225,Customer,Loyal,2,whatsapp,1,2023-02-25 19:00:00,5,1715.07,2921.72
226,Customer,New,5,whatsapp,1,2023-03-25 07:00:00,3,1802.29,2203.42
227,Lead,At Risk,9,in_app,1,2023-03-15 18:00:00,3,622.52,931.24
228,Churned,Churned,10,email,0,2023-02-27 20:00:00,2,1671.2600000000002,2817.77
229,Active,New,2,whatsapp,0,2023-03-17 13:00:00,6,2631.5,3972.31
230,MQL,New,7,email,0,2023-01-31 04:00:00,2,898.77,1406.65
231,Customer,Churned,9,sms,1,2023-02-26 19:00:00,5,2645.61,3998.27
233,Lead,Loyal,1,email,1,2023-02-17 21:00:00,6,3709.76,4296.27
234,Lead,Active,8,sms,1,2023-01-06 20:00:00,1,288.73,575.13
235,Active,At Risk,2,phone,1,2023-03-12 18:00:00,2,1214.51,2351.55
236,Customer,Active,4,phone,1,2023-02-23 11:00:00,2,745.56,1502.11
237,Churned,Churned,9,in_app,1,2023-03-12 12:00:00,2,322.83,442.03
239,Customer,New,7,whatsapp,1,2023-03-23 08:00:00,4,2979.11,4510.12
241,Active,New,1,in_app,1,2023-01-04 09:00:00,1,26.26,51.67
242,Active,At Risk,5,sms,1,2023-02-06 18:00:00,1,45.67,88.58
243,Customer,New,4,in_app,1,2023-02-19 22:00:00,2,1229.76,2224.47
244,Active,New,9,email,1,2023-03-16 11:00:00,2,1764.1599999999999,2806.04
245,Customer,At Risk,8,sms,0,2023-03-23 02:00:00,1,119.35,283.83
246,MQL,At Risk,4,phone,1,2023-01-17 20:00:00,1,385.79,607.88
247,Customer,Churned,1,whatsapp,1,2023-01-22 17:00:00,2,307.87,535.04
249,Customer,New,4,sms,1,2023-02-14 19:00:00,2,411.95,844.23
250,Active,New,3,sms,1,2023-03-19 20:00:00,2,832.51,1548.66
251,Active,Churned,10,email,0,2023-03-22 11:00:00,2,130.7,207.24
252,Lead,Loyal,6,whatsapp,1,2023-02-01 10:00:00,1,443.44,758.24
253,Lead,Loyal,5,phone,1,2023-02-15 13:00:00,5,2162.99,4785.12
254,MQL,Loyal,1,sms,1,2023-02-28 23:00:00,5,3098.94,4615.5
256,Lead,Churned,10,sms,1,2023-03-11 08:00:00,3,1767.05,2295.68
257,Customer,New,10,email,1,2023-02-15 09:00:00,1,293.69,451.82
258,Active,Churned,4,in_app,1,2023-01-24 20:00:00,1,458.26,1049.12
259,Lead,Churned,6,phone,1,2023-02-22 04:00:00,3,1498.4,1834.92
261,Lead,Loyal,10,whatsapp,1,2023-03-11 05:00:00,3,1923.61,4786.66
263,MQL,Active,6,sms,0,2023-01-11 04:00:00,1,724.82,1346.28
264,MQL,New,4,sms,1,2023-03-09 05:00:00,3,1256.17,3113.77
265,Customer,Loyal,8,phone,1,2023-01-29 04:00:00,1,498.48,1203.63
266,Active,Active,3,in_app,1,2023-03-23 10:00:00,1,971.26,1684.11
268,MQL,Active,10,sms,1,2023-03-19 03:00:00,5,2586.09,3563.34
269,Lead,At Risk,2,phone,1,2023-01-20 20:00:00,1,289.31,385.02
270,Active,New,3,email,1,2023-02-24 09:00:00,1,441.92,634.59
272,Active,Active,4,in_app,1,2023-03-23 05:00:00,2,651.41,1364.17
273,Lead,Loyal,5,whatsapp,1,2023-03-20 20:00:00,3,1124.26,1666.3
274,MQL,At Risk,2,sms,1,2023-03-22 15:00:00,2,998.11,1575.01
275,Lead,New,1,phone,1,2023-03-17 21:00:00,1,318.11,549.79
277,Active,Churned,3,email,1,2023-02-19 05:00:00,4,2140.34,5090.85
278,Churned,Loyal,4,whatsapp,1,2023-03-12 17:00:00,1,856.71,1169.54
279,Churned,Active,3,phone,0,2023-01-28 06:00:00,1,738.94,818.03
280,Customer,Active,10,phone,1,2023-03-11 19:00:00,3,2048.11,2425.24
281,Lead,Loyal,2,whatsapp,1,2023-03-12 13:00:00,2,251.62,595.5
282,Lead,Active,7,email,1,2023-02-18 16:00:00,2,1073.65,2154.3
283,Customer,At Risk,9,email,1,2023-02-28 19:00:00,3,1502.04,2226.41
284,Customer,New,3,in_app,1,2023-01-14 23:00:00,1,60.74,81.88
285,Customer,At Risk,1,sms,0,2023-03-10 13:00:00,5,2581.95,3903.84
286,Active,Active,1,whatsapp,1,2023-03-06 19:00:00,1,786.19,991.16
287,Lead,Churned,0,whatsapp,0,2023-03-14 03:00:00,1,28.86,69.79
288,Active,New,3,whatsapp,1,2023-03-19 11:00:00,3,1473.0700000000002,3237.64
289,Customer,New,9,email,1,2023-03-16 04:00:00,6,3681.66,6433.14
291,Lead,Loyal,8,sms,1,2023-02-24 12:00:00,1,358.96,829.54
292,Active,Loyal,10,in_app,1,2023-03-15 04:00:00,2,1454.3899999999999,2107.76
293,Active,Churned,6,phone,1,2023-03-24 03:00:00,1,94.07,197.92
294,Customer,New,9,phone,1,2023-01-09 02:00:00,1,708.42,1628.36
295,Lead,Churned,6,whatsapp,0,2023-02-25 05:00:00,1,495.88,793.15
296,Customer,Loyal,6,sms,1,2023-03-17 00:00:00,5,3176.23,6862.09
297,Lead,Loyal,7,email,1,2023-03-02 15:00:00,1,849.0,1284.62
298,Churned,New,0,sms,1,2023-01-11 02:00:00,1,508.23,771.7
300,MQL,At Risk,9,sms,1,2023-02-21 04:00:00,1,148.86,186.06
301,MQL,Active,9,email,1,2023-02-01 06:00:00,1,351.5,603.2
302,MQL,Loyal,7,whatsapp,1,2023-03-25 02:00:00,4,3047.87,6466.35
303,Customer,Loyal,3,sms,0,2023-02-15 16:00:00,2,993.51,2400.63
304,Churned,At Risk,3,phone,1,2023-01-11 13:00:00,1,272.53,530.16
305,Lead,At Risk,3,email,1,2023-03-06 16:00:00,3,1124.45,2595.67
306,Active,Churned,5,in_app,1,2023-02-10 23:00:00,2,1294.54,2914.65
308,Lead,Churned,6,whatsapp,1,2023-02-11 08:00:00,1,776.57,1042.69
309,Active,Active,5,email,0,2023-03-03 15:00:00,1,247.74,441.01
310,Lead,Active,0,in_app,1,2023-03-15 19:00:00,1,55.3,69.88
311,Churned,New,7,in_app,1,2023-03-22 06:00:00,1,365.9,751.93
312,Active,Churned,9,sms,0,2023-03-16 03:00:00,2,1082.08,2629.3
313,Customer,Loyal,10,sms,0,2023-03-08 13:00:00,2,767.6,991.68
314,Lead,Churned,6,sms,1,2023-01-19 14:00:00,1,287.17,610.94
315,Lead,Loyal,5,email,1,2023-02-18 21:00:00,1,778.4,1545.23
316,Active,At Risk,5,email,1,2023-02-05 08:00:00,1,808.89,1550.68
318,Customer,Churned,4,whatsapp,1,2023-03-23 01:00:00,5,3448.39,5676.63
319,Customer,At Risk,5,sms,1,2023-03-25 01:00:00,2,1471.29,2349.92
320,Churned,Active,8,in_app,1,2023-02-24 00:00:00,3,1047.8,1218.96
321,Customer,Active,9,phone,1,2023-02-22 18:00:00,2,1692.95,2378.72
322,Customer,New,8,whatsapp,1,2023-02-20 06:00:00,1,526.24,590.05
323,Customer,Churned,9,email,1,2023-01-17 00:00:00,2,1743.11,3336.28
324,MQL,At Risk,7,whatsapp,1,2023-03-24 00:00:00,3,2421.21,3022.14
325,Churned,Loyal,9,whatsapp,0,2023-01-24 14:00:00,1,372.93,866.03
326,Lead,Active,8,whatsapp,1,2023-02-21 06:00:00,2,590.81,1082.6
327,Active,Active,9,whatsapp,1,2023-03-06 02:00:00,2,1628.15,3385.85
328,Lead,Loyal,7,phone,1,2023-03-08 20:00:00,1,603.23,1010.53
329,Churned,At Risk,7,sms,1,2023-02-22 21:00:00,1,904.4,1704.62
330,Active,At Risk,0,in_app,1,2023-03-18 04:00:00,4,2464.97,5964.54
331,Churned,Churned,9,whatsapp,1,2023-01-05 18:00:00,1,44.1,53.62
334,Customer,Churned,10,whatsapp,0,2023-02-23 13:00:00,1,698.64,1016.88
335,Active,New,4,whatsapp,1,2023-03-19 23:00:00,3,1718.51,3766.95
336,Customer,Active,3,sms,1,2023-01-24 18:00:00,1,319.41,395.5
337,Lead,Churned,1,email,1,2023-02-15 06:00:00,1,858.62,1035.43
338,Lead,At Risk,7,email,0,2023-01-13 03:00:00,3,719.09,1154.97
339,Active,Loyal,2,phone,1,2023-03-18 13:00:00,2,444.63,546.47
340,Active,At Risk,3,email,1,2023-03-23 14:00:00,2,1465.12,2811.73
341,Churned,Active,6,whatsapp,1,2023-01-23 16:00:00,1,360.62,510.92
342,Churned,At Risk,9,whatsapp,1,2023-03-13 23:00:00,5,1682.03,3959.46
344,Customer,New,8,whatsapp,1,2023-03-25 03:00:00,3,1247.53,2740.7
346,Active,Active,1,phone,1,2023-03-02 23:00:00,6,3052.8399999999997,6348.65
347,Lead,Loyal,2,whatsapp,1,2023-03-04 11:00:00,1,90.34,177.4
348,Churned,New,3,email,1,2023-02-09 08:00:00,4,1890.51,4364.91
349,Churned,Active,9,sms,0,2023-03-21 18:00:00,5,3837.99,5420.34
350,Lead,Loyal,0,sms,1,2023-02-19 15:00:00,4,2894.35,6721.7
354,Churned,New,6,in_app,1,2023-01-19 01:00:00,1,79.06,174.35
356,Customer,New,1,email,1,2023-03-13 10:00:00,2,1136.23,2439.97
357,Active,Active,4,whatsapp,0,2023-01-23 22:00:00,1,169.37,319.39
358,Lead,Churned,0,sms,1,2023-02-04 20:00:00,1,368.38,532.21
359,Active,New,2,email,1,2023-03-23 13:00:00,3,2251.33,3811.43
360,Churned,New,1,sms,0,2023-03-06 00:00:00,2,1896.17,4192.43
361,Churned,Loyal,0,whatsapp,0,2023-03-05 16:00:00,2,182.16,208.48
363,Lead,At Risk,6,sms,0,2023-03-15 00:00:00,3,1763.3600000000001,3870.35
364,Customer,Active,4,in_app,1,2023-03-21 12:00:00,2,895.67,1286.27
365,MQL,Active,0,in_app,0,2023-03-16 16:00:00,4,922.5,1201.13
367,Lead,Churned,5,sms,0,2023-01-29 13:00:00,1,894.24,1128.51
369,MQL,Churned,4,email,1,2023-02-18 08:00:00,3,1813.69,2064.25
370,MQL,Active,2,email,1,2023-01-20 21:00:00,1,826.16,1514.37
371,Customer,Churned,6,email,0,2023-03-15 05:00:00,3,1852.76,2604.17
372,MQL,Loyal,10,sms,0,2023-03-20 13:00:00,1,790.48,1964.5
373,MQL,Active,9,email,0,2023-02-05 00:00:00,3,922.86,1757.32
374,Customer,Churned,8,whatsapp,1,2023-03-18 20:00:00,4,2646.0299999999997,3421.42
375,MQL,Active,8,in_app,1,2023-01-14 07:00:00,1,847.29,1749.03
376,MQL,At Risk,8,whatsapp,0,2023-03-23 22:00:00,3,1058.22,2494.06
377,MQL,New,1,email,0,2023-03-23 09:00:00,3,1248.39,2675.61
378,Lead,Active,2,whatsapp,1,2023-03-13 18:00:00,2,1469.63,1773.87
379,Lead,New,6,email,1,2023-02-24 17:00:00,2,500.71000000000004,1178.79
380,Lead,Churned,4,sms,1,2023-03-24 21:00:00,4,1758.75,3889.48
381,Customer,New,1,whatsapp,1,2023-03-10 10:00:00,1,494.4,653.41
384,Churned,Active,2,sms,1,2023-01-29 09:00:00,1,388.37,455.36
385,MQL,At Risk,9,sms,1,2023-02-07 21:00:00,3,2420.7799999999997,4551.63
386,MQL,Churned,5,phone,1,2023-03-10 23:00:00,5,2158.75,2846.2
387,Customer,Active,6,email,1,2023-02-02 14:00:00,2,783.34,1776.95
389,MQL,Churned,8,in_app,1,2023-03-23 15:00:00,2,1147.9499999999998,1838.64
390,Lead,Loyal,0,email,0,2023-02-06 07:00:00,1,643.45,1530.16
391,Churned,New,10,in_app,1,2023-03-19 21:00:00,3,1187.7,2247.08
392,Active,Loyal,6,email,0,2023-02-21 00:00:00,3,2297.5299999999997,3114.86
393,MQL,Active,7,sms,1,2023-01-31 10:00:00,4,2623.6400000000003,3398.76
394,Lead,At Risk,2,whatsapp,1,2023-02-17 19:00:00,2,833.85,1590.2
396,Active,Churned,3,whatsapp,1,2023-03-11 03:00:00,4,1683.3400000000001,3647.19
397,Churned,New,9,phone,0,2023-03-21 21:00:00,3,1760.9899999999998,3863.8
398,Active,Churned,5,in_app,1,2023-01-30 10:00:00,3,1777.57,2641.58
399,Lead,Active,9,in_app,1,2023-03-24 10:00:00,1,282.05,390.91
400,Active,Churned,6,in_app,1,2023-01-18 18:00:00,1,37.87,42.55
401,Customer,New,3,sms,1,2023-03-19 15:00:00,6,2992.7200000000003,6137.71
402,Active,Active,7,in_app,1,2023-03-20 16:00:00,3,1275.38,1539.63
403,MQL,Churned,4,whatsapp,1,2023-02-13 19:00:00,3,949.93,1604.49
404,MQL,At Risk,0,sms,1,2023-01-12 02:00:00,1,730.75,1419.38
405,Customer,Active,3,email,1,2023-03-02 22:00:00,3,642.3499999999999,1549.32
406,Lead,Active,2,in_app,0,2023-03-16 01:00:00,1,447.88,688.18
407,MQL,At Risk,8,in_app,1,2023-03-02 18:00:00,3,1374.99,1993.3
408,Churned,Loyal,7,email,1,2023-02-04 22:00:00,2,600.73,1210.97
409,MQL,New,0,in_app,1,2023-02-02 22:00:00,1,518.19,1019.25
410,MQL,Loyal,10,email,1,2023-02-24 19:00:00,2,854.8299999999999,1337.77
411,Lead,Churned,5,sms,1,2023-02-28 11:00:00,3,967.23,2320.72
413,Active,At Risk,8,whatsapp,1,2023-01-27 02:00:00,1,470.6,1074.29
414,MQL,Loyal,6,email,1,2023-03-22 10:00:00,1,416.44,588.67
415,Customer,Active,3,phone,1,2023-02-04 05:00:00,3,1584.9099999999999,2274.03
416,Active,Churned,0,email,1,2023-03-22 16:00:00,2,1130.06,2053.57
417,Churned,Churned,1,in_app,1,2023-01-25 17:00:00,1,359.18,784.09
418,Lead,Loyal,4,sms,1,2023-03-09 06:00:00,3,2124.8,2468.29
419,Churned,Loyal,10,sms,0,2023-02-23 04:00:00,2,1376.19,2849.63
420,Active,At Risk,4,email,1,2023-03-03 01:00:00,4,3012.52,6047.73
422,Active,New,7,whatsapp,1,2023-02-25 11:00:00,4,2119.04,3017.67
424,Active,Loyal,5,phone,1,2023-03-06 21:00:00,1,67.22,138.06
425,Churned,Loyal,7,sms,1,2023-02-18 12:00:00,1,911.43,2202.25
426,Active,Active,1,in_app,1,2023-03-22 02:00:00,1,70.8,82.52
427,Churned,Churned,2,in_app,1,2023-01-25 12:00:00,1,318.59,493.02
429,Active,New,5,whatsapp,0,2023-03-23 20:00:00,2,805.47,1380.13
431,Customer,Active,9,sms,0,2023-03-03 13:00:00,1,414.82,978.55
432,Active,At Risk,2,email,0,2023-03-24 05:00:00,2,1072.3799999999999,2624.29
435,Churned,At Risk,5,in_app,1,2023-03-17 16:00:00,6,2908.15,5007.14
436,MQL,Loyal,5,whatsapp,0,2023-03-03 18:00:00,1,930.64,2000.91
437,Active,Loyal,1,sms,1,2023-02-19 03:00:00,2,1381.04,2547.09
438,MQL,At Risk,6,sms,1,2023-02-09 15:00:00,2,781.3599999999999,1447.78
439,Customer,Loyal,1,sms,1,2023-01-08 20:00:00,1,122.83,182.94
440,Lead,New,5,sms,1,2023-03-25 00:00:00,2,1926.6,2704.44
441,Customer,Loyal,0,sms,1,2023-02-27 00:00:00,3,806.27,1211.99
442,Active,Churned,2,in_app,1,2023-03-12 22:00:00,3,1831.4199999999998,3440.98
443,MQL,Loyal,1,whatsapp,1,2023-03-20 17:00:00,3,1589.03,1812.79
444,MQL,Active,6,sms,0,2023-01-19 23:00:00,1,575.97,1365.13
445,Churned,New,3,phone,1,2023-02-01 13:00:00,2,1501.21,1979.79
446,MQL,Active,7,phone,1,2023-02-19 13:00:00,2,1023.6700000000001,1441.45
447,Churned,Active,5,whatsapp,0,2023-02-11 06:00:00,2,550.25,1004.53
448,Lead,Churned,9,email,1,2023-02-26 12:00:00,1,836.98,1752.77
449,Active,New,3,email,1,2023-02-09 03:00:00,1,736.2,908.49
450,Churned,New,4,email,1,2023-03-22 05:00:00,4,1336.82,2065.08
451,Lead,New,8,phone,1,2023-02-01 23:00:00,1,920.55,2261.0
452,MQL,New,6,email,1,2023-03-09 16:00:00,1,527.6,774.14
453,MQL,New,9,in_app,0,2023-01-23 10:00:00,3,1453.67,2236.14
455,Lead,Churned,8,sms,1,2023-03-14 11:00:00,2,901.3299999999999,2047.01
456,MQL,Loyal,6,phone,1,2023-02-02 08:00:00,2,1505.98,1762.45
457,Lead,Active,0,whatsapp,1,2023-02-08 19:00:00,2,358.59999999999997,627.71
458,Churned,New,7,whatsapp,1,2023-03-07 22:00:00,2,485.77,792.52
459,Churned,Loyal,3,sms,1,2023-02-23 16:00:00,1,289.87,447.33
460,Lead,Loyal,2,phone,1,2023-03-01 22:00:00,2,349.12,523.67
461,Churned,Active,6,email,1,2023-02-07 15:00:00,3,1625.67,1996.2
462,Churned,Churned,2,email,0,2023-03-02 13:00:00,2,1330.65,2050.21
464,Churned,At Risk,7,in_app,1,2023-01-09 18:00:00,1,122.48,142.11
466,Customer,At Risk,5,in_app,1,2023-03-19 01:00:00,2,1335.0,2928.12
467,Active,Loyal,4,email,0,2023-03-16 09:00:00,1,894.71,1483.0
468,MQL,Active,3,whatsapp,1,2023-02-20 07:00:00,1,25.4,43.73
469,Customer,At Risk,7,whatsapp,1,2023-03-09 20:00:00,3,2060.08,4843.31
470,Churned,Loyal,7,in_app,1,2023-02-18 03:00:00,2,1076.29,2175.48
471,Lead,Churned,0,sms,0,2023-03-11 01:00:00,3,2257.67,2508.91
472,Churned,At Risk,8,email,1,2023-01-07 04:00:00,2,1200.68,2906.18
473,Active,Loyal,4,in_app,1,2023-01-12 20:00:00,3,1948.71,2790.56
474,Churned,Loyal,3,in_app,1,2023-02-17 10:00:00,4,2348.38,2937.02
475,Lead,New,5,email,0,2023-03-04 09:00:00,2,1586.46,3451.15
476,Active,Churned,5,email,1,2023-03-14 17:00:00,5,1476.56,2658.79
477,Churned,New,1,whatsapp,1,2023-03-23 00:00:00,5,2792.7200000000003,4767.95
478,Active,Active,7,sms,1,2023-03-17 17:00:00,2,887.66,1286.49
481,MQL,New,6,sms,1,2023-02-11 11:00:00,2,1440.47,2688.58
482,MQL,New,0,email,1,2023-03-16 17:00:00,1,344.93,511.92
484,Churned,At Risk,4,phone,1,2023-01-29 23:00:00,1,472.25,1115.56
485,Active,Loyal,5,in_app,0,2023-03-18 19:00:00,3,1169.33,1638.57
488,Lead,Churned,3,in_app,1,2023-02-09 05:00:00,2,560.0799999999999,1309.52
489,Churned,New,1,email,0,2023-03-19 07:00:00,2,1131.58,2130.95
490,MQL,Churned,3,phone,1,2023-03-20 18:00:00,3,1013.37,2290.1
491,MQL,New,0,whatsapp,0,2023-03-16 12:00:00,2,794.25,1666.32
492,Churned,Active,6,email,1,2023-01-31 01:00:00,1,190.63,395.63
493,Active,New,1,email,1,2023-03-22 01:00:00,3,1544.65,2400.52
494,MQL,At Risk,1,in_app,1,2023-03-12 19:00:00,1,961.41,1372.37
496,Active,Loyal,8,email,0,2023-01-31 21:00:00,1,802.74,1120.02
497,MQL,Active,4,email,1,2023-03-21 16:00:00,5,3477.58,7998.67
498,MQL,New,1,email,1,2023-03-20 06:00:00,2,763.97,1717.86
499,Customer,Churned,10,in_app,1,2023-01-26 05:00:00,2,956.9200000000001,1642.84
500,MQL,Active,8,whatsapp,1,2023-03-11 15:00:00,4,2117.1,2721.25
501,Lead,Active,8,whatsapp,1,2023-03-16 21:00:00,3,1381.8000000000002,2259.45
502,Churned,New,0,email,1,2023-03-07 05:00:00,2,1175.26,2311.83
503,Churned,Active,10,in_app,1,2023-02-25 20:00:00,4,2156.5699999999997,3744.16
504,Active,Churned,2,whatsapp,1,2023-02-20 16:00:00,2,837.0,1834.93
505,MQL,Active,3,whatsapp,1,2023-02-02 18:00:00,1,843.89,2106.92
506,Lead,Churned,6,whatsapp,1,2023-03-11 16:00:00,5,2512.56,3436.14
507,Active,New,9,in_app,0,2023-03-16 15:00:00,1,599.31,1044.9
508,Customer,Loyal,3,in_app,0,2023-02-16 16:00:00,3,2214.52,3772.16
510,Active,Active,1,email,0,2023-01-12 19:00:00,2,1737.77,2652.34
511,Active,Loyal,6,sms,1,2023-02-22 01:00:00,5,2849.16,3924.24
512,MQL,Churned,5,whatsapp,1,2023-03-15 12:00:00,3,1368.86,1631.64
513,Customer,Active,2,sms,1,2023-02-23 22:00:00,4,1970.29,4614.35
514,Active,At Risk,5,in_app,1,2023-03-10 16:00:00,1,789.49,1332.49
516,Lead,Loyal,10,in_app,0,2023-03-21 17:00:00,4,1909.9699999999998,3429.64
517,Lead,Active,5,in_app,1,2023-02-27 11:00:00,2,1029.94,2455.09
518,Churned,Loyal,4,sms,1,2023-02-18 14:00:00,3,1808.39,3954.6
519,Customer,Active,3,in_app,1,2023-03-20 01:00:00,2,491.09000000000003,629.92
520,Customer,New,9,email,0,2023-02-13 03:00:00,1,967.78,1830.64
521,Churned,Loyal,0,in_app,1,2023-03-12 09:00:00,2,471.34,810.31
522,Active,At Risk,9,phone,1,2023-02-27 10:00:00,2,766.4499999999999,1698.53
523,Customer,At Risk,5,sms,1,2023-03-10 21:00:00,1,378.37,799.85
524,Lead,Churned,1,phone,1,2023-03-17 20:00:00,2,431.89,892.53
525,Lead,Active,2,in_app,1,2023-02-17 15:00:00,4,1979.48,3121.17
526,MQL,Loyal,7,email,1,2023-03-20 21:00:00,6,3609.2200000000003,8037.55
527,Customer,Churned,9,whatsapp,1,2023-03-21 14:00:00,1,323.59,379.68
529,Active,Loyal,5,in_app,1,2023-03-04 12:00:00,1,688.96,911.82
531,Churned,Active,2,email,1,2023-02-01 20:00:00,1,819.63,1286.71
532,Churned,At Risk,6,sms,1,2023-03-11 04:00:00,3,1554.47,1877.07
534,Active,New,3,phone,1,2023-02-14 02:00:00,1,825.2,1179.2
537,MQL,At Risk,8,phone,1,2023-03-19 00:00:00,3,1106.6799999999998,2503.54
538,Churned,Churned,4,phone,1,2023-03-19 09:00:00,2,1238.0500000000002,3005.43
540,Customer,New,2,sms,1,2023-02-05 10:00:00,1,828.55,1264.73
541,MQL,Churned,1,email,1,2023-01-04 20:00:00,1,550.44,809.32
542,Customer,Active,10,sms,0,2023-02-11 14:00:00,1,507.86,757.65
543,Lead,New,1,phone,1,2023-02-19 23:00:00,1,972.1,1447.27
545,MQL,Churned,2,in_app,1,2023-01-25 08:00:00,1,880.41,1012.74
546,Churned,Active,1,whatsapp,1,2023-03-22 09:00:00,3,1031.47,2473.14
547,MQL,At Risk,3,sms,1,2023-02-23 21:00:00,4,2685.42,3757.38
548,MQL,Active,1,sms,1,2023-03-16 06:00:00,4,1880.19,3173.77
550,MQL,Loyal,9,email,1,2023-03-01 02:00:00,4,1636.8,1822.68
551,MQL,Active,8,email,1,2023-02-09 11:00:00,3,2024.93,4659.64
552,Customer,Active,1,sms,1,2023-03-12 10:00:00,1,182.43,387.41
554,Lead,Loyal,8,phone,1,2023-02-26 11:00:00,3,1024.9299999999998,2485.93
556,Active,Churned,5,whatsapp,1,2023-02-03 05:00:00,3,1296.24,2844.29
557,MQL,Churned,0,email,1,2023-01-05 07:00:00,1,86.0,132.37
558,Churned,Active,3,phone,1,2023-03-14 20:00:00,2,1855.5900000000001,2685.08
559,MQL,Loyal,0,in_app,1,2023-02-21 16:00:00,1,21.53,44.71
560,Churned,Loyal,5,email,0,2023-01-22 03:00:00,1,729.85,1174.88
561,Customer,At Risk,3,phone,1,2023-03-06 01:00:00,1,389.77,737.72
563,Churned,Churned,2,phone,0,2023-02-11 17:00:00,2,901.61,999.67
564,Active,New,2,whatsapp,1,2023-01-29 10:00:00,3,1483.3899999999999,1760.25
565,Lead,Churned,8,whatsapp,0,2023-02-08 11:00:00,2,697.4000000000001,1289.85
566,Churned,Churned,5,in_app,0,2023-02-04 08:00:00,3,1748.78,3309.57
567,Churned,At Risk,8,phone,1,2023-03-03 08:00:00,1,510.61,1098.85
569,Lead,New,4,phone,1,2023-03-18 05:00:00,2,1391.0,1787.09
570,Active,At Risk,1,whatsapp,1,2023-01-19 15:00:00,2,1000.9599999999999,1820.2
571,MQL,New,7,email,1,2023-03-19 05:00:00,1,280.02,384.25
572,Churned,Active,4,email,1,2023-02-24 02:00:00,3,1365.32,1679.99
573,Lead,New,1,sms,1,2023-02-15 05:00:00,1,191.38,320.5
574,Customer,At Risk,3,whatsapp,1,2023-02-24 20:00:00,4,1710.46,2272.64
575,Lead,Churned,8,sms,1,2023-03-04 00:00:00,4,2060.55,2906.39
576,Customer,New,3,whatsapp,1,2023-03-14 21:00:00,1,993.39,1534.37
577,Active,New,3,in_app,1,2023-03-23 16:00:00,2,1060.6399999999999,1551.87
578,MQL,Loyal,1,phone,1,2023-02-10 14:00:00,2,837.19,1023.57
579,Lead,Churned,5,in_app,1,2023-03-09 01:00:00,2,1234.5700000000002,1513.44
580,Churned,Active,10,whatsapp,1,2023-02-17 18:00:00,2,1003.48,1375.32
581,Active,At Risk,1,phone,1,2023-02-23 08:00:00,2,1096.15,1283.35
582,Lead,Active,6,email,1,2023-02-19 07:00:00,1,122.14,241.48
585,Churned,Churned,2,email,1,2023-03-24 09:00:00,1,655.53,984.77
587,Lead,New,2,sms,1,2023-01-12 09:00:00,1,914.12,1363.54
588,Customer,New,4,whatsapp,1,2023-03-13 19:00:00,3,1082.59,1694.03
590,Lead,Churned,2,whatsapp,1,2023-03-07 01:00:00,1,444.07,900.54
592,Lead,New,1,email,1,2023-03-18 11:00:00,1,820.44,1902.51
593,Lead,New,9,in_app,1,2023-03-11 20:00:00,2,1059.8000000000002,2292.05
594,Active,New,8,phone,1,2023-03-20 10:00:00,2,1296.27,2746.2
595,Lead,At Risk,1,in_app,1,2023-02-18 10:00:00,1,132.63,235.84
596,Churned,At Risk,10,in_app,1,2023-02-22 17:00:00,2,774.69,1604.64
598,Customer,Loyal,1,email,1,2023-02-27 08:00:00,1,577.99,1083.08
599,Customer,Active,7,email,1,2023-03-13 20:00:00,1,647.8,908.7
601,Lead,Churned,8,email,0,2023-02-24 22:00:00,2,1200.48,1671.1
602,Active,Churned,6,sms,1,2023-03-04 03:00:00,2,696.24,1054.77
604,Active,Churned,2,in_app,1,2023-03-09 04:00:00,4,3102.15,7367.99
605,Churned,Loyal,8,whatsapp,1,2023-01-26 12:00:00,1,558.54,1042.45
606,Lead,At Risk,2,phone,1,2023-02-23 05:00:00,2,1108.07,2357.38
607,Customer,Loyal,4,sms,1,2023-02-19 16:00:00,3,1575.17,2496.93
608,Active,Churned,8,whatsapp,1,2023-03-22 17:00:00,3,1051.15,1756.26
609,Lead,Active,2,in_app,1,2023-03-09 03:00:00,3,1871.79,2388.01
610,Active,New,6,email,0,2023-03-14 07:00:00,4,2365.21,3168.94
611,Active,At Risk,0,in_app,1,2023-01-11 03:00:00,1,564.26,1274.27
612,Customer,At Risk,3,phone,1,2023-01-28 22:00:00,2,1297.6399999999999,2489.88
613,MQL,Loyal,3,sms,1,2023-03-17 22:00:00,8,3426.9,5388.96
615,Churned,At Risk,6,sms,1,2023-03-20 19:00:00,1,709.63,1578.21
616,Churned,Churned,7,phone,1,2023-03-17 06:00:00,5,1890.86,2732.53
617,Customer,Churned,0,whatsapp,1,2023-01-26 18:00:00,1,123.55,304.73
620,Active,Loyal,4,whatsapp,1,2023-03-21 01:00:00,3,1592.06,2519.82
622,Lead,Churned,6,sms,1,2023-03-03 00:00:00,1,128.78,202.47
623,Active,Active,3,sms,1,2023-03-15 22:00:00,5,2015.41,3097.03
624,Customer,Loyal,3,email,0,2023-03-10 09:00:00,4,2363.6800000000003,3004.13
625,Churned,Active,3,whatsapp,1,2023-02-15 11:00:00,3,1727.33,2168.82
626,Active,New,5,phone,1,2023-01-26 23:00:00,2,843.22,1692.64
627,Churned,Active,6,whatsapp,1,2023-02-28 13:00:00,1,766.56,1782.38
628,Lead,New,1,email,0,2023-01-12 08:00:00,2,1300.31,2869.43
629,Churned,New,4,sms,1,2023-03-20 00:00:00,2,1484.1999999999998,1925.82
630,Churned,Active,3,sms,1,2023-03-05 19:00:00,1,845.86,1576.53
631,MQL,Loyal,2,email,0,2023-02-17 01:00:00,1,832.81,1039.2
632,MQL,Churned,6,phone,1,2023-03-11 23:00:00,1,539.07,627.16
633,MQL,Churned,10,sms,1,2023-01-06 06:00:00,1,798.91,1612.95
634,Churned,New,5,in_app,1,2023-03-14 19:00:00,5,1248.6,2308.93
635,Customer,New,6,sms,1,2023-02-27 12:00:00,1,58.67,71.27
636,Churned,Loyal,4,in_app,1,2023-01-20 22:00:00,1,435.26,500.08
637,Customer,At Risk,5,email,1,2023-02-25 10:00:00,1,58.22,144.72
638,Customer,Active,4,email,1,2023-02-02 04:00:00,3,970.75,1108.63
639,MQL,New,6,sms,1,2023-02-15 17:00:00,2,797.9000000000001,1374.25
640,Active,Churned,1,whatsapp,0,2023-03-04 13:00:00,4,1547.28,2795.11
641,Lead,Loyal,10,in_app,1,2023-03-17 02:00:00,3,1254.98,1586.54
642,MQL,Active,4,phone,1,2023-02-22 16:00:00,2,1131.53,1512.5
643,MQL,Loyal,5,sms,1,2023-03-07 19:00:00,2,1007.44,1604.38
644,Active,Active,5,phone,1,2023-03-07 13:00:00,1,482.84,1046.0
645,Lead,Active,4,sms,1,2023-02-21 05:00:00,3,1407.4299999999998,2547.33
646,Churned,New,9,whatsapp,0,2023-03-14 04:00:00,4,1704.05,3396.28
648,Churned,Loyal,6,whatsapp,1,2023-02-28 03:00:00,4,2696.52,6685.33
649,MQL,Loyal,9,whatsapp,1,2023-01-06 15:00:00,1,443.69,965.12
650,Lead,Churned,7,whatsapp,1,2023-02-22 11:00:00,1,685.1,1170.22
652,MQL,Churned,6,email,1,2023-01-11 15:00:00,1,870.91,1502.34
653,Customer,New,4,email,1,2023-02-02 01:00:00,2,860.47,1691.93
654,MQL,New,0,in_app,1,2023-02-21 19:00:00,2,484.32,983.9
655,MQL,At Risk,4,phone,1,2023-03-19 04:00:00,2,186.41,335.72
656,Churned,Churned,9,sms,1,2023-02-04 11:00:00,3,1786.86,3578.73
657,Churned,Active,1,sms,1,2023-02-01 02:00:00,2,1215.8400000000001,1377.48
658,Churned,Loyal,4,email,1,2023-01-30 19:00:00,1,366.19,623.06
659,Customer,New,4,sms,1,2023-02-03 20:00:00,5,3063.94,4566.84
660,Churned,Loyal,1,email,0,2023-02-28 21:00:00,3,1544.96,1978.85
661,Lead,Loyal,4,in_app,1,2023-03-18 16:00:00,2,1076.6,1334.3
662,Active,At Risk,3,phone,1,2023-03-05 07:00:00,2,774.49,1505.97
663,Lead,Churned,0,in_app,1,2023-02-12 20:00:00,3,1053.49,1931.09
664,Lead,New,2,whatsapp,1,2023-03-15 23:00:00,6,3182.58,4630.71
665,Churned,Loyal,0,whatsapp,1,2023-03-24 04:00:00,3,1576.99,2774.45
666,Active,New,10,whatsapp,1,2023-03-12 21:00:00,4,2036.23,3643.07
667,Active,Active,4,in_app,1,2023-02-13 12:00:00,1,32.36,44.43
668,Active,At Risk,3,sms,1,2023-02-04 23:00:00,1,596.44,1200.59
669,Customer,Active,6,phone,0,2023-02-26 16:00:00,1,210.73,462.19
670,Churned,New,4,whatsapp,1,2023-03-23 23:00:00,4,2413.9700000000003,5330.16
672,Active,New,9,whatsapp,1,2023-02-13 14:00:00,4,1317.58,2560.66
673,Customer,Churned,3,whatsapp,1,2023-03-10 05:00:00,3,1599.49,2905.14
674,MQL,Loyal,1,phone,1,2023-02-09 14:00:00,1,168.22,199.41
675,MQL,Loyal,3,whatsapp,1,2023-01-25 06:00:00,2,930.76,1398.9
676,Customer,Active,1,phone,1,2023-03-15 13:00:00,4,1236.67,1521.82
677,Customer,At Risk,7,whatsapp,1,2023-03-13 15:00:00,3,1274.8899999999999,3122.65
678,Churned,Loyal,2,in_app,1,2023-03-07 10:00:00,1,853.34,1100.05
681,Churned,Churned,8,in_app,1,2023-01-13 09:00:00,1,663.6,870.97
682,MQL,Active,3,phone,1,2023-02-14 00:00:00,4,1914.73,4490.82
683,Active,Active,5,in_app,1,2023-03-01 21:00:00,1,808.35,1957.42
684,MQL,Churned,9,phone,1,2023-01-08 13:00:00,3,2083.29,4525.24
685,Active,At Risk,4,in_app,1,2023-03-14 13:00:00,5,3063.26,3392.77
686,Active,Churned,9,in_app,1,2023-01-17 02:00:00,1,416.06,458.45
688,Churned,At Risk,0,phone,1,2023-03-20 04:00:00,2,1163.22,1895.28
689,Lead,Churned,8,sms,1,2023-03-23 18:00:00,4,1906.17,2479.46
690,Lead,Churned,0,in_app,1,2023-02-22 07:00:00,2,232.62,261.87
691,Customer,New,7,whatsapp,0,2023-02-25 09:00:00,3,1368.29,2394.09
692,Churned,Active,8,sms,1,2023-02-18 15:00:00,4,2281.04,5520.77
693,Active,Churned,8,phone,1,2023-03-15 03:00:00,2,1448.1,2249.4
695,Lead,Churned,0,sms,0,2023-01-28 04:00:00,1,425.85,862.6
696,Active,Loyal,1,email,1,2023-02-28 00:00:00,2,1440.31,2899.53
697,Lead,Active,0,email,1,2023-03-23 04:00:00,2,1285.05,1865.27
698,Lead,Loyal,9,in_app,0,2023-02-05 07:00:00,2,1489.91,2995.61
699,Lead,Active,1,in_app,1,2023-02-16 06:00:00,4,2106.77,2943.72
700,Churned,Loyal,9,whatsapp,1,2023-03-10 14:00:00,2,1008.41,1281.5
701,MQL,Churned,7,sms,1,2023-03-05 23:00:00,1,445.14,926.75
702,Active,Churned,4,email,1,2023-03-14 18:00:00,1,303.11,381.56
704,Churned,New,10,in_app,1,2023-02-10 19:00:00,3,1374.44,3430.15
705,Churned,Loyal,6,sms,1,2023-03-24 06:00:00,2,514.84,698.55
706,Churned,At Risk,1,in_app,1,2023-01-13 04:00:00,1,601.09,1161.18
707,Churned,New,7,in_app,1,2023-03-11 00:00:00,1,157.99,264.78
709,Churned,Loyal,10,email,1,2023-03-10 19:00:00,3,2714.65,3466.45
710,Customer,Loyal,5,email,1,2023-03-24 22:00:00,6,2501.38,2849.03
711,Active,New,7,in_app,1,2023-03-19 14:00:00,2,1831.19,3610.79
712,Churned,Churned,0,phone,1,2023-03-01 04:00:00,1,450.37,1004.08
713,Active,Loyal,0,in_app,1,2023-03-16 23:00:00,1,516.78,1177.65
714,Customer,Churned,6,in_app,1,2023-03-11 21:00:00,4,1843.12,3273.01
715,Customer,New,7,whatsapp,1,2023-02-20 23:00:00,1,517.26,1131.99
717,Active,Churned,2,whatsapp,1,2023-02-09 00:00:00,1,71.21,145.41
718,Lead,Active,4,whatsapp,0,2023-01-29 07:00:00,1,742.61,1569.85
719,MQL,At Risk,0,phone,1,2023-02-15 15:00:00,1,52.53,94.01
720,Lead,Loyal,6,phone,1,2023-01-13 07:00:00,2,1153.71,2292.16
721,Lead,At Risk,4,in_app,1,2023-03-12 04:00:00,1,289.21,644.28
722,Lead,Churned,7,whatsapp,1,2023-03-21 22:00:00,1,836.17,1385.57
723,Churned,Loyal,7,phone,1,2023-03-06 11:00:00,1,718.79,1601.73
724,Customer,Churned,8,email,1,2023-02-21 11:00:00,2,1061.09,2046.66
725,Lead,Active,6,in_app,1,2023-02-24 13:00:00,1,171.37,228.31
726,Customer,New,10,sms,0,2023-03-02 16:00:00,3,2323.3,2635.92
727,Active,Loyal,0,in_app,1,2023-03-20 08:00:00,6,1967.3,3163.13
728,MQL,Active,2,sms,1,2023-01-03 00:00:00,1,94.61,176.48
729,Active,Active,7,whatsapp,1,2023-01-28 16:00:00,2,307.52,699.84
730,Active,Loyal,2,sms,1,2023-02-14 14:00:00,2,666.81,852.5
731,Churned,Churned,7,whatsapp,1,2023-03-14 05:00:00,1,927.67,2059.7
732,MQL,Active,0,email,1,2023-02-20 08:00:00,3,772.0,1781.94
733,Active,At Risk,4,sms,1,2023-01-30 16:00:00,1,31.87,41.78
734,Active,Active,3,in_app,1,2023-03-11 09:00:00,4,1425.31,3267.14
735,MQL,Churned,4,whatsapp,1,2023-03-09 22:00:00,3,2334.55,5808.44
736,MQL,Churned,7,in_app,1,2023-03-12 03:00:00,5,3180.18,6734.27
738,Active,At Risk,9,phone,1,2023-02-18 18:00:00,2,623.23,1370.28
739,MQL,Active,3,whatsapp,1,2023-03-22 18:00:00,6,2617.92,6524.33
740,Active,Churned,10,sms,1,2023-02-05 14:00:00,1,347.55,676.91
741,Active,Loyal,3,whatsapp,1,2023-02-19 00:00:00,2,1103.6399999999999,1689.72
743,Churned,New,2,in_app,1,2023-01-04 08:00:00,1,517.32,1175.63
744,Lead,New,6,email,1,2023-03-15 17:00:00,1,236.44,463.49
745,Active,New,2,whatsapp,1,2023-01-15 22:00:00,2,294.34000000000003,563.27
746,Customer,Active,2,sms,1,2023-03-10 22:00:00,1,240.87,350.49
747,Lead,At Risk,10,phone,1,2023-02-12 13:00:00,1,291.37,629.03
748,Lead,Churned,9,email,0,2023-03-23 07:00:00,3,985.45,1196.67
749,Lead,Loyal,4,phone,1,2023-03-14 09:00:00,4,2488.14,5956.61
750,Churned,Loyal,4,whatsapp,1,2023-02-16 13:00:00,3,2297.23,3574.84
751,Active,Active,5,in_app,1,2023-03-16 07:00:00,4,2224.5,2844.88
752,Churned,New,7,in_app,1,2023-02-12 15:00:00,3,1173.14,2017.0
754,Active,Active,9,sms,1,2023-02-02 02:00:00,2,634.78,736.0
755,Churned,At Risk,5,in_app,1,2023-02-28 14:00:00,1,398.81,820.94
758,Churned,At Risk,0,email,0,2023-03-16 00:00:00,3,2232.46,5277.06
759,Customer,Churned,7,in_app,1,2023-03-22 12:00:00,6,2051.26,4660.81
761,Churned,Churned,7,sms,1,2023-03-08 22:00:00,3,2120.03,2710.07
762,MQL,At Risk,8,whatsapp,0,2023-03-16 05:00:00,3,2011.7,2568.5
763,Customer,At Risk,8,whatsapp,1,2023-03-04 17:00:00,2,1030.58,2307.27
764,Churned,At Risk,1,in_app,1,2023-02-10 20:00:00,5,2386.24,5712.55
767,Lead,Active,1,phone,0,2023-03-08 19:00:00,4,2705.63,4721.16
769,MQL,At Risk,2,whatsapp,1,2023-03-07 00:00:00,5,1861.79,3348.54
771,MQL,Loyal,0,in_app,0,2023-02-09 17:00:00,3,2026.7,3132.4
772,MQL,New,3,sms,1,2023-02-09 01:00:00,1,430.42,1012.34
773,Customer,At Risk,3,in_app,1,2023-01-02 09:00:00,1,890.97,1784.49
774,Churned,New,8,whatsapp,1,2023-02-12 08:00:00,2,1524.79,2292.6
775,Churned,Active,8,sms,1,2023-03-10 04:00:00,1,468.84,711.84
776,Lead,New,8,in_app,1,2023-03-18 14:00:00,5,4060.4,9532.52
777,Lead,Active,9,email,1,2023-02-22 23:00:00,1,543.29,607.99
778,MQL,Loyal,6,sms,1,2023-03-19 12:00:00,2,1262.54,1959.23
779,Lead,Active,1,email,1,2023-03-15 09:00:00,5,2357.2,4422.34
780,Customer,Active,9,phone,1,2023-01-28 02:00:00,2,595.96,779.22
781,Churned,Churned,4,sms,0,2023-03-22 13:00:00,1,300.04,368.73
782,MQL,At Risk,3,email,1,2023-03-19 22:00:00,1,864.46,1937.59
783,Lead,At Risk,10,whatsapp,0,2023-01-19 21:00:00,1,714.87,1681.49
784,Customer,Loyal,7,whatsapp,1,2023-02-04 18:00:00,1,23.15,52.16
785,Customer,Loyal,1,phone,1,2023-02-22 22:00:00,3,1135.25,2677.26
787,Lead,At Risk,5,sms,1,2023-02-21 10:00:00,3,2082.5699999999997,3903.48
789,Churned,Churned,4,sms,1,2023-02-13 20:00:00,1,861.01,1926.22
790,Lead,At Risk,1,sms,1,2023-01-22 15:00:00,1,86.26,141.26
791,MQL,Churned,10,phone,0,2023-01-21 14:00:00,1,403.09,819.39
792,Lead,Loyal,9,sms,1,2023-01-24 17:00:00,3,1518.8000000000002,3773.26
793,Customer,New,0,whatsapp,1,2023-01-16 20:00:00,1,418.77,592.99
794,Lead,Loyal,7,email,1,2023-03-19 17:00:00,4,2304.26,3792.49
795,Churned,Loyal,1,whatsapp,1,2023-02-07 13:00:00,3,1017.84,1803.68
796,Active,Active,6,whatsapp,1,2023-01-29 06:00:00,3,489.49,633.02
797,Lead,Active,8,email,1,2023-02-11 20:00:00,1,965.19,1171.21
798,Churned,Active,8,whatsapp,1,2023-02-24 11:00:00,6,3089.42,6987.07
799,Churned,Active,7,phone,0,2023-03-02 08:00:00,1,837.46,2066.44
800,Customer,Churned,10,email,0,2023-03-08 07:00:00,5,2778.31,4630.37
801,Churned,At Risk,9,whatsapp,0,2023-02-06 23:00:00,2,1283.17,1568.94
802,Churned,New,8,in_app,1,2023-01-24 05:00:00,2,805.9300000000001,960.78
803,Churned,Loyal,1,whatsapp,1,2023-03-17 10:00:00,3,681.37,1599.75
804,Churned,Churned,5,phone,1,2023-02-15 08:00:00,2,1080.42,1890.02
805,MQL,New,3,sms,1,2023-03-24 17:00:00,7,4513.86,6987.63
806,MQL,Churned,3,whatsapp,1,2023-03-04 05:00:00,4,2207.7,3901.11
807,Customer,Churned,4,sms,1,2023-03-24 23:00:00,3,1321.27,2042.19
811,Lead,Loyal,2,in_app,1,2023-02-28 18:00:00,2,1121.06,2000.7
812,Churned,At Risk,0,whatsapp,0,2023-02-17 12:00:00,1,606.39,1396.75
813,Lead,Active,7,email,1,2023-03-21 03:00:00,3,1418.09,2735.81
814,Lead,At Risk,4,sms,1,2023-03-22 21:00:00,3,1134.6399999999999,2351.56
815,Customer,Loyal,2,in_app,1,2023-03-18 08:00:00,6,3696.54,5953.42
816,Churned,Loyal,9,email,1,2023-01-15 05:00:00,3,1608.06,3431.45
817,Churned,Loyal,6,email,1,2023-03-24 11:00:00,3,910.1099999999999,1850.49
818,Active,New,6,email,1,2023-01-18 04:00:00,1,866.07,1097.65
819,Lead,At Risk,0,email,0,2023-03-15 02:00:00,2,1168.82,2222.74
820,Lead,At Risk,8,whatsapp,1,2023-01-20 18:00:00,2,808.77,1180.35
821,MQL,Churned,1,whatsapp,1,2023-03-14 10:00:00,2,1461.96,3253.93
822,Active,Churned,4,whatsapp,1,2023-03-14 23:00:00,2,946.04,1604.78
823,MQL,Churned,4,in_app,1,2023-03-18 06:00:00,5,3054.13,7612.6
824,MQL,Loyal,7,in_app,1,2023-02-06 16:00:00,2,686.59,844.16
825,MQL,At Risk,7,in_app,1,2023-03-14 02:00:00,4,2071.44,4541.61
826,Customer,Loyal,6,phone,1,2023-01-26 21:00:00,1,627.2,1281.48
827,Customer,New,6,in_app,1,2023-03-20 07:00:00,3,1484.4099999999999,3227.85
828,MQL,Churned,10,whatsapp,1,2023-03-01 20:00:00,3,885.7,1355.6
829,Active,Loyal,5,whatsapp,1,2023-02-14 01:00:00,4,3151.43,5637.52
830,Lead,Loyal,5,phone,1,2023-02-19 14:00:00,3,965.27,2138.18
831,Active,New,10,phone,1,2023-03-07 12:00:00,4,1855.03,2644.45
832,Churned,Active,8,in_app,0,2023-02-24 03:00:00,1,383.75,543.56
833,Customer,At Risk,5,sms,1,2023-03-08 12:00:00,2,1371.88,2567.43
834,Lead,Active,1,phone,1,2023-02-27 09:00:00,2,1564.0,2866.79
835,Lead,Churned,1,email,1,2023-03-08 15:00:00,2,331.93,496.29
836,Churned,Loyal,4,whatsapp,1,2023-02-21 09:00:00,2,1400.3600000000001,2124.77
837,Churned,New,3,email,1,2023-01-24 03:00:00,2,560.12,834.01
838,MQL,New,10,whatsapp,1,2023-03-13 05:00:00,3,996.92,2173.4
839,Customer,At Risk,1,whatsapp,1,2023-01-05 00:00:00,2,1123.81,2261.85
840,Customer,Active,2,phone,0,2023-03-20 05:00:00,5,2980.8,6752.66
842,Active,At Risk,6,phone,1,2023-03-01 00:00:00,3,2091.12,5156.0
843,MQL,Loyal,7,email,1,2023-02-19 12:00:00,2,1351.4,2383.64
844,MQL,At Risk,5,whatsapp,1,2023-02-28 08:00:00,1,866.28,1033.79
845,MQL,New,10,email,1,2023-03-25 06:00:00,2,825.11,963.18
847,MQL,New,4,sms,1,2023-02-20 22:00:00,2,484.19,733.03
848,Customer,Churned,0,email,1,2023-02-12 22:00:00,1,622.99,1498.64
849,Customer,Churned,7,in_app,1,2023-03-16 13:00:00,3,1298.98,2380.38
850,MQL,Loyal,2,email,1,2023-02-11 01:00:00,1,220.78,326.87
851,Active,Active,5,in_app,1,2023-02-24 16:00:00,2,1114.42,1848.64
852,Lead,At Risk,2,in_app,1,2023-02-12 04:00:00,3,1983.96,3844.98
853,Lead,Loyal,6,in_app,1,2023-03-13 08:00:00,3,1229.85,2477.08
854,Active,Churned,6,sms,1,2023-03-11 17:00:00,4,1971.24,2593.14
855,MQL,At Risk,8,email,1,2023-01-08 04:00:00,1,590.33,1456.84
856,Customer,Churned,4,email,1,2023-03-05 02:00:00,1,73.25,136.44
857,Lead,At Risk,7,sms,1,2023-01-01 17:00:00,1,995.01,1283.53
858,Churned,Active,9,whatsapp,0,2023-02-01 19:00:00,2,1129.49,2655.53
859,Churned,Loyal,9,phone,1,2023-02-11 04:00:00,1,873.17,1051.73
861,Active,At Risk,7,email,1,2023-01-22 16:00:00,2,1066.64,2528.82
863,MQL,New,0,phone,1,2023-02-08 04:00:00,1,264.56,660.13
864,Lead,New,4,sms,1,2023-02-13 10:00:00,3,1372.94,2856.55
865,MQL,At Risk,2,whatsapp,1,2023-02-27 14:00:00,2,952.39,2074.9
866,Lead,At Risk,0,whatsapp,1,2023-03-17 19:00:00,1,973.62,1530.75
867,Active,At Risk,3,whatsapp,1,2023-03-11 14:00:00,5,2680.8,6482.73
868,Active,New,7,sms,0,2023-02-22 02:00:00,1,381.67,702.88
869,Churned,New,2,in_app,1,2023-02-05 12:00:00,2,234.48000000000002,498.35
870,MQL,At Risk,9,in_app,1,2023-02-08 06:00:00,1,764.21,1829.33
871,Churned,Churned,1,phone,1,2023-03-07 18:00:00,2,1067.06,2630.57
872,MQL,Churned,10,in_app,1,2023-03-01 01:00:00,4,1777.1299999999999,4027.84
873,Churned,Active,8,in_app,1,2023-02-24 07:00:00,2,814.89,1242.08
874,Customer,Loyal,9,whatsapp,1,2023-03-13 22:00:00,1,179.45,440.22
876,Customer,Churned,4,whatsapp,1,2023-03-04 16:00:00,2,1063.76,2105.57
877,Customer,New,6,phone,1,2023-03-19 08:00:00,5,3199.64,7688.41
878,Customer,Churned,10,email,1,2023-03-08 00:00:00,3,1602.26,3279.1
879,Lead,Active,10,phone,1,2023-01-15 00:00:00,2,1109.26,1697.32
880,Customer,Active,1,phone,1,2023-01-28 15:00:00,1,544.6,881.18
881,Active,Loyal,8,sms,1,2023-02-20 14:00:00,4,2523.52,4720.65
882,Active,Churned,8,sms,1,2023-03-12 05:00:00,2,892.27,1968.37
883,Lead,New,3,phone,1,2023-03-20 03:00:00,7,2440.91,3771.63
884,Customer,New,3,phone,1,2023-01-20 12:00:00,2,567.73,1085.29
885,Customer,At Risk,5,phone,0,2023-02-23 14:00:00,3,1336.45,2116.77
886,Customer,New,9,in_app,1,2023-02-04 09:00:00,2,1800.48,4036.82
888,Churned,Loyal,9,sms,1,2023-03-21 15:00:00,2,1302.1,2283.13
889,MQL,Loyal,9,phone,1,2023-03-24 12:00:00,1,965.72,1166.02
891,Churned,New,5,whatsapp,1,2023-03-22 19:00:00,4,1597.5,2128.63
892,MQL,New,0,whatsapp,1,2023-01-15 21:00:00,2,1219.2,1445.42
894,Customer,At Risk,8,in_app,1,2023-03-22 04:00:00,2,434.08,780.92
895,Customer,New,1,in_app,1,2023-02-02 10:00:00,1,938.64,1172.24
896,Churned,At Risk,4,email,1,2023-01-24 23:00:00,3,1727.6599999999999,2176.5
897,Churned,At Risk,8,email,1,2023-03-10 17:00:00,4,2820.3999999999996,6818.23
898,MQL,New,3,email,0,2023-02-22 13:00:00,2,793.13,1841.42
899,Active,Active,10,in_app,1,2023-02-19 21:00:00,1,157.22,272.45
900,MQL,Active,2,in_app,1,2023-02-13 06:00:00,4,2305.22,5717.24
902,Churned,At Risk,6,in_app,1,2023-02-22 06:00:00,1,89.59,98.57
903,Churned,New,5,whatsapp,1,2023-03-04 07:00:00,3,1571.88,3080.21
905,Lead,Active,7,in_app,1,2023-03-11 10:00:00,2,518.28,1017.38
906,Churned,New,2,whatsapp,1,2023-03-14 12:00:00,2,943.04,1641.29
907,Lead,New,4,email,1,2023-01-09 09:00:00,1,52.54,86.99
908,Active,New,9,email,1,2023-01-25 04:00:00,2,1920.01,3336.09
909,MQL,Churned,3,email,0,2023-02-27 17:00:00,2,1909.65,3210.02
910,MQL,New,3,phone,0,2023-03-09 21:00:00,2,734.56,1559.24
911,Lead,Churned,3,phone,1,2023-03-03 11:00:00,2,100.69,129.84
912,MQL,At Risk,9,sms,0,2023-03-09 15:00:00,3,1837.8899999999999,2530.21
913,Churned,Active,7,sms,0,2023-01-31 02:00:00,1,116.43,157.5
914,Customer,Active,5,sms,1,2023-01-13 00:00:00,1,873.33,1281.58
915,Lead,Active,2,phone,1,2023-03-10 11:00:00,2,1599.97,2936.52
916,MQL,Active,9,phone,1,2023-03-10 20:00:00,2,280.45000000000005,352.16
918,Lead,Active,4,sms,0,2023-02-24 01:00:00,1,332.49,769.86
919,Lead,Active,5,sms,1,2023-03-19 16:00:00,4,1912.7,2900.24
920,Customer,Active,4,in_app,0,2023-02-23 02:00:00,4,1462.4599999999998,1941.49
921,Churned,At Risk,5,sms,1,2023-03-23 12:00:00,4,2157.04,4413.02
922,Lead,New,7,in_app,1,2023-03-19 06:00:00,4,2589.73,2986.79
923,MQL,Loyal,6,whatsapp,1,2023-02-26 20:00:00,3,2434.4700000000003,4790.93
925,Active,Churned,4,phone,1,2023-03-07 16:00:00,2,1425.21,2960.84
926,Lead,Loyal,9,sms,0,2023-03-23 11:00:00,1,131.04,183.57
928,Lead,Loyal,5,phone,1,2023-01-16 13:00:00,1,405.99,470.44
929,Customer,New,3,phone,1,2023-02-07 16:00:00,6,2825.84,4547.07
930,Churned,New,8,phone,1,2023-02-23 18:00:00,2,1067.77,1321.93
932,Active,New,3,whatsapp,0,2023-02-28 15:00:00,2,1071.52,1353.4
934,MQL,Active,0,email,1,2023-03-13 12:00:00,3,2056.44,2994.11
935,Active,At Risk,6,sms,1,2023-03-20 14:00:00,3,1443.26,2184.6
936,MQL,Active,6,email,1,2023-03-21 08:00:00,5,2616.37,4819.24
937,Churned,At Risk,3,email,1,2023-03-03 22:00:00,1,486.91,998.04
939,MQL,At Risk,2,email,1,2023-03-24 20:00:00,3,2364.14,4562.5
940,Customer,Loyal,7,phone,1,2023-03-11 13:00:00,1,480.59,628.47
943,Customer,Loyal,4,in_app,1,2023-01-17 06:00:00,2,1568.52,2103.26
944,Customer,At Risk,9,phone,1,2023-03-10 00:00:00,1,43.12,100.48
945,Customer,At Risk,6,phone,1,2023-02-14 12:00:00,1,255.08,479.98
946,Active,Active,3,email,1,2023-02-23 12:00:00,4,2555.9900000000002,5924.56
947,Churned,Active,3,phone,1,2023-03-07 11:00:00,4,1341.15,2172.88
948,MQL,Loyal,7,email,1,2023-02-27 23:00:00,2,986.3699999999999,1933.44
949,MQL,New,7,in_app,1,2023-03-24 07:00:00,1,607.06,1112.82
950,Customer,At Risk,1,sms,1,2023-03-03 07:00:00,1,95.32,147.44
951,Customer,Active,1,email,1,2023-02-27 04:00:00,2,527.54,927.35
952,Lead,Loyal,2,in_app,1,2023-03-06 10:00:00,3,1121.4,2022.43
953,Churned,Active,2,sms,1,2023-02-17 06:00:00,4,2032.15,2806.56
954,Active,At Risk,0,whatsapp,1,2023-01-31 00:00:00,1,201.49,310.5
955,MQL,At Risk,2,email,0,2023-03-18 00:00:00,4,1660.1200000000001,3665.5
956,Lead,Churned,5,email,1,2023-02-23 10:00:00,1,734.59,1749.87
957,Lead,New,7,whatsapp,1,2023-03-18 02:00:00,3,2050.29,3288.07
958,MQL,Churned,9,whatsapp,0,2023-03-24 02:00:00,7,2153.6,3294.49
959,Active,Loyal,5,email,1,2023-02-05 18:00:00,2,1023.0699999999999,1404.96
960,Lead,Active,4,whatsapp,1,2023-01-15 01:00:00,1,986.9,2023.03
961,Lead,Loyal,3,phone,0,2023-02-09 21:00:00,2,1437.3600000000001,2231.27
962,Churned,At Risk,2,sms,1,2023-03-12 11:00:00,3,1605.8,3986.96
963,Active,Churned,3,sms,1,2023-01-22 18:00:00,2,1269.02,1974.54
964,Lead,Churned,6,sms,1,2023-03-24 14:00:00,1,682.51,1127.36
966,Active,Churned,0,phone,1,2023-02-18 23:00:00,1,894.67,1739.84
967,MQL,Loyal,6,whatsapp,1,2023-03-05 13:00:00,2,768.65,1708.22
968,Customer,At Risk,0,in_app,0,2023-02-26 10:00:00,3,1808.58,3178.26
969,Lead,Active,1,whatsapp,1,2023-03-03 14:00:00,1,309.38,523.38
970,Churned,Active,3,email,1,2023-01-26 14:00:00,1,443.85,1106.91
971,MQL,Loyal,0,sms,1,2023-02-23 00:00:00,4,1863.22,2076.91
972,Active,Churned,10,whatsapp,0,2023-02-04 21:00:00,2,825.7199999999999,1942.99
973,MQL,New,10,in_app,1,2023-02-02 15:00:00,2,1057.78,1384.42
974,Lead,Loyal,10,email,0,2023-02-25 22:00:00,2,1457.27,3206.42
975,Active,Loyal,8,phone,0,2023-03-24 08:00:00,2,1527.4,3001.5
976,Customer,At Risk,5,phone,1,2023-03-18 21:00:00,1,96.89,152.95
977,MQL,Active,0,in_app,1,2023-02-08 02:00:00,1,262.04,608.83
978,Lead,Loyal,0,email,1,2023-03-10 01:00:00,2,1523.51,1703.39
979,Churned,Loyal,5,sms,1,2023-03-07 23:00:00,1,651.94,924.04
981,Active,Churned,3,whatsapp,1,2023-03-19 18:00:00,4,2583.57,4892.38
982,MQL,Churned,3,email,1,2023-03-21 19:00:00,2,629.0699999999999,1001.58
983,MQL,New,10,phone,1,2023-03-21 11:00:00,5,1676.25,3276.28
984,Customer,At Risk,5,in_app,1,2023-03-08 16:00:00,3,2253.2,2554.58
985,Customer,New,10,in_app,1,2023-03-01 16:00:00,2,1046.91,1322.29
986,Churned,Churned,6,whatsapp,1,2023-03-21 09:00:00,2,940.78,1202.26
987,Churned,Active,8,in_app,0,2023-01-03 06:00:00,1,360.85,492.56
988,Lead,Churned,9,in_app,1,2023-03-07 06:00:00,3,1471.03,2564.1
990,Lead,At Risk,4,email,0,2023-03-23 17:00:00,5,2207.5299999999997,4752.77
991,Churned,Churned,8,sms,1,2023-03-18 15:00:00,1,810.56,1919.21
992,Churned,At Risk,3,whatsapp,1,2023-01-20 11:00:00,1,243.52,552.67
993,Active,At Risk,9,email,0,2023-03-08 03:00:00,5,3956.44,5442.65
994,Customer,At Risk,1,sms,1,2023-02-11 07:00:00,1,985.29,1692.34
995,Lead,At Risk,2,email,1,2023-03-21 00:00:00,3,2019.87,2785.76
996,Customer,At Risk,10,email,1,2023-01-13 10:00:00,1,338.69,497.96
997,Customer,Active,0,in_app,1,2023-03-24 19:00:00,5,2367.19,4272.7
998,Churned,New,5,sms,1,2023-03-13 17:00:00,2,1420.48,1697.97
999,Active,Loyal,5,whatsapp,1,2023-01-27 19:00:00,2,562.25,790.21
