expense_id,vendor_id,expense_date,amount,cost_center,account_id
1,41,2023-01-01 00:00:00,972.34,Operations,5000
2,49,2023-01-01 12:00:00,5399.7,Operations,5000
3,50,2023-01-02 00:00:00,3487.96,HR,5000
4,45,2023-01-02 12:00:00,6543.3,Marketing,5000
5,1,2023-01-03 00:00:00,1610.48,Marketing,5000
6,44,2023-01-03 12:00:00,1680.19,HR,5000
7,20,2023-01-04 00:00:00,5183.79,HR,5000
8,21,2023-01-04 12:00:00,6775.73,HR,5000
9,37,2023-01-05 00:00:00,3803.97,Tech,5000
10,8,2023-01-05 12:00:00,5829.28,HR,5000
11,27,2023-01-06 00:00:00,7994.67,HR,5000
12,47,2023-01-06 12:00:00,7922.61,Tech,5000
13,35,2023-01-07 00:00:00,5967.48,Marketing,5000
14,6,2023-01-07 12:00:00,5929.71,Operations,5000
15,45,2023-01-08 00:00:00,2018.57,Marketing,5000
16,44,2023-01-08 12:00:00,6676.64,Operations,5000
17,19,2023-01-09 00:00:00,3270.56,Operations,5000
18,18,2023-01-09 12:00:00,7697.85,HR,5000
19,1,2023-01-10 00:00:00,697.35,HR,5000
20,25,2023-01-10 12:00:00,3514.93,Tech,5000
21,27,2023-01-11 00:00:00,4468.93,Marketing,5000
22,7,2023-01-11 12:00:00,3270.99,Marketing,5000
23,44,2023-01-12 00:00:00,1724.1,Operations,5000
24,42,2023-01-12 12:00:00,4764.26,HR,5000
25,29,2023-01-13 00:00:00,6059.55,HR,5000
26,31,2023-01-13 12:00:00,5176.47,Marketing,5000
27,44,2023-01-14 00:00:00,1913.87,Tech,5000
28,43,2023-01-14 12:00:00,5866.28,HR,5000
29,36,2023-01-15 00:00:00,2092.34,Tech,5000
30,19,2023-01-15 12:00:00,1442.86,Marketing,5000
31,6,2023-01-16 00:00:00,5540.81,Marketing,5000
32,25,2023-01-16 12:00:00,6750.16,Tech,5000
33,31,2023-01-17 00:00:00,3878.24,HR,5000
34,9,2023-01-17 12:00:00,4274.56,Marketing,5000
35,20,2023-01-18 00:00:00,2456.84,Operations,5000
36,10,2023-01-18 12:00:00,3982.21,Marketing,5000
37,37,2023-01-19 00:00:00,1099.26,HR,5000
38,27,2023-01-19 12:00:00,7648.86,Operations,5000
39,13,2023-01-20 00:00:00,6412.87,Marketing,5000
40,41,2023-01-20 12:00:00,5360.39,HR,5000
41,2,2023-01-21 00:00:00,4328.65,HR,5000
42,50,2023-01-21 12:00:00,6347.74,Marketing,5000
43,21,2023-01-22 00:00:00,3983.32,HR,5000
44,33,2023-01-22 12:00:00,2434.79,Tech,5000
45,24,2023-01-23 00:00:00,1324.98,Operations,5000
46,44,2023-01-23 12:00:00,5198.31,Tech,5000
47,42,2023-01-24 00:00:00,7438.93,Marketing,5000
48,34,2023-01-24 12:00:00,1271.27,Tech,5000
49,9,2023-01-25 00:00:00,1481.14,Marketing,5000
50,2,2023-01-25 12:00:00,3497.17,Marketing,5000
51,30,2023-01-26 00:00:00,6464.85,HR,5000
52,22,2023-01-26 12:00:00,2386.69,HR,5000
53,46,2023-01-27 00:00:00,2068.61,Marketing,5000
54,11,2023-01-27 12:00:00,4978.73,Operations,5000
55,43,2023-01-28 00:00:00,4308.14,Operations,5000
56,17,2023-01-28 12:00:00,528.75,Operations,5000
57,36,2023-01-29 00:00:00,697.85,Tech,5000
58,13,2023-01-29 12:00:00,5161.95,Marketing,5000
59,7,2023-01-30 00:00:00,3747.73,HR,5000
60,16,2023-01-30 12:00:00,7769.27,Tech,5000
61,33,2023-01-31 00:00:00,5444.32,Tech,5000
62,45,2023-01-31 12:00:00,130.09,HR,5000
63,1,2023-02-01 00:00:00,3874.1,Marketing,5000
64,11,2023-02-01 12:00:00,3344.86,Tech,5000
65,6,2023-02-02 00:00:00,898.38,Marketing,5000
66,20,2023-02-02 12:00:00,7389.51,Marketing,5000
67,35,2023-02-03 00:00:00,6449.84,Marketing,5000
68,44,2023-02-03 12:00:00,1879.18,HR,5000
69,37,2023-02-04 00:00:00,2085.05,Marketing,5000
70,41,2023-02-04 12:00:00,304.54,Tech,5000
71,26,2023-02-05 00:00:00,2408.9,HR,5000
72,12,2023-02-05 12:00:00,4697.74,HR,5000
73,30,2023-02-06 00:00:00,3395.7,Tech,5000
74,28,2023-02-06 12:00:00,7755.58,HR,5000
75,27,2023-02-07 00:00:00,495.84,Tech,5000
76,42,2023-02-07 12:00:00,4751.87,Operations,5000
77,19,2023-02-08 00:00:00,6873.56,Tech,5000
78,5,2023-02-08 12:00:00,3871.89,HR,5000
79,5,2023-02-09 00:00:00,73.55,Tech,5000
80,41,2023-02-09 12:00:00,1980.27,Operations,5000
81,27,2023-02-10 00:00:00,2623.96,Marketing,5000
82,28,2023-02-10 12:00:00,7729.66,Marketing,5000
83,26,2023-02-11 00:00:00,7298.6,Marketing,5000
84,27,2023-02-11 12:00:00,7595.91,HR,5000
85,49,2023-02-12 00:00:00,6614.78,Operations,5000
86,42,2023-02-12 12:00:00,2845.6,Tech,5000
87,21,2023-02-13 00:00:00,7251.72,Tech,5000
88,1,2023-02-13 12:00:00,7854.39,Tech,5000
89,28,2023-02-14 00:00:00,2833.07,Tech,5000
90,48,2023-02-14 12:00:00,2121.42,HR,5000
91,15,2023-02-15 00:00:00,4397.98,HR,5000
92,17,2023-02-15 12:00:00,1537.86,Operations,5000
93,26,2023-02-16 00:00:00,309.36,Tech,5000
94,20,2023-02-16 12:00:00,7569.36,Marketing,5000
95,25,2023-02-17 00:00:00,7409.64,HR,5000
96,13,2023-02-17 12:00:00,1343.1,Operations,5000
97,33,2023-02-18 00:00:00,3291.53,Operations,5000
98,25,2023-02-18 12:00:00,6656.74,HR,5000
99,8,2023-02-19 00:00:00,5304.95,Marketing,5000
100,5,2023-02-19 12:00:00,3188.56,Marketing,5000
101,6,2023-02-20 00:00:00,5966.16,Tech,5000
102,23,2023-02-20 12:00:00,7181.53,HR,5000
103,30,2023-02-21 00:00:00,7412.96,Marketing,5000
104,14,2023-02-21 12:00:00,3061.85,HR,5000
105,23,2023-02-22 00:00:00,1429.81,Operations,5000
106,11,2023-02-22 12:00:00,7307.07,Operations,5000
107,31,2023-02-23 00:00:00,785.82,Operations,5000
108,6,2023-02-23 12:00:00,5787.42,HR,5000
109,11,2023-02-24 00:00:00,1166.95,Tech,5000
110,13,2023-02-24 12:00:00,3145.63,Tech,5000
111,12,2023-02-25 00:00:00,3321.87,Marketing,5000
112,2,2023-02-25 12:00:00,1312.13,HR,5000
113,35,2023-02-26 00:00:00,7385.32,Tech,5000
114,36,2023-02-26 12:00:00,71.21,HR,5000
115,17,2023-02-27 00:00:00,7155.78,Tech,5000
116,28,2023-02-27 12:00:00,7076.44,Operations,5000
117,28,2023-02-28 00:00:00,2569.86,Operations,5000
118,22,2023-02-28 12:00:00,5649.06,Marketing,5000
119,38,2023-03-01 00:00:00,2059.83,Operations,5000
120,7,2023-03-01 12:00:00,6082.25,Tech,5000
121,15,2023-03-02 00:00:00,4510.9,Marketing,5000
122,32,2023-03-02 12:00:00,2436.79,Marketing,5000
123,11,2023-03-03 00:00:00,3231.87,Operations,5000
124,24,2023-03-03 12:00:00,5534.62,HR,5000
125,3,2023-03-04 00:00:00,7253.47,Operations,5000
126,30,2023-03-04 12:00:00,1089.28,Operations,5000
127,6,2023-03-05 00:00:00,4592.34,Marketing,5000
128,2,2023-03-05 12:00:00,2067.15,Operations,5000
129,14,2023-03-06 00:00:00,6420.91,Tech,5000
130,41,2023-03-06 12:00:00,608.39,Marketing,5000
131,18,2023-03-07 00:00:00,5527.2,Operations,5000
132,44,2023-03-07 12:00:00,1440.82,HR,5000
133,31,2023-03-08 00:00:00,4791.26,Tech,5000
134,13,2023-03-08 12:00:00,6693.76,HR,5000
135,26,2023-03-09 00:00:00,6052.89,Tech,5000
136,44,2023-03-09 12:00:00,6035.9,HR,5000
137,12,2023-03-10 00:00:00,4166.87,Operations,5000
138,18,2023-03-10 12:00:00,7131.43,Tech,5000
139,9,2023-03-11 00:00:00,4725.44,Marketing,5000
140,49,2023-03-11 12:00:00,7344.27,Marketing,5000
141,21,2023-03-12 00:00:00,4394.85,HR,5000
142,48,2023-03-12 12:00:00,4072.43,HR,5000
143,49,2023-03-13 00:00:00,1817.71,HR,5000
144,40,2023-03-13 12:00:00,4381.05,Tech,5000
145,43,2023-03-14 00:00:00,1167.65,Marketing,5000
146,24,2023-03-14 12:00:00,6964.04,Operations,5000
147,34,2023-03-15 00:00:00,5423.34,Tech,5000
148,8,2023-03-15 12:00:00,7949.4,HR,5000
149,44,2023-03-16 00:00:00,782.17,Marketing,5000
150,33,2023-03-16 12:00:00,1963.35,HR,5000
151,23,2023-03-17 00:00:00,7023.41,Operations,5000
152,13,2023-03-17 12:00:00,3192.27,Operations,5000
153,49,2023-03-18 00:00:00,3757.11,Marketing,5000
154,14,2023-03-18 12:00:00,6892.18,Tech,5000
155,14,2023-03-19 00:00:00,4198.49,Operations,5000
156,16,2023-03-19 12:00:00,1588.13,Operations,5000
157,49,2023-03-20 00:00:00,7141.64,Operations,5000
158,38,2023-03-20 12:00:00,296.94,Operations,5000
159,39,2023-03-21 00:00:00,7168.4,HR,5000
160,26,2023-03-21 12:00:00,451.64,HR,5000
161,26,2023-03-22 00:00:00,5343.5,Tech,5000
162,1,2023-03-22 12:00:00,619.85,Marketing,5000
163,32,2023-03-23 00:00:00,5664.39,Marketing,5000
164,15,2023-03-23 12:00:00,320.07,Marketing,5000
165,21,2023-03-24 00:00:00,6747.54,Operations,5000
166,18,2023-03-24 12:00:00,3754.25,HR,5000
167,30,2023-03-25 00:00:00,792.96,HR,5000
168,13,2023-03-25 12:00:00,5669.21,Tech,5000
169,24,2023-03-26 00:00:00,3939.86,Marketing,5000
170,30,2023-03-26 12:00:00,1568.04,HR,5000
171,2,2023-03-27 00:00:00,174.6,Tech,5000
172,19,2023-03-27 12:00:00,3373.09,Marketing,5000
173,47,2023-03-28 00:00:00,730.75,Operations,5000
174,44,2023-03-28 12:00:00,798.65,HR,5000
175,47,2023-03-29 00:00:00,2175.27,HR,5000
176,25,2023-03-29 12:00:00,5062.14,Marketing,5000
177,50,2023-03-30 00:00:00,4262.79,Operations,5000
178,14,2023-03-30 12:00:00,598.45,Operations,5000
179,6,2023-03-31 00:00:00,7749.03,HR,5000
180,12,2023-03-31 12:00:00,7102.99,Marketing,5000
181,20,2023-04-01 00:00:00,2110.84,Tech,5000
182,23,2023-04-01 12:00:00,1022.59,HR,5000
183,30,2023-04-02 00:00:00,7542.1,Operations,5000
184,30,2023-04-02 12:00:00,3716.08,Tech,5000
185,38,2023-04-03 00:00:00,2523.78,Marketing,5000
186,30,2023-04-03 12:00:00,3948.35,Operations,5000
187,41,2023-04-04 00:00:00,6193.32,Tech,5000
188,30,2023-04-04 12:00:00,1388.66,HR,5000
189,36,2023-04-05 00:00:00,6151.59,Operations,5000
190,49,2023-04-05 12:00:00,6008.1,Marketing,5000
191,34,2023-04-06 00:00:00,4337.82,Operations,5000
192,16,2023-04-06 12:00:00,6933.45,HR,5000
193,24,2023-04-07 00:00:00,1100.54,Marketing,5000
194,14,2023-04-07 12:00:00,4784.06,HR,5000
195,26,2023-04-08 00:00:00,3622.28,Tech,5000
196,8,2023-04-08 12:00:00,3407.22,Operations,5000
197,14,2023-04-09 00:00:00,2057.86,HR,5000
198,31,2023-04-09 12:00:00,3009.62,Tech,5000
199,2,2023-04-10 00:00:00,909.8,Marketing,5000
200,48,2023-04-10 12:00:00,2050.21,Marketing,5000
201,4,2023-04-11 00:00:00,2212.12,Tech,5000
202,1,2023-04-11 12:00:00,5779.31,Tech,5000
203,20,2023-04-12 00:00:00,435.98,Marketing,5000
204,14,2023-04-12 12:00:00,5226.98,HR,5000
205,40,2023-04-13 00:00:00,1810.21,Tech,5000
206,25,2023-04-13 12:00:00,700.8,HR,5000
207,25,2023-04-14 00:00:00,2441.41,Marketing,5000
208,3,2023-04-14 12:00:00,1834.56,HR,5000
209,5,2023-04-15 00:00:00,4438.66,HR,5000
210,38,2023-04-15 12:00:00,2891.14,Tech,5000
211,26,2023-04-16 00:00:00,7729.65,HR,5000
212,40,2023-04-16 12:00:00,7710.22,HR,5000
213,38,2023-04-17 00:00:00,3577.54,HR,5000
214,38,2023-04-17 12:00:00,6370.95,Marketing,5000
215,4,2023-04-18 00:00:00,155.48,Marketing,5000
216,7,2023-04-18 12:00:00,4405.1,Operations,5000
217,30,2023-04-19 00:00:00,5959.23,Marketing,5000
218,30,2023-04-19 12:00:00,1774.7,Marketing,5000
219,19,2023-04-20 00:00:00,536.32,Operations,5000
220,39,2023-04-20 12:00:00,1289.56,Operations,5000
221,35,2023-04-21 00:00:00,3562.69,Tech,5000
222,40,2023-04-21 12:00:00,4075.65,Tech,5000
223,33,2023-04-22 00:00:00,3078.04,Marketing,5000
224,33,2023-04-22 12:00:00,3547.79,HR,5000
225,14,2023-04-23 00:00:00,3788.37,Tech,5000
226,38,2023-04-23 12:00:00,6167.02,Tech,5000
227,10,2023-04-24 00:00:00,886.67,Marketing,5000
228,28,2023-04-24 12:00:00,6163.16,HR,5000
229,14,2023-04-25 00:00:00,5524.59,Operations,5000
230,36,2023-04-25 12:00:00,5946.2,Operations,5000
231,38,2023-04-26 00:00:00,5889.02,Marketing,5000
232,16,2023-04-26 12:00:00,3791.2,Marketing,5000
233,21,2023-04-27 00:00:00,1730.63,HR,5000
234,28,2023-04-27 12:00:00,4316.2,Marketing,5000
235,33,2023-04-28 00:00:00,7665.96,Marketing,5000
236,6,2023-04-28 12:00:00,4728.78,Marketing,5000
237,41,2023-04-29 00:00:00,137.82,HR,5000
238,15,2023-04-29 12:00:00,524.7,Marketing,5000
239,44,2023-04-30 00:00:00,7943.26,Tech,5000
240,3,2023-04-30 12:00:00,621.97,HR,5000
241,43,2023-05-01 00:00:00,416.06,Tech,5000
242,47,2023-05-01 12:00:00,2856.54,HR,5000
243,35,2023-05-02 00:00:00,7756.07,Tech,5000
244,14,2023-05-02 12:00:00,2583.47,HR,5000
245,2,2023-05-03 00:00:00,3308.58,Operations,5000
246,29,2023-05-03 12:00:00,5090.91,Marketing,5000
247,4,2023-05-04 00:00:00,241.69,Marketing,5000
248,26,2023-05-04 12:00:00,7187.22,HR,5000
249,12,2023-05-05 00:00:00,4179.57,Tech,5000
250,2,2023-05-05 12:00:00,3761.15,Operations,5000
251,17,2023-05-06 00:00:00,6892.78,Tech,5000
252,35,2023-05-06 12:00:00,7626.96,Marketing,5000
253,10,2023-05-07 00:00:00,3416.23,Marketing,5000
254,48,2023-05-07 12:00:00,1420.91,Tech,5000
255,22,2023-05-08 00:00:00,6534.89,HR,5000
256,41,2023-05-08 12:00:00,3255.92,HR,5000
257,43,2023-05-09 00:00:00,7487.59,Tech,5000
258,21,2023-05-09 12:00:00,7601.7,Marketing,5000
259,15,2023-05-10 00:00:00,962.89,Tech,5000
260,35,2023-05-10 12:00:00,7654.6,Marketing,5000
261,48,2023-05-11 00:00:00,2977.75,Tech,5000
262,21,2023-05-11 12:00:00,5187.71,HR,5000
263,21,2023-05-12 00:00:00,326.26,Operations,5000
264,21,2023-05-12 12:00:00,7116.63,Marketing,5000
265,44,2023-05-13 00:00:00,5150.7,Operations,5000
266,32,2023-05-13 12:00:00,5166.26,HR,5000
267,5,2023-05-14 00:00:00,7222.3,Tech,5000
268,39,2023-05-14 12:00:00,4091.36,HR,5000
269,9,2023-05-15 00:00:00,3313.61,Operations,5000
270,18,2023-05-15 12:00:00,6935.72,HR,5000
271,21,2023-05-16 00:00:00,5952.24,HR,5000
272,8,2023-05-16 12:00:00,7594.36,Tech,5000
273,44,2023-05-17 00:00:00,7523.97,Operations,5000
274,34,2023-05-17 12:00:00,3089.49,Operations,5000
275,10,2023-05-18 00:00:00,3603.54,Operations,5000
276,41,2023-05-18 12:00:00,2085.08,Marketing,5000
277,24,2023-05-19 00:00:00,5302.15,HR,5000
278,40,2023-05-19 12:00:00,2948.11,Operations,5000
279,24,2023-05-20 00:00:00,6299.5,HR,5000
280,32,2023-05-20 12:00:00,1016.33,Tech,5000
281,33,2023-05-21 00:00:00,975.4,Tech,5000
282,38,2023-05-21 12:00:00,1675.42,Marketing,5000
283,44,2023-05-22 00:00:00,720.12,Marketing,5000
284,49,2023-05-22 12:00:00,4979.25,Tech,5000
285,34,2023-05-23 00:00:00,1221.45,Operations,5000
286,11,2023-05-23 12:00:00,1321.71,Tech,5000
287,31,2023-05-24 00:00:00,163.11,HR,5000
288,18,2023-05-24 12:00:00,6267.62,Marketing,5000
289,23,2023-05-25 00:00:00,6507.75,Marketing,5000
290,22,2023-05-25 12:00:00,1338.08,Tech,5000
291,43,2023-05-26 00:00:00,5929.22,Operations,5000
292,18,2023-05-26 12:00:00,3496.68,Operations,5000
293,40,2023-05-27 00:00:00,1954.78,HR,5000
294,47,2023-05-27 12:00:00,4990.01,Marketing,5000
295,41,2023-05-28 00:00:00,1468.95,Tech,5000
296,47,2023-05-28 12:00:00,6067.22,Tech,5000
297,39,2023-05-29 00:00:00,428.54,Marketing,5000
298,20,2023-05-29 12:00:00,7675.09,Tech,5000
299,13,2023-05-30 00:00:00,621.41,Marketing,5000
300,45,2023-05-30 12:00:00,4656.61,Operations,5000
301,1,2023-05-31 00:00:00,7222.44,Operations,5000
302,4,2023-05-31 12:00:00,144.64,Tech,5000
303,24,2023-06-01 00:00:00,4013.19,Operations,5000
304,36,2023-06-01 12:00:00,2832.56,Operations,5000
305,36,2023-06-02 00:00:00,4663.64,HR,5000
306,45,2023-06-02 12:00:00,1842.39,Marketing,5000
307,2,2023-06-03 00:00:00,565.95,Marketing,5000
308,28,2023-06-03 12:00:00,5026.17,Tech,5000
309,26,2023-06-04 00:00:00,3363.95,Marketing,5000
310,23,2023-06-04 12:00:00,4998.76,HR,5000
311,15,2023-06-05 00:00:00,1723.79,Tech,5000
312,36,2023-06-05 12:00:00,2742.99,Tech,5000
313,27,2023-06-06 00:00:00,4515.37,Marketing,5000
314,6,2023-06-06 12:00:00,4765.25,Operations,5000
315,35,2023-06-07 00:00:00,3009.9,Operations,5000
316,39,2023-06-07 12:00:00,2276.42,Operations,5000
317,38,2023-06-08 00:00:00,2225.92,Operations,5000
318,35,2023-06-08 12:00:00,1438.86,HR,5000
319,36,2023-06-09 00:00:00,2636.97,Tech,5000
320,10,2023-06-09 12:00:00,1635.55,Operations,5000
321,30,2023-06-10 00:00:00,5088.83,HR,5000
322,41,2023-06-10 12:00:00,4574.08,Tech,5000
323,38,2023-06-11 00:00:00,3091.58,Marketing,5000
324,29,2023-06-11 12:00:00,2640.35,Marketing,5000
325,43,2023-06-12 00:00:00,1939.03,HR,5000
326,39,2023-06-12 12:00:00,4306.89,Tech,5000
327,50,2023-06-13 00:00:00,7355.28,Operations,5000
328,4,2023-06-13 12:00:00,5501.34,Tech,5000
329,5,2023-06-14 00:00:00,5968.1,Operations,5000
330,4,2023-06-14 12:00:00,6683.3,HR,5000
331,36,2023-06-15 00:00:00,2845.5,Operations,5000
332,45,2023-06-15 12:00:00,549.86,HR,5000
333,16,2023-06-16 00:00:00,4999.34,Tech,5000
334,25,2023-06-16 12:00:00,1549.94,Tech,5000
335,14,2023-06-17 00:00:00,4573.9,Operations,5000
336,11,2023-06-17 12:00:00,5929.11,Tech,5000
337,29,2023-06-18 00:00:00,6279.92,Operations,5000
338,34,2023-06-18 12:00:00,2449.62,Tech,5000
339,22,2023-06-19 00:00:00,4123.84,Marketing,5000
340,14,2023-06-19 12:00:00,4986.67,Operations,5000
341,24,2023-06-20 00:00:00,6564.87,HR,5000
342,39,2023-06-20 12:00:00,6103.04,Marketing,5000
343,26,2023-06-21 00:00:00,7904.4,HR,5000
344,43,2023-06-21 12:00:00,114.27,Tech,5000
345,36,2023-06-22 00:00:00,3528.04,Marketing,5000
346,39,2023-06-22 12:00:00,2085.55,Tech,5000
347,16,2023-06-23 00:00:00,1003.15,Operations,5000
348,38,2023-06-23 12:00:00,7296.55,HR,5000
349,32,2023-06-24 00:00:00,7983.8,Tech,5000
350,6,2023-06-24 12:00:00,1485.74,HR,5000
351,34,2023-06-25 00:00:00,355.55,HR,5000
352,8,2023-06-25 12:00:00,2236.68,Tech,5000
353,30,2023-06-26 00:00:00,6687.15,Operations,5000
354,27,2023-06-26 12:00:00,2386.43,HR,5000
355,7,2023-06-27 00:00:00,502.37,Tech,5000
356,27,2023-06-27 12:00:00,467.31,Operations,5000
357,25,2023-06-28 00:00:00,3448.01,Tech,5000
358,46,2023-06-28 12:00:00,7458.01,Operations,5000
359,41,2023-06-29 00:00:00,2323.07,HR,5000
360,15,2023-06-29 12:00:00,3445.9,Marketing,5000
361,25,2023-06-30 00:00:00,860.37,Tech,5000
362,22,2023-06-30 12:00:00,3973.9,HR,5000
363,18,2023-07-01 00:00:00,5587.55,Tech,5000
364,12,2023-07-01 12:00:00,2205.65,Tech,5000
365,23,2023-07-02 00:00:00,2408.85,Operations,5000
366,45,2023-07-02 12:00:00,6743.7,Tech,5000
367,39,2023-07-03 00:00:00,132.39,Operations,5000
368,25,2023-07-03 12:00:00,5109.94,HR,5000
369,10,2023-07-04 00:00:00,3181.38,Tech,5000
370,30,2023-07-04 12:00:00,2422.13,HR,5000
371,10,2023-07-05 00:00:00,5277.87,Marketing,5000
372,34,2023-07-05 12:00:00,6685.61,HR,5000
373,46,2023-07-06 00:00:00,4489.22,Tech,5000
374,13,2023-07-06 12:00:00,297.2,Marketing,5000
375,29,2023-07-07 00:00:00,3718.14,Operations,5000
376,38,2023-07-07 12:00:00,3728.94,Marketing,5000
377,41,2023-07-08 00:00:00,4373.2,Tech,5000
378,45,2023-07-08 12:00:00,5384.12,Tech,5000
379,9,2023-07-09 00:00:00,203.58,HR,5000
380,13,2023-07-09 12:00:00,4041.0,Operations,5000
381,37,2023-07-10 00:00:00,4727.05,Tech,5000
382,14,2023-07-10 12:00:00,2779.66,Tech,5000
383,37,2023-07-11 00:00:00,5363.5,Operations,5000
384,9,2023-07-11 12:00:00,1864.01,Operations,5000
385,8,2023-07-12 00:00:00,2573.11,HR,5000
386,39,2023-07-12 12:00:00,7703.91,Marketing,5000
387,40,2023-07-13 00:00:00,2817.16,Operations,5000
388,3,2023-07-13 12:00:00,2804.68,Tech,5000
389,47,2023-07-14 00:00:00,4785.66,Operations,5000
390,40,2023-07-14 12:00:00,7769.25,Tech,5000
391,33,2023-07-15 00:00:00,7865.49,HR,5000
392,32,2023-07-15 12:00:00,4658.28,Marketing,5000
393,7,2023-07-16 00:00:00,58.64,HR,5000
394,19,2023-07-16 12:00:00,7210.22,Operations,5000
395,34,2023-07-17 00:00:00,4583.39,Tech,5000
396,14,2023-07-17 12:00:00,2959.67,Operations,5000
397,50,2023-07-18 00:00:00,6642.1,Operations,5000
398,47,2023-07-18 12:00:00,3228.67,Operations,5000
399,46,2023-07-19 00:00:00,320.65,Operations,5000
400,19,2023-07-19 12:00:00,6577.52,Marketing,5000
401,26,2023-07-20 00:00:00,4389.58,Tech,5000
402,17,2023-07-20 12:00:00,2738.24,Operations,5000
403,28,2023-07-21 00:00:00,2044.59,Tech,5000
404,19,2023-07-21 12:00:00,4770.69,Marketing,5000
405,27,2023-07-22 00:00:00,1703.99,Tech,5000
406,48,2023-07-22 12:00:00,2624.61,Tech,5000
407,19,2023-07-23 00:00:00,5110.42,Marketing,5000
408,33,2023-07-23 12:00:00,7058.28,Operations,5000
409,7,2023-07-24 00:00:00,4286.48,Tech,5000
410,29,2023-07-24 12:00:00,6084.9,HR,5000
411,43,2023-07-25 00:00:00,6116.33,Tech,5000
412,5,2023-07-25 12:00:00,5331.61,Operations,5000
413,30,2023-07-26 00:00:00,2004.41,HR,5000
414,49,2023-07-26 12:00:00,6940.97,Operations,5000
415,43,2023-07-27 00:00:00,3518.39,Tech,5000
416,8,2023-07-27 12:00:00,401.48,Marketing,5000
417,42,2023-07-28 00:00:00,1994.67,Operations,5000
418,12,2023-07-28 12:00:00,6136.11,Operations,5000
419,42,2023-07-29 00:00:00,599.61,Marketing,5000
420,13,2023-07-29 12:00:00,1221.55,Tech,5000
421,26,2023-07-30 00:00:00,5569.1,Operations,5000
422,18,2023-07-30 12:00:00,7146.18,Tech,5000
423,42,2023-07-31 00:00:00,5088.17,Tech,5000
424,49,2023-07-31 12:00:00,1817.21,Tech,5000
425,20,2023-08-01 00:00:00,474.64,Marketing,5000
426,16,2023-08-01 12:00:00,4940.26,Tech,5000
427,37,2023-08-02 00:00:00,426.82,Tech,5000
428,3,2023-08-02 12:00:00,4921.14,HR,5000
429,27,2023-08-03 00:00:00,1843.36,HR,5000
430,15,2023-08-03 12:00:00,7242.02,HR,5000
431,34,2023-08-04 00:00:00,3826.99,Operations,5000
432,45,2023-08-04 12:00:00,1830.31,Operations,5000
433,22,2023-08-05 00:00:00,6832.51,HR,5000
434,40,2023-08-05 12:00:00,2069.58,Marketing,5000
435,23,2023-08-06 00:00:00,2487.46,Marketing,5000
436,49,2023-08-06 12:00:00,6682.51,HR,5000
437,4,2023-08-07 00:00:00,2504.9,Operations,5000
438,41,2023-08-07 12:00:00,3310.8,Operations,5000
439,23,2023-08-08 00:00:00,2813.94,Marketing,5000
440,47,2023-08-08 12:00:00,975.38,Tech,5000
441,9,2023-08-09 00:00:00,359.22,Marketing,5000
442,24,2023-08-09 12:00:00,5810.1,Tech,5000
443,21,2023-08-10 00:00:00,5178.84,Operations,5000
444,41,2023-08-10 12:00:00,2294.81,Operations,5000
445,46,2023-08-11 00:00:00,2400.01,HR,5000
446,16,2023-08-11 12:00:00,7562.8,Operations,5000
447,25,2023-08-12 00:00:00,7901.99,Tech,5000
448,26,2023-08-12 12:00:00,3813.81,Marketing,5000
449,49,2023-08-13 00:00:00,6429.49,HR,5000
450,45,2023-08-13 12:00:00,5906.65,Tech,5000
451,9,2023-08-14 00:00:00,2413.68,Marketing,5000
452,15,2023-08-14 12:00:00,515.57,Marketing,5000
453,39,2023-08-15 00:00:00,1183.32,Marketing,5000
454,33,2023-08-15 12:00:00,6714.44,Operations,5000
455,1,2023-08-16 00:00:00,5863.15,Marketing,5000
456,5,2023-08-16 12:00:00,5331.46,Operations,5000
457,9,2023-08-17 00:00:00,1088.66,Marketing,5000
458,44,2023-08-17 12:00:00,5137.45,Marketing,5000
459,6,2023-08-18 00:00:00,6188.61,Operations,5000
460,28,2023-08-18 12:00:00,6891.78,Operations,5000
461,45,2023-08-19 00:00:00,155.19,Tech,5000
462,26,2023-08-19 12:00:00,5491.58,Marketing,5000
463,28,2023-08-20 00:00:00,201.83,Operations,5000
464,40,2023-08-20 12:00:00,5669.64,Tech,5000
465,15,2023-08-21 00:00:00,5103.19,Tech,5000
466,6,2023-08-21 12:00:00,1229.37,Operations,5000
467,27,2023-08-22 00:00:00,6140.67,Marketing,5000
468,38,2023-08-22 12:00:00,593.36,Tech,5000
469,4,2023-08-23 00:00:00,6619.87,Marketing,5000
470,11,2023-08-23 12:00:00,2132.34,Marketing,5000
471,21,2023-08-24 00:00:00,5526.37,Tech,5000
472,30,2023-08-24 12:00:00,7393.33,Operations,5000
473,18,2023-08-25 00:00:00,2751.62,Marketing,5000
474,35,2023-08-25 12:00:00,4048.01,HR,5000
475,3,2023-08-26 00:00:00,3731.79,Operations,5000
476,12,2023-08-26 12:00:00,1303.01,Tech,5000
477,27,2023-08-27 00:00:00,4742.98,HR,5000
478,30,2023-08-27 12:00:00,5956.87,Marketing,5000
479,21,2023-08-28 00:00:00,7339.15,Operations,5000
480,38,2023-08-28 12:00:00,6813.88,HR,5000
481,21,2023-08-29 00:00:00,4104.65,Operations,5000
482,38,2023-08-29 12:00:00,5766.19,Marketing,5000
483,40,2023-08-30 00:00:00,6416.23,Operations,5000
484,15,2023-08-30 12:00:00,3973.24,HR,5000
485,18,2023-08-31 00:00:00,967.65,Operations,5000
486,29,2023-08-31 12:00:00,3531.55,Tech,5000
487,48,2023-09-01 00:00:00,6747.7,Tech,5000
488,38,2023-09-01 12:00:00,4793.3,HR,5000
489,21,2023-09-02 00:00:00,5809.44,Operations,5000
490,17,2023-09-02 12:00:00,1522.88,HR,5000
491,41,2023-09-03 00:00:00,7716.49,Operations,5000
492,18,2023-09-03 12:00:00,3262.44,Marketing,5000
493,37,2023-09-04 00:00:00,5246.4,Tech,5000
494,38,2023-09-04 12:00:00,200.03,Marketing,5000
495,12,2023-09-05 00:00:00,1062.19,Operations,5000
496,11,2023-09-05 12:00:00,6267.17,Marketing,5000
497,48,2023-09-06 00:00:00,7745.36,HR,5000
498,49,2023-09-06 12:00:00,2594.44,HR,5000
499,20,2023-09-07 00:00:00,345.59,Operations,5000
500,9,2023-09-07 12:00:00,2918.89,Tech,5000
501,1,2023-09-08 00:00:00,188.87,HR,5000
502,3,2023-09-08 12:00:00,1579.37,Tech,5000
503,21,2023-09-09 00:00:00,6032.15,Operations,5000
504,23,2023-09-09 12:00:00,7499.85,Tech,5000
505,9,2023-09-10 00:00:00,745.22,Operations,5000
506,19,2023-09-10 12:00:00,4485.31,Marketing,5000
507,45,2023-09-11 00:00:00,2068.35,Operations,5000
508,46,2023-09-11 12:00:00,1155.52,Marketing,5000
509,19,2023-09-12 00:00:00,1790.89,Operations,5000
510,23,2023-09-12 12:00:00,4643.22,HR,5000
511,27,2023-09-13 00:00:00,567.82,HR,5000
512,27,2023-09-13 12:00:00,3502.04,Tech,5000
513,39,2023-09-14 00:00:00,1125.06,Operations,5000
514,36,2023-09-14 12:00:00,2217.78,Operations,5000
515,12,2023-09-15 00:00:00,1566.5,Operations,5000
516,27,2023-09-15 12:00:00,7069.66,Tech,5000
517,46,2023-09-16 00:00:00,5678.69,HR,5000
518,34,2023-09-16 12:00:00,6954.28,Operations,5000
519,33,2023-09-17 00:00:00,3098.53,Tech,5000
520,28,2023-09-17 12:00:00,2541.64,Operations,5000
521,31,2023-09-18 00:00:00,3075.67,Marketing,5000
522,32,2023-09-18 12:00:00,197.46,Operations,5000
523,50,2023-09-19 00:00:00,5811.4,Marketing,5000
524,20,2023-09-19 12:00:00,2830.69,Tech,5000
525,40,2023-09-20 00:00:00,2540.92,Tech,5000
526,35,2023-09-20 12:00:00,4805.22,HR,5000
527,31,2023-09-21 00:00:00,3518.19,Operations,5000
528,31,2023-09-21 12:00:00,7847.7,Tech,5000
529,38,2023-09-22 00:00:00,2882.21,HR,5000
530,22,2023-09-22 12:00:00,4930.47,Operations,5000
531,45,2023-09-23 00:00:00,2527.63,Tech,5000
532,41,2023-09-23 12:00:00,7925.23,Marketing,5000
533,9,2023-09-24 00:00:00,3588.63,Tech,5000
534,9,2023-09-24 12:00:00,5091.32,Marketing,5000
535,15,2023-09-25 00:00:00,1057.44,HR,5000
536,13,2023-09-25 12:00:00,5877.54,HR,5000
537,22,2023-09-26 00:00:00,2190.22,Operations,5000
538,16,2023-09-26 12:00:00,3616.48,Operations,5000
539,32,2023-09-27 00:00:00,7070.91,Operations,5000
540,2,2023-09-27 12:00:00,7765.89,HR,5000
541,26,2023-09-28 00:00:00,3425.35,Marketing,5000
542,14,2023-09-28 12:00:00,6686.68,Operations,5000
543,38,2023-09-29 00:00:00,474.12,Operations,5000
544,34,2023-09-29 12:00:00,6788.21,HR,5000
545,8,2023-09-30 00:00:00,5054.61,Marketing,5000
546,36,2023-09-30 12:00:00,3935.21,Tech,5000
547,21,2023-10-01 00:00:00,7125.21,Operations,5000
548,46,2023-10-01 12:00:00,6770.43,Tech,5000
549,43,2023-10-02 00:00:00,2410.71,Tech,5000
550,28,2023-10-02 12:00:00,6342.33,Operations,5000
551,46,2023-10-03 00:00:00,840.95,HR,5000
552,44,2023-10-03 12:00:00,6590.97,Operations,5000
553,48,2023-10-04 00:00:00,5419.87,Marketing,5000
554,6,2023-10-04 12:00:00,748.54,Marketing,5000
555,20,2023-10-05 00:00:00,5480.49,Operations,5000
556,31,2023-10-05 12:00:00,4665.13,Tech,5000
557,33,2023-10-06 00:00:00,4776.67,Marketing,5000
558,44,2023-10-06 12:00:00,2362.37,Marketing,5000
559,7,2023-10-07 00:00:00,2168.65,Operations,5000
560,8,2023-10-07 12:00:00,6112.15,Operations,5000
561,9,2023-10-08 00:00:00,2091.67,HR,5000
562,2,2023-10-08 12:00:00,3597.78,Operations,5000
563,17,2023-10-09 00:00:00,5573.57,Operations,5000
564,45,2023-10-09 12:00:00,682.95,Marketing,5000
565,37,2023-10-10 00:00:00,4776.66,Marketing,5000
566,42,2023-10-10 12:00:00,4735.54,Marketing,5000
567,44,2023-10-11 00:00:00,5489.62,Tech,5000
568,17,2023-10-11 12:00:00,2990.93,Marketing,5000
569,38,2023-10-12 00:00:00,3619.39,Marketing,5000
570,35,2023-10-12 12:00:00,2673.26,Operations,5000
571,47,2023-10-13 00:00:00,6474.94,HR,5000
572,39,2023-10-13 12:00:00,1088.36,Marketing,5000
573,30,2023-10-14 00:00:00,7705.48,HR,5000
574,6,2023-10-14 12:00:00,5096.95,Marketing,5000
575,4,2023-10-15 00:00:00,7100.91,Marketing,5000
576,37,2023-10-15 12:00:00,3438.54,HR,5000
577,35,2023-10-16 00:00:00,2691.62,Operations,5000
578,9,2023-10-16 12:00:00,7210.77,Marketing,5000
579,6,2023-10-17 00:00:00,836.04,HR,5000
580,13,2023-10-17 12:00:00,981.0,Marketing,5000
581,22,2023-10-18 00:00:00,2429.81,Tech,5000
582,28,2023-10-18 12:00:00,7680.21,Tech,5000
583,30,2023-10-19 00:00:00,5082.9,Tech,5000
584,36,2023-10-19 12:00:00,4455.84,Tech,5000
585,2,2023-10-20 00:00:00,5657.58,Operations,5000
586,36,2023-10-20 12:00:00,3368.92,Tech,5000
587,8,2023-10-21 00:00:00,6076.68,HR,5000
588,45,2023-10-21 12:00:00,3176.18,Marketing,5000
589,42,2023-10-22 00:00:00,6619.59,HR,5000
590,50,2023-10-22 12:00:00,2175.0,Tech,5000
591,9,2023-10-23 00:00:00,2256.5,Operations,5000
592,1,2023-10-23 12:00:00,4202.95,Tech,5000
593,13,2023-10-24 00:00:00,3474.55,Tech,5000
594,50,2023-10-24 12:00:00,5202.52,Operations,5000
595,15,2023-10-25 00:00:00,2946.11,Operations,5000
596,32,2023-10-25 12:00:00,1882.88,Operations,5000
597,34,2023-10-26 00:00:00,3784.98,Operations,5000
598,43,2023-10-26 12:00:00,4509.6,Operations,5000
599,31,2023-10-27 00:00:00,1183.67,Operations,5000
600,14,2023-10-27 12:00:00,4475.91,Marketing,5000
601,47,2023-10-28 00:00:00,2588.09,Tech,5000
602,14,2023-10-28 12:00:00,3169.99,Tech,5000
603,48,2023-10-29 00:00:00,2270.58,Operations,5000
604,29,2023-10-29 12:00:00,7454.71,HR,5000
605,47,2023-10-30 00:00:00,5482.52,Operations,5000
606,19,2023-10-30 12:00:00,2136.56,Marketing,5000
607,27,2023-10-31 00:00:00,5178.0,HR,5000
608,9,2023-10-31 12:00:00,6796.15,Marketing,5000
609,37,2023-11-01 00:00:00,3242.96,HR,5000
610,37,2023-11-01 12:00:00,6648.16,HR,5000
611,43,2023-11-02 00:00:00,1277.6,Operations,5000
612,28,2023-11-02 12:00:00,6591.11,Marketing,5000
613,24,2023-11-03 00:00:00,4345.34,HR,5000
614,28,2023-11-03 12:00:00,1822.65,Marketing,5000
615,36,2023-11-04 00:00:00,3286.77,Operations,5000
616,18,2023-11-04 12:00:00,7904.54,Operations,5000
617,25,2023-11-05 00:00:00,6279.27,Operations,5000
618,35,2023-11-05 12:00:00,4621.94,Operations,5000
619,4,2023-11-06 00:00:00,965.55,Tech,5000
620,14,2023-11-06 12:00:00,3371.6,HR,5000
621,39,2023-11-07 00:00:00,2141.26,Tech,5000
622,26,2023-11-07 12:00:00,614.46,Operations,5000
623,8,2023-11-08 00:00:00,4360.52,HR,5000
624,24,2023-11-08 12:00:00,7119.03,HR,5000
625,16,2023-11-09 00:00:00,5421.02,Marketing,5000
626,20,2023-11-09 12:00:00,2034.96,Operations,5000
627,15,2023-11-10 00:00:00,4610.0,Tech,5000
628,7,2023-11-10 12:00:00,7548.71,Marketing,5000
629,17,2023-11-11 00:00:00,5797.17,HR,5000
630,22,2023-11-11 12:00:00,5531.32,Tech,5000
631,22,2023-11-12 00:00:00,7746.86,Operations,5000
632,12,2023-11-12 12:00:00,6401.04,Tech,5000
633,18,2023-11-13 00:00:00,1136.16,Tech,5000
634,46,2023-11-13 12:00:00,2813.7,Tech,5000
635,47,2023-11-14 00:00:00,7722.87,Marketing,5000
636,15,2023-11-14 12:00:00,3943.16,HR,5000
637,37,2023-11-15 00:00:00,937.52,Tech,5000
638,16,2023-11-15 12:00:00,3695.91,HR,5000
639,5,2023-11-16 00:00:00,5591.1,Marketing,5000
640,2,2023-11-16 12:00:00,7980.51,Operations,5000
641,28,2023-11-17 00:00:00,2625.05,Operations,5000
642,41,2023-11-17 12:00:00,4136.99,Tech,5000
643,27,2023-11-18 00:00:00,7043.46,Marketing,5000
644,31,2023-11-18 12:00:00,2874.37,Operations,5000
645,41,2023-11-19 00:00:00,918.63,Marketing,5000
646,36,2023-11-19 12:00:00,7594.04,Marketing,5000
647,47,2023-11-20 00:00:00,3933.1,Tech,5000
648,43,2023-11-20 12:00:00,4047.13,Tech,5000
649,1,2023-11-21 00:00:00,4988.54,Marketing,5000
650,50,2023-11-21 12:00:00,78.12,Marketing,5000
651,29,2023-11-22 00:00:00,7452.49,Tech,5000
652,1,2023-11-22 12:00:00,2923.54,Marketing,5000
653,8,2023-11-23 00:00:00,3205.61,Tech,5000
654,16,2023-11-23 12:00:00,1434.17,HR,5000
655,28,2023-11-24 00:00:00,3056.31,Marketing,5000
656,22,2023-11-24 12:00:00,6441.35,Tech,5000
657,18,2023-11-25 00:00:00,6409.93,Marketing,5000
658,22,2023-11-25 12:00:00,7489.58,Tech,5000
659,41,2023-11-26 00:00:00,3255.67,Marketing,5000
660,12,2023-11-26 12:00:00,5684.34,Operations,5000
661,19,2023-11-27 00:00:00,4082.54,Operations,5000
662,25,2023-11-27 12:00:00,6441.98,Marketing,5000
663,50,2023-11-28 00:00:00,5714.71,Operations,5000
664,5,2023-11-28 12:00:00,2974.83,Marketing,5000
665,34,2023-11-29 00:00:00,2726.56,Marketing,5000
666,39,2023-11-29 12:00:00,2056.92,HR,5000
667,10,2023-11-30 00:00:00,4633.3,HR,5000
668,47,2023-11-30 12:00:00,7712.55,Operations,5000
669,7,2023-12-01 00:00:00,1640.53,HR,5000
670,37,2023-12-01 12:00:00,807.26,HR,5000
671,47,2023-12-02 00:00:00,999.24,Marketing,5000
672,15,2023-12-02 12:00:00,6275.63,Tech,5000
673,42,2023-12-03 00:00:00,2833.33,Marketing,5000
674,24,2023-12-03 12:00:00,1833.72,HR,5000
675,26,2023-12-04 00:00:00,2855.11,Marketing,5000
676,26,2023-12-04 12:00:00,5180.38,Operations,5000
677,46,2023-12-05 00:00:00,4396.96,Tech,5000
678,26,2023-12-05 12:00:00,5961.54,HR,5000
679,10,2023-12-06 00:00:00,2745.64,HR,5000
680,17,2023-12-06 12:00:00,3643.63,Marketing,5000
681,14,2023-12-07 00:00:00,860.65,Marketing,5000
682,2,2023-12-07 12:00:00,630.82,Marketing,5000
683,48,2023-12-08 00:00:00,3724.93,Marketing,5000
684,13,2023-12-08 12:00:00,2447.69,HR,5000
685,27,2023-12-09 00:00:00,4921.76,Marketing,5000
686,9,2023-12-09 12:00:00,391.87,HR,5000
687,7,2023-12-10 00:00:00,1018.04,Marketing,5000
688,48,2023-12-10 12:00:00,6928.27,Tech,5000
689,10,2023-12-11 00:00:00,4552.18,Tech,5000
690,9,2023-12-11 12:00:00,5710.83,Marketing,5000
691,22,2023-12-12 00:00:00,6743.68,Marketing,5000
692,23,2023-12-12 12:00:00,3737.48,Operations,5000
693,7,2023-12-13 00:00:00,6100.43,Tech,5000
694,48,2023-12-13 12:00:00,4220.46,HR,5000
695,9,2023-12-14 00:00:00,1820.85,Tech,5000
696,27,2023-12-14 12:00:00,2734.37,HR,5000
697,24,2023-12-15 00:00:00,3948.29,Marketing,5000
698,29,2023-12-15 12:00:00,2569.24,Tech,5000
699,17,2023-12-16 00:00:00,2717.45,Tech,5000
700,20,2023-12-16 12:00:00,2732.27,Operations,5000
701,7,2023-12-17 00:00:00,1026.58,Operations,5000
702,43,2023-12-17 12:00:00,722.91,Tech,5000
703,40,2023-12-18 00:00:00,419.64,Tech,5000
704,7,2023-12-18 12:00:00,932.1,Tech,5000
705,28,2023-12-19 00:00:00,2782.47,HR,5000
706,19,2023-12-19 12:00:00,4771.28,Marketing,5000
707,20,2023-12-20 00:00:00,1545.77,Operations,5000
708,44,2023-12-20 12:00:00,7109.67,Marketing,5000
709,39,2023-12-21 00:00:00,6476.64,Operations,5000
710,40,2023-12-21 12:00:00,4188.19,Operations,5000
711,7,2023-12-22 00:00:00,5807.47,Operations,5000
712,6,2023-12-22 12:00:00,2962.31,Tech,5000
713,25,2023-12-23 00:00:00,342.38,Operations,5000
714,41,2023-12-23 12:00:00,7239.45,Marketing,5000
715,13,2023-12-24 00:00:00,1065.96,Operations,5000
716,39,2023-12-24 12:00:00,7586.1,Marketing,5000
717,40,2023-12-25 00:00:00,4596.47,Operations,5000
718,22,2023-12-25 12:00:00,2479.23,Operations,5000
719,49,2023-12-26 00:00:00,3989.42,Tech,5000
720,17,2023-12-26 12:00:00,4037.96,Marketing,5000
721,48,2023-12-27 00:00:00,235.13,Operations,5000
722,22,2023-12-27 12:00:00,2875.91,Operations,5000
723,34,2023-12-28 00:00:00,5931.93,Marketing,5000
724,8,2023-12-28 12:00:00,4105.05,Operations,5000
725,49,2023-12-29 00:00:00,1991.63,HR,5000
726,45,2023-12-29 12:00:00,2714.12,Tech,5000
727,18,2023-12-30 00:00:00,6911.28,Marketing,5000
728,24,2023-12-30 12:00:00,4228.12,Tech,5000
729,42,2023-12-31 00:00:00,4250.4,HR,5000
730,2,2023-12-31 12:00:00,7693.67,HR,5000
731,2,2024-01-01 00:00:00,2601.01,HR,5000
732,27,2024-01-01 12:00:00,3862.35,Marketing,5000
733,14,2024-01-02 00:00:00,6503.12,HR,5000
734,48,2024-01-02 12:00:00,6083.35,Marketing,5000
735,39,2024-01-03 00:00:00,2163.11,Marketing,5000
736,12,2024-01-03 12:00:00,1251.17,Operations,5000
737,32,2024-01-04 00:00:00,5620.6,Marketing,5000
738,28,2024-01-04 12:00:00,2098.37,HR,5000
739,28,2024-01-05 00:00:00,7385.27,Marketing,5000
740,46,2024-01-05 12:00:00,1077.52,Marketing,5000
741,25,2024-01-06 00:00:00,2580.61,Tech,5000
742,4,2024-01-06 12:00:00,485.56,HR,5000
743,26,2024-01-07 00:00:00,5641.28,Marketing,5000
744,36,2024-01-07 12:00:00,7135.54,Operations,5000
745,50,2024-01-08 00:00:00,5105.2,Marketing,5000
746,3,2024-01-08 12:00:00,7505.14,Marketing,5000
747,1,2024-01-09 00:00:00,1071.61,Tech,5000
748,17,2024-01-09 12:00:00,747.48,HR,5000
749,7,2024-01-10 00:00:00,6715.38,HR,5000
750,48,2024-01-10 12:00:00,6851.31,Operations,5000
751,5,2024-01-11 00:00:00,6656.76,Operations,5000
752,19,2024-01-11 12:00:00,6401.77,Operations,5000
753,39,2024-01-12 00:00:00,2929.72,Marketing,5000
754,46,2024-01-12 12:00:00,1778.82,Marketing,5000
755,34,2024-01-13 00:00:00,7433.99,Operations,5000
756,35,2024-01-13 12:00:00,2490.65,HR,5000
757,49,2024-01-14 00:00:00,3217.34,HR,5000
758,16,2024-01-14 12:00:00,5611.49,Operations,5000
759,40,2024-01-15 00:00:00,2382.18,Tech,5000
760,50,2024-01-15 12:00:00,6562.09,HR,5000
761,47,2024-01-16 00:00:00,606.78,HR,5000
762,39,2024-01-16 12:00:00,6339.9,Operations,5000
763,27,2024-01-17 00:00:00,4834.72,HR,5000
764,41,2024-01-17 12:00:00,4605.3,Marketing,5000
765,38,2024-01-18 00:00:00,3694.1,Marketing,5000
766,50,2024-01-18 12:00:00,2252.51,HR,5000
767,50,2024-01-19 00:00:00,3739.36,Marketing,5000
768,25,2024-01-19 12:00:00,3627.73,Tech,5000
769,26,2024-01-20 00:00:00,4690.85,HR,5000
770,14,2024-01-20 12:00:00,2288.52,Operations,5000
771,14,2024-01-21 00:00:00,666.88,Marketing,5000
772,14,2024-01-21 12:00:00,1203.46,Tech,5000
773,25,2024-01-22 00:00:00,5608.46,Tech,5000
774,36,2024-01-22 12:00:00,228.81,Marketing,5000
775,4,2024-01-23 00:00:00,6858.72,Tech,5000
776,47,2024-01-23 12:00:00,5570.46,HR,5000
777,15,2024-01-24 00:00:00,6156.29,Tech,5000
778,32,2024-01-24 12:00:00,6696.08,Marketing,5000
779,18,2024-01-25 00:00:00,1025.55,Tech,5000
780,14,2024-01-25 12:00:00,6588.49,Marketing,5000
781,1,2024-01-26 00:00:00,4061.91,Marketing,5000
782,42,2024-01-26 12:00:00,7089.91,Tech,5000
783,20,2024-01-27 00:00:00,7098.36,Marketing,5000
784,10,2024-01-27 12:00:00,242.22,Marketing,5000
785,10,2024-01-28 00:00:00,3093.78,Operations,5000
786,24,2024-01-28 12:00:00,4234.87,HR,5000
787,34,2024-01-29 00:00:00,5442.96,Marketing,5000
788,28,2024-01-29 12:00:00,2325.18,HR,5000
789,27,2024-01-30 00:00:00,2054.53,Operations,5000
790,40,2024-01-30 12:00:00,3081.06,Operations,5000
791,1,2024-01-31 00:00:00,4032.46,Operations,5000
792,33,2024-01-31 12:00:00,7611.61,Operations,5000
793,4,2024-02-01 00:00:00,6108.76,HR,5000
794,7,2024-02-01 12:00:00,3463.1,Tech,5000
795,9,2024-02-02 00:00:00,482.21,Tech,5000
796,16,2024-02-02 12:00:00,1389.74,HR,5000
797,5,2024-02-03 00:00:00,3674.6,Marketing,5000
798,34,2024-02-03 12:00:00,6519.92,HR,5000
799,23,2024-02-04 00:00:00,3076.53,Marketing,5000
800,43,2024-02-04 12:00:00,4331.05,Marketing,5000
801,50,2024-02-05 00:00:00,7139.85,Tech,5000
802,25,2024-02-05 12:00:00,7314.68,Operations,5000
803,13,2024-02-06 00:00:00,1765.41,Tech,5000
804,24,2024-02-06 12:00:00,396.58,Tech,5000
805,11,2024-02-07 00:00:00,2478.01,HR,5000
806,17,2024-02-07 12:00:00,5581.63,HR,5000
807,37,2024-02-08 00:00:00,7611.34,Marketing,5000
808,13,2024-02-08 12:00:00,662.4,HR,5000
809,27,2024-02-09 00:00:00,276.45,Marketing,5000
810,20,2024-02-09 12:00:00,7078.97,Marketing,5000
811,33,2024-02-10 00:00:00,5997.75,Operations,5000
812,42,2024-02-10 12:00:00,7938.38,Operations,5000
813,32,2024-02-11 00:00:00,3204.5,Tech,5000
814,8,2024-02-11 12:00:00,3357.6,Operations,5000
815,29,2024-02-12 00:00:00,1419.88,Marketing,5000
816,40,2024-02-12 12:00:00,970.98,HR,5000
817,19,2024-02-13 00:00:00,4650.81,Operations,5000
818,6,2024-02-13 12:00:00,2946.07,Operations,5000
819,44,2024-02-14 00:00:00,688.52,Operations,5000
820,39,2024-02-14 12:00:00,7101.55,Operations,5000
821,48,2024-02-15 00:00:00,1626.93,Marketing,5000
822,41,2024-02-15 12:00:00,6001.25,Marketing,5000
823,21,2024-02-16 00:00:00,2293.72,Tech,5000
824,22,2024-02-16 12:00:00,6512.59,HR,5000
825,42,2024-02-17 00:00:00,991.25,Tech,5000
826,10,2024-02-17 12:00:00,6060.77,Tech,5000
827,10,2024-02-18 00:00:00,830.05,Operations,5000
828,29,2024-02-18 12:00:00,3602.98,HR,5000
829,16,2024-02-19 00:00:00,5885.33,Operations,5000
830,1,2024-02-19 12:00:00,1427.09,Marketing,5000
831,17,2024-02-20 00:00:00,2321.04,Tech,5000
832,30,2024-02-20 12:00:00,6924.9,HR,5000
833,26,2024-02-21 00:00:00,7086.7,Marketing,5000
834,46,2024-02-21 12:00:00,407.24,Tech,5000
835,19,2024-02-22 00:00:00,1386.32,HR,5000
836,21,2024-02-22 12:00:00,983.9,Tech,5000
837,17,2024-02-23 00:00:00,1478.56,HR,5000
838,46,2024-02-23 12:00:00,7762.99,Tech,5000
839,40,2024-02-24 00:00:00,4435.66,Operations,5000
840,21,2024-02-24 12:00:00,3771.49,Tech,5000
841,41,2024-02-25 00:00:00,7876.52,Tech,5000
842,40,2024-02-25 12:00:00,4477.8,HR,5000
843,45,2024-02-26 00:00:00,5305.89,HR,5000
844,49,2024-02-26 12:00:00,2695.53,Operations,5000
845,19,2024-02-27 00:00:00,3087.81,HR,5000
846,7,2024-02-27 12:00:00,4775.55,Tech,5000
847,17,2024-02-28 00:00:00,604.8,HR,5000
848,1,2024-02-28 12:00:00,2084.27,HR,5000
849,37,2024-02-29 00:00:00,1614.65,HR,5000
850,6,2024-02-29 12:00:00,176.35,Operations,5000
851,26,2024-03-01 00:00:00,4318.37,Operations,5000
852,2,2024-03-01 12:00:00,4510.37,Marketing,5000
853,32,2024-03-02 00:00:00,3102.32,Operations,5000
854,48,2024-03-02 12:00:00,2186.38,Operations,5000
855,5,2024-03-03 00:00:00,5233.88,Operations,5000
856,37,2024-03-03 12:00:00,1120.54,Tech,5000
857,31,2024-03-04 00:00:00,4172.99,Marketing,5000
858,12,2024-03-04 12:00:00,6156.19,Tech,5000
859,35,2024-03-05 00:00:00,1356.17,Operations,5000
860,30,2024-03-05 12:00:00,6038.41,Operations,5000
861,48,2024-03-06 00:00:00,6098.32,Marketing,5000
862,6,2024-03-06 12:00:00,526.42,Marketing,5000
863,15,2024-03-07 00:00:00,199.34,HR,5000
864,15,2024-03-07 12:00:00,7792.79,Operations,5000
865,16,2024-03-08 00:00:00,1587.39,Operations,5000
866,20,2024-03-08 12:00:00,6586.01,Tech,5000
867,13,2024-03-09 00:00:00,4516.71,HR,5000
868,44,2024-03-09 12:00:00,2152.55,Operations,5000
869,42,2024-03-10 00:00:00,1083.26,Tech,5000
870,46,2024-03-10 12:00:00,3998.58,Marketing,5000
871,31,2024-03-11 00:00:00,3288.47,Tech,5000
872,34,2024-03-11 12:00:00,5606.14,Operations,5000
873,29,2024-03-12 00:00:00,7238.14,Tech,5000
874,3,2024-03-12 12:00:00,6451.72,Tech,5000
875,9,2024-03-13 00:00:00,2231.89,HR,5000
876,11,2024-03-13 12:00:00,7037.52,HR,5000
877,11,2024-03-14 00:00:00,6675.46,Marketing,5000
878,25,2024-03-14 12:00:00,7436.63,HR,5000
879,22,2024-03-15 00:00:00,3696.35,Tech,5000
880,42,2024-03-15 12:00:00,6160.17,HR,5000
881,46,2024-03-16 00:00:00,4753.68,Operations,5000
882,9,2024-03-16 12:00:00,2518.5,Tech,5000
883,20,2024-03-17 00:00:00,7955.73,Tech,5000
884,21,2024-03-17 12:00:00,354.54,Tech,5000
885,10,2024-03-18 00:00:00,1340.07,Operations,5000
886,22,2024-03-18 12:00:00,7145.71,Tech,5000
887,29,2024-03-19 00:00:00,531.47,HR,5000
888,9,2024-03-19 12:00:00,7100.22,Operations,5000
889,5,2024-03-20 00:00:00,5736.01,Tech,5000
890,40,2024-03-20 12:00:00,341.64,HR,5000
891,11,2024-03-21 00:00:00,3463.09,HR,5000
892,1,2024-03-21 12:00:00,6048.05,Marketing,5000
893,42,2024-03-22 00:00:00,4685.65,HR,5000
894,1,2024-03-22 12:00:00,7490.18,HR,5000
895,39,2024-03-23 00:00:00,6947.77,Marketing,5000
896,46,2024-03-23 12:00:00,2694.55,Marketing,5000
897,5,2024-03-24 00:00:00,722.79,Operations,5000
898,49,2024-03-24 12:00:00,7556.84,HR,5000
899,22,2024-03-25 00:00:00,4162.43,Operations,5000
900,26,2024-03-25 12:00:00,641.46,Operations,5000
901,6,2024-03-26 00:00:00,6541.78,Tech,5000
902,32,2024-03-26 12:00:00,6954.63,Operations,5000
903,48,2024-03-27 00:00:00,5133.43,Operations,5000
904,11,2024-03-27 12:00:00,3607.7,Operations,5000
905,10,2024-03-28 00:00:00,5314.28,Operations,5000
906,47,2024-03-28 12:00:00,5668.14,Marketing,5000
907,39,2024-03-29 00:00:00,7149.59,HR,5000
908,34,2024-03-29 12:00:00,7649.1,Tech,5000
909,31,2024-03-30 00:00:00,4138.85,Marketing,5000
910,12,2024-03-30 12:00:00,6398.03,Tech,5000
911,44,2024-03-31 00:00:00,7717.85,Tech,5000
912,16,2024-03-31 12:00:00,1252.38,Marketing,5000
913,38,2024-04-01 00:00:00,195.23,Operations,5000
914,3,2024-04-01 12:00:00,6958.26,Marketing,5000
915,2,2024-04-02 00:00:00,1602.42,Tech,5000
916,5,2024-04-02 12:00:00,387.71,Tech,5000
917,11,2024-04-03 00:00:00,1322.76,Operations,5000
918,25,2024-04-03 12:00:00,3103.71,Marketing,5000
919,35,2024-04-04 00:00:00,1793.16,HR,5000
920,35,2024-04-04 12:00:00,2476.77,Tech,5000
921,22,2024-04-05 00:00:00,7803.59,Marketing,5000
922,37,2024-04-05 12:00:00,5650.02,Operations,5000
923,22,2024-04-06 00:00:00,5711.92,Operations,5000
924,11,2024-04-06 12:00:00,802.75,HR,5000
925,32,2024-04-07 00:00:00,5870.18,Tech,5000
926,35,2024-04-07 12:00:00,5927.79,HR,5000
927,31,2024-04-08 00:00:00,5294.97,HR,5000
928,45,2024-04-08 12:00:00,1866.07,HR,5000
929,8,2024-04-09 00:00:00,3413.14,HR,5000
930,20,2024-04-09 12:00:00,6777.9,Operations,5000
931,42,2024-04-10 00:00:00,5378.1,Tech,5000
932,34,2024-04-10 12:00:00,5875.51,HR,5000
933,4,2024-04-11 00:00:00,4719.63,Tech,5000
934,18,2024-04-11 12:00:00,3624.21,Operations,5000
935,4,2024-04-12 00:00:00,6084.46,Operations,5000
936,20,2024-04-12 12:00:00,590.01,Marketing,5000
937,9,2024-04-13 00:00:00,5401.63,Marketing,5000
938,16,2024-04-13 12:00:00,7977.78,Tech,5000
939,26,2024-04-14 00:00:00,6252.53,Marketing,5000
940,38,2024-04-14 12:00:00,2359.98,HR,5000
941,25,2024-04-15 00:00:00,2258.66,Tech,5000
942,4,2024-04-15 12:00:00,5354.39,Operations,5000
943,41,2024-04-16 00:00:00,7172.04,Operations,5000
944,45,2024-04-16 12:00:00,4644.7,HR,5000
945,41,2024-04-17 00:00:00,4242.85,Marketing,5000
946,38,2024-04-17 12:00:00,1325.05,Tech,5000
947,19,2024-04-18 00:00:00,5737.88,Tech,5000
948,14,2024-04-18 12:00:00,5633.27,HR,5000
949,21,2024-04-19 00:00:00,7737.26,Marketing,5000
950,15,2024-04-19 12:00:00,2436.53,Tech,5000
951,3,2024-04-20 00:00:00,6063.74,HR,5000
952,37,2024-04-20 12:00:00,3500.82,Tech,5000
953,50,2024-04-21 00:00:00,4489.86,Operations,5000
954,46,2024-04-21 12:00:00,6540.81,Tech,5000
955,16,2024-04-22 00:00:00,1814.86,Tech,5000
956,14,2024-04-22 12:00:00,2775.81,Tech,5000
957,9,2024-04-23 00:00:00,6197.8,Marketing,5000
958,47,2024-04-23 12:00:00,4585.14,Marketing,5000
959,7,2024-04-24 00:00:00,784.76,HR,5000
960,14,2024-04-24 12:00:00,3469.98,Marketing,5000
961,6,2024-04-25 00:00:00,4713.73,Tech,5000
962,21,2024-04-25 12:00:00,7280.66,Tech,5000
963,15,2024-04-26 00:00:00,1548.48,Marketing,5000
964,8,2024-04-26 12:00:00,6457.33,Marketing,5000
965,34,2024-04-27 00:00:00,1088.46,Tech,5000
966,40,2024-04-27 12:00:00,1975.77,Tech,5000
967,1,2024-04-28 00:00:00,1984.58,Operations,5000
968,32,2024-04-28 12:00:00,7025.96,HR,5000
969,49,2024-04-29 00:00:00,1632.19,Marketing,5000
970,5,2024-04-29 12:00:00,6306.34,HR,5000
971,30,2024-04-30 00:00:00,3721.36,Tech,5000
972,22,2024-04-30 12:00:00,7992.77,HR,5000
973,20,2024-05-01 00:00:00,6720.78,Marketing,5000
974,16,2024-05-01 12:00:00,5930.64,Marketing,5000
975,7,2024-05-02 00:00:00,6972.27,HR,5000
976,7,2024-05-02 12:00:00,5090.54,Marketing,5000
977,50,2024-05-03 00:00:00,6757.04,Operations,5000
978,50,2024-05-03 12:00:00,2125.96,Tech,5000
979,2,2024-05-04 00:00:00,826.74,Tech,5000
980,47,2024-05-04 12:00:00,4946.66,Marketing,5000
981,14,2024-05-05 00:00:00,3505.79,Tech,5000
982,31,2024-05-05 12:00:00,3440.2,Operations,5000
983,50,2024-05-06 00:00:00,4237.65,Marketing,5000
984,41,2024-05-06 12:00:00,2922.99,Operations,5000
985,14,2024-05-07 00:00:00,5027.17,Operations,5000
986,5,2024-05-07 12:00:00,293.02,Tech,5000
987,11,2024-05-08 00:00:00,7760.64,Tech,5000
988,40,2024-05-08 12:00:00,7401.44,HR,5000
989,5,2024-05-09 00:00:00,7485.4,Operations,5000
990,29,2024-05-09 12:00:00,2951.78,Tech,5000
991,11,2024-05-10 00:00:00,4278.53,Operations,5000
992,5,2024-05-10 12:00:00,7635.34,HR,5000
993,49,2024-05-11 00:00:00,7223.65,Operations,5000
994,32,2024-05-11 12:00:00,6332.44,Marketing,5000
995,36,2024-05-12 00:00:00,3288.29,HR,5000
996,15,2024-05-12 12:00:00,4536.5,HR,5000
997,19,2024-05-13 00:00:00,6353.65,Operations,5000
998,22,2024-05-13 12:00:00,2220.45,Operations,5000
999,34,2024-05-14 00:00:00,5030.27,Tech,5000
1000,17,2024-05-14 12:00:00,6632.08,Marketing,5000
