order_id,customer_id,order_date,order_amount,status
1,720,2023-01-01 00:00:00,183.69,completed
2,749,2023-01-01 01:00:00,991.35,completed
3,338,2023-01-01 02:00:00,247.04,canceled
4,879,2023-01-01 03:00:00,943.88,completed
5,53,2023-01-01 04:00:00,656.65,completed
6,792,2023-01-01 05:00:00,615.58,canceled
7,922,2023-01-01 06:00:00,522.43,completed
8,217,2023-01-01 07:00:00,246.06,pending
9,764,2023-01-01 08:00:00,193.0,completed
10,188,2023-01-01 09:00:00,236.08,completed
11,380,2023-01-01 10:00:00,202.71,pending
12,493,2023-01-01 11:00:00,783.99,pending
13,41,2023-01-01 12:00:00,363.12,pending
14,157,2023-01-01 13:00:00,76.69,pending
15,15,2023-01-01 14:00:00,969.72,completed
16,813,2023-01-01 15:00:00,886.11,pending
17,65,2023-01-01 16:00:00,929.2,pending
18,857,2023-01-01 17:00:00,995.01,canceled
19,839,2023-01-01 18:00:00,190.42,pending
20,521,2023-01-01 19:00:00,408.32,pending
21,344,2023-01-01 20:00:00,763.07,canceled
22,129,2023-01-01 21:00:00,702.1,canceled
23,648,2023-01-01 22:00:00,170.82,completed
24,472,2023-01-01 23:00:00,819.52,canceled
25,63,2023-01-02 00:00:00,239.95,completed
26,139,2023-01-02 01:00:00,239.34,canceled
27,499,2023-01-02 02:00:00,546.23,canceled
28,593,2023-01-02 03:00:00,601.08,completed
29,392,2023-01-02 04:00:00,588.48,canceled
30,675,2023-01-02 05:00:00,109.66,completed
31,419,2023-01-02 06:00:00,879.91,canceled
32,289,2023-01-02 07:00:00,280.29,pending
33,379,2023-01-02 08:00:00,146.92,canceled
34,773,2023-01-02 09:00:00,890.97,completed
35,490,2023-01-02 10:00:00,956.54,canceled
36,231,2023-01-02 11:00:00,864.89,completed
37,41,2023-01-02 12:00:00,813.33,completed
38,28,2023-01-02 13:00:00,662.14,pending
39,135,2023-01-02 14:00:00,559.84,pending
40,201,2023-01-02 15:00:00,105.25,completed
41,840,2023-01-02 16:00:00,420.28,canceled
42,780,2023-01-02 17:00:00,385.23,completed
43,930,2023-01-02 18:00:00,274.56,completed
44,33,2023-01-02 19:00:00,728.95,canceled
45,48,2023-01-02 20:00:00,505.96,canceled
46,503,2023-01-02 21:00:00,99.43,canceled
47,407,2023-01-02 22:00:00,235.78,canceled
48,574,2023-01-02 23:00:00,689.59,completed
49,728,2023-01-03 00:00:00,94.61,completed
50,805,2023-01-03 01:00:00,854.18,pending
51,99,2023-01-03 02:00:00,505.24,completed
52,684,2023-01-03 03:00:00,490.97,canceled
53,872,2023-01-03 04:00:00,600.56,pending
54,726,2023-01-03 05:00:00,828.19,canceled
55,987,2023-01-03 06:00:00,360.85,completed
56,547,2023-01-03 07:00:00,684.46,pending
57,961,2023-01-03 08:00:00,574.42,canceled
58,739,2023-01-03 09:00:00,281.69,pending
59,613,2023-01-03 10:00:00,881.06,pending
60,943,2023-01-03 11:00:00,801.48,completed
61,462,2023-01-03 12:00:00,665.28,canceled
62,643,2023-01-03 13:00:00,853.57,pending
63,769,2023-01-03 14:00:00,869.95,pending
64,5,2023-01-03 15:00:00,714.2,canceled
65,218,2023-01-03 16:00:00,840.27,pending
66,503,2023-01-03 17:00:00,703.52,pending
67,767,2023-01-03 18:00:00,686.54,pending
68,398,2023-01-03 19:00:00,626.24,canceled
69,871,2023-01-03 20:00:00,757.66,canceled
70,795,2023-01-03 21:00:00,175.43,canceled
71,393,2023-01-03 22:00:00,883.25,canceled
72,207,2023-01-03 23:00:00,874.41,completed
73,15,2023-01-04 00:00:00,48.66,pending
74,858,2023-01-04 01:00:00,829.3,canceled
75,554,2023-01-04 02:00:00,146.29,pending
76,892,2023-01-04 03:00:00,348.42,pending
77,461,2023-01-04 04:00:00,748.64,completed
78,691,2023-01-04 05:00:00,177.54,canceled
79,575,2023-01-04 06:00:00,821.61,canceled
80,864,2023-01-04 07:00:00,835.49,pending
81,743,2023-01-04 08:00:00,517.32,canceled
82,241,2023-01-04 09:00:00,26.26,pending
83,564,2023-01-04 10:00:00,301.3,pending
84,96,2023-01-04 11:00:00,624.59,completed
85,900,2023-01-04 12:00:00,981.56,completed
86,734,2023-01-04 13:00:00,639.18,completed
87,485,2023-01-04 14:00:00,274.61,pending
88,407,2023-01-04 15:00:00,641.33,canceled
89,231,2023-01-04 16:00:00,549.19,completed
90,749,2023-01-04 17:00:00,784.25,canceled
91,655,2023-01-04 18:00:00,124.84,completed
92,171,2023-01-04 19:00:00,765.81,completed
93,541,2023-01-04 20:00:00,550.44,pending
94,36,2023-01-04 21:00:00,963.73,completed
95,525,2023-01-04 22:00:00,355.03,completed
96,160,2023-01-04 23:00:00,639.97,pending
97,839,2023-01-05 00:00:00,933.39,canceled
98,699,2023-01-05 01:00:00,120.46,completed
99,243,2023-01-05 02:00:00,938.48,pending
100,86,2023-01-05 03:00:00,694.13,completed
101,796,2023-01-05 04:00:00,86.48,pending
102,578,2023-01-05 05:00:00,314.94,canceled
103,682,2023-01-05 06:00:00,714.01,canceled
104,557,2023-01-05 07:00:00,86.0,pending
105,574,2023-01-05 08:00:00,590.53,pending
106,953,2023-01-05 09:00:00,358.97,pending
107,646,2023-01-05 10:00:00,628.5,canceled
108,796,2023-01-05 11:00:00,64.83,completed
109,28,2023-01-05 12:00:00,874.11,canceled
110,620,2023-01-05 13:00:00,974.02,pending
111,556,2023-01-05 14:00:00,969.5,pending
112,340,2023-01-05 15:00:00,754.66,canceled
113,798,2023-01-05 16:00:00,147.48,pending
114,958,2023-01-05 17:00:00,763.1,canceled
115,331,2023-01-05 18:00:00,44.1,pending
116,640,2023-01-05 19:00:00,41.68,completed
117,506,2023-01-05 20:00:00,337.14,completed
118,348,2023-01-05 21:00:00,498.87,pending
119,473,2023-01-05 22:00:00,775.0,canceled
120,231,2023-01-05 23:00:00,689.63,completed
121,190,2023-01-06 00:00:00,456.98,canceled
122,225,2023-01-06 01:00:00,288.15,pending
123,385,2023-01-06 02:00:00,997.18,canceled
124,377,2023-01-06 03:00:00,437.66,completed
125,283,2023-01-06 04:00:00,462.36,canceled
126,958,2023-01-06 05:00:00,180.35,canceled
127,633,2023-01-06 06:00:00,798.91,pending
128,628,2023-01-06 07:00:00,699.81,pending
129,973,2023-01-06 08:00:00,236.35,pending
130,745,2023-01-06 09:00:00,100.73,completed
131,259,2023-01-06 10:00:00,686.89,completed
132,359,2023-01-06 11:00:00,661.42,pending
133,710,2023-01-06 12:00:00,287.79,pending
134,456,2023-01-06 13:00:00,951.85,completed
135,411,2023-01-06 14:00:00,168.04,completed
136,649,2023-01-06 15:00:00,443.69,completed
137,318,2023-01-06 16:00:00,944.74,completed
138,677,2023-01-06 17:00:00,431.33,pending
139,225,2023-01-06 18:00:00,645.76,completed
140,819,2023-01-06 19:00:00,409.64,pending
141,234,2023-01-06 20:00:00,288.73,canceled
142,684,2023-01-06 21:00:00,984.3,canceled
143,664,2023-01-06 22:00:00,421.15,completed
144,975,2023-01-06 23:00:00,896.22,canceled
145,827,2023-01-07 00:00:00,245.36,canceled
146,374,2023-01-07 01:00:00,228.84,canceled
147,672,2023-01-07 02:00:00,50.51,completed
148,608,2023-01-07 03:00:00,658.63,completed
149,472,2023-01-07 04:00:00,381.16,canceled
150,233,2023-01-07 05:00:00,867.07,pending
151,692,2023-01-07 06:00:00,483.75,canceled
152,113,2023-01-07 07:00:00,968.83,completed
153,830,2023-01-07 08:00:00,201.82,completed
154,497,2023-01-07 09:00:00,871.25,completed
155,442,2023-01-07 10:00:00,781.06,canceled
156,564,2023-01-07 11:00:00,775.5,pending
157,268,2023-01-07 12:00:00,847.89,completed
158,510,2023-01-07 13:00:00,765.8,completed
159,807,2023-01-07 14:00:00,633.7,canceled
160,386,2023-01-07 15:00:00,148.62,pending
161,387,2023-01-07 16:00:00,51.88,canceled
162,113,2023-01-07 17:00:00,922.43,completed
163,613,2023-01-07 18:00:00,624.32,pending
164,625,2023-01-07 19:00:00,800.61,pending
165,952,2023-01-07 20:00:00,491.89,completed
166,81,2023-01-07 21:00:00,134.96,pending
167,699,2023-01-07 22:00:00,142.68,pending
168,113,2023-01-07 23:00:00,691.85,canceled
169,2,2023-01-08 00:00:00,441.7,completed
170,642,2023-01-08 01:00:00,216.51,completed
171,220,2023-01-08 02:00:00,501.76,completed
172,566,2023-01-08 03:00:00,82.92,completed
173,855,2023-01-08 04:00:00,590.33,completed
174,997,2023-01-08 05:00:00,283.61,pending
175,736,2023-01-08 06:00:00,801.61,canceled
176,225,2023-01-08 07:00:00,324.15,completed
177,385,2023-01-08 08:00:00,466.12,canceled
178,403,2023-01-08 09:00:00,31.39,canceled
179,638,2023-01-08 10:00:00,91.0,pending
180,130,2023-01-08 11:00:00,404.64,completed
181,53,2023-01-08 12:00:00,490.34,pending
182,684,2023-01-08 13:00:00,608.02,completed
183,730,2023-01-08 14:00:00,305.83,pending
184,672,2023-01-08 15:00:00,701.08,canceled
185,710,2023-01-08 16:00:00,862.92,completed
186,416,2023-01-08 17:00:00,784.25,canceled
187,247,2023-01-08 18:00:00,58.83,canceled
188,836,2023-01-08 19:00:00,490.9,pending
189,439,2023-01-08 20:00:00,122.83,completed
190,203,2023-01-08 21:00:00,257.2,canceled
191,184,2023-01-08 22:00:00,986.93,pending
192,123,2023-01-08 23:00:00,159.65,completed
193,401,2023-01-09 00:00:00,508.91,completed
194,767,2023-01-09 01:00:00,625.79,canceled
195,294,2023-01-09 02:00:00,708.42,completed
196,280,2023-01-09 03:00:00,568.46,canceled
197,837,2023-01-09 04:00:00,29.58,completed
198,884,2023-01-09 05:00:00,339.93,pending
199,610,2023-01-09 06:00:00,527.36,canceled
200,198,2023-01-09 07:00:00,106.11,canceled
201,982,2023-01-09 08:00:00,363.61,completed
202,907,2023-01-09 09:00:00,52.54,completed
203,511,2023-01-09 10:00:00,97.01,canceled
204,752,2023-01-09 11:00:00,408.98,completed
205,144,2023-01-09 12:00:00,150.06,pending
206,609,2023-01-09 13:00:00,576.19,completed
207,201,2023-01-09 14:00:00,695.68,pending
208,124,2023-01-09 15:00:00,804.57,pending
209,187,2023-01-09 16:00:00,216.15,pending
210,326,2023-01-09 17:00:00,184.13,pending
211,464,2023-01-09 18:00:00,122.48,pending
212,349,2023-01-09 19:00:00,643.7,completed
213,771,2023-01-09 20:00:00,712.35,pending
214,660,2023-01-09 21:00:00,50.95,completed
215,764,2023-01-09 22:00:00,937.49,pending
216,955,2023-01-09 23:00:00,70.93,canceled
217,932,2023-01-10 00:00:00,550.47,pending
218,403,2023-01-10 01:00:00,714.88,canceled
219,346,2023-01-10 02:00:00,873.55,pending
220,963,2023-01-10 03:00:00,719.81,pending
221,511,2023-01-10 04:00:00,805.69,pending
222,147,2023-01-10 05:00:00,352.66,canceled
223,148,2023-01-10 06:00:00,818.53,canceled
224,864,2023-01-10 07:00:00,98.51,pending
225,711,2023-01-10 08:00:00,896.92,completed
226,820,2023-01-10 09:00:00,556.64,pending
227,489,2023-01-10 10:00:00,820.95,canceled
228,929,2023-01-10 11:00:00,463.27,pending
229,936,2023-01-10 12:00:00,650.71,canceled
230,640,2023-01-10 13:00:00,535.87,canceled
231,551,2023-01-10 14:00:00,736.96,canceled
232,338,2023-01-10 15:00:00,100.0,pending
233,872,2023-01-10 16:00:00,79.15,canceled
234,641,2023-01-10 17:00:00,262.16,canceled
235,779,2023-01-10 18:00:00,176.35,pending
236,988,2023-01-10 19:00:00,874.35,canceled
237,953,2023-01-10 20:00:00,234.83,pending
238,473,2023-01-10 21:00:00,976.35,canceled
239,946,2023-01-10 22:00:00,350.16,completed
240,151,2023-01-10 23:00:00,198.48,completed
241,415,2023-01-11 00:00:00,793.9,canceled
242,990,2023-01-11 01:00:00,665.53,completed
243,298,2023-01-11 02:00:00,508.23,pending
244,611,2023-01-11 03:00:00,564.26,completed
245,263,2023-01-11 04:00:00,724.82,canceled
246,764,2023-01-11 05:00:00,243.89,canceled
247,144,2023-01-11 06:00:00,996.41,pending
248,346,2023-01-11 07:00:00,975.3,canceled
249,624,2023-01-11 08:00:00,657.32,pending
250,572,2023-01-11 09:00:00,215.55,completed
251,881,2023-01-11 10:00:00,686.62,completed
252,2,2023-01-11 11:00:00,90.75,pending
253,897,2023-01-11 12:00:00,50.04,pending
254,304,2023-01-11 13:00:00,272.53,canceled
255,254,2023-01-11 14:00:00,473.37,completed
256,652,2023-01-11 15:00:00,870.91,pending
257,453,2023-01-11 16:00:00,732.63,completed
258,37,2023-01-11 17:00:00,747.85,pending
259,160,2023-01-11 18:00:00,436.98,completed
260,9,2023-01-11 19:00:00,359.02,canceled
261,233,2023-01-11 20:00:00,383.62,completed
262,99,2023-01-11 21:00:00,987.9,completed
263,659,2023-01-11 22:00:00,59.31,completed
264,816,2023-01-11 23:00:00,869.69,completed
265,208,2023-01-12 00:00:00,587.1,completed
266,131,2023-01-12 01:00:00,449.84,canceled
267,404,2023-01-12 02:00:00,730.75,pending
268,152,2023-01-12 03:00:00,496.94,completed
269,54,2023-01-12 04:00:00,875.95,canceled
270,120,2023-01-12 05:00:00,902.69,completed
271,673,2023-01-12 06:00:00,433.29,completed
272,920,2023-01-12 07:00:00,291.29,pending
273,628,2023-01-12 08:00:00,600.5,completed
274,587,2023-01-12 09:00:00,914.12,canceled
275,625,2023-01-12 10:00:00,226.45,canceled
276,968,2023-01-12 11:00:00,630.51,pending
277,420,2023-01-12 12:00:00,638.93,completed
278,422,2023-01-12 13:00:00,738.45,canceled
279,104,2023-01-12 14:00:00,148.94,completed
280,852,2023-01-12 15:00:00,721.51,completed
281,254,2023-01-12 16:00:00,910.85,completed
282,227,2023-01-12 17:00:00,196.09,pending
283,112,2023-01-12 18:00:00,252.79,completed
284,510,2023-01-12 19:00:00,971.97,canceled
285,473,2023-01-12 20:00:00,197.36,completed
286,99,2023-01-12 21:00:00,857.3,canceled
287,153,2023-01-12 22:00:00,502.43,completed
288,861,2023-01-12 23:00:00,262.29,canceled
289,914,2023-01-13 00:00:00,873.33,canceled
290,896,2023-01-13 01:00:00,456.4,completed
291,878,2023-01-13 02:00:00,524.52,completed
292,338,2023-01-13 03:00:00,372.05,canceled
293,706,2023-01-13 04:00:00,601.09,pending
294,822,2023-01-13 05:00:00,180.25,completed
295,163,2023-01-13 06:00:00,403.26,pending
296,720,2023-01-13 07:00:00,970.02,completed
297,957,2023-01-13 08:00:00,272.97,completed
298,681,2023-01-13 09:00:00,663.6,completed
299,996,2023-01-13 10:00:00,338.69,completed
300,161,2023-01-13 11:00:00,778.0,pending
301,580,2023-01-13 12:00:00,148.26,completed
302,801,2023-01-13 13:00:00,970.42,canceled
303,398,2023-01-13 14:00:00,464.71,canceled
304,277,2023-01-13 15:00:00,251.33,pending
305,816,2023-01-13 16:00:00,92.03,completed
306,916,2023-01-13 17:00:00,186.36,canceled
307,504,2023-01-13 18:00:00,529.38,pending
308,896,2023-01-13 19:00:00,350.26,completed
309,392,2023-01-13 20:00:00,832.31,canceled
310,135,2023-01-13 21:00:00,442.27,canceled
311,195,2023-01-13 22:00:00,263.74,pending
312,401,2023-01-13 23:00:00,624.8,completed
313,640,2023-01-14 00:00:00,712.64,completed
314,33,2023-01-14 01:00:00,183.7,canceled
315,688,2023-01-14 02:00:00,184.27,canceled
316,460,2023-01-14 03:00:00,55.94,canceled
317,955,2023-01-14 04:00:00,741.67,completed
318,883,2023-01-14 05:00:00,670.53,pending
319,470,2023-01-14 06:00:00,485.14,pending
320,375,2023-01-14 07:00:00,847.29,completed
321,22,2023-01-14 08:00:00,809.56,pending
322,750,2023-01-14 09:00:00,593.65,canceled
323,670,2023-01-14 10:00:00,870.91,pending
324,38,2023-01-14 11:00:00,221.72,pending
325,230,2023-01-14 12:00:00,129.68,pending
326,365,2023-01-14 13:00:00,284.35,canceled
327,563,2023-01-14 14:00:00,75.95,completed
328,438,2023-01-14 15:00:00,540.55,canceled
329,776,2023-01-14 16:00:00,937.87,completed
330,283,2023-01-14 17:00:00,58.56,completed
331,27,2023-01-14 18:00:00,139.67,completed
332,226,2023-01-14 19:00:00,463.16,pending
333,277,2023-01-14 20:00:00,935.2,pending
334,798,2023-01-14 21:00:00,329.83,completed
335,609,2023-01-14 22:00:00,517.09,completed
336,284,2023-01-14 23:00:00,60.74,pending
337,879,2023-01-15 00:00:00,165.38,canceled
338,960,2023-01-15 01:00:00,986.9,completed
339,481,2023-01-15 02:00:00,965.82,canceled
340,453,2023-01-15 03:00:00,24.84,pending
341,829,2023-01-15 04:00:00,952.78,completed
342,816,2023-01-15 05:00:00,646.34,canceled
343,659,2023-01-15 06:00:00,870.56,canceled
344,516,2023-01-15 07:00:00,465.65,canceled
345,547,2023-01-15 08:00:00,525.28,pending
346,192,2023-01-15 09:00:00,499.07,pending
347,49,2023-01-15 10:00:00,673.53,canceled
348,512,2023-01-15 11:00:00,156.86,canceled
349,17,2023-01-15 12:00:00,49.37,pending
350,172,2023-01-15 13:00:00,321.77,canceled
351,220,2023-01-15 14:00:00,710.59,canceled
352,158,2023-01-15 15:00:00,217.82,pending
353,477,2023-01-15 16:00:00,679.96,canceled
354,46,2023-01-15 17:00:00,970.51,canceled
355,373,2023-01-15 18:00:00,112.02,canceled
356,518,2023-01-15 19:00:00,679.15,pending
357,99,2023-01-15 20:00:00,454.88,canceled
358,892,2023-01-15 21:00:00,870.78,pending
359,745,2023-01-15 22:00:00,193.61,pending
360,37,2023-01-15 23:00:00,698.77,completed
361,280,2023-01-16 00:00:00,841.35,completed
362,349,2023-01-16 01:00:00,945.72,canceled
363,497,2023-01-16 02:00:00,689.58,pending
364,302,2023-01-16 03:00:00,507.23,completed
365,181,2023-01-16 04:00:00,625.49,canceled
366,607,2023-01-16 05:00:00,871.53,completed
367,99,2023-01-16 06:00:00,579.2,completed
368,700,2023-01-16 07:00:00,49.78,pending
369,993,2023-01-16 08:00:00,932.33,pending
370,116,2023-01-16 09:00:00,695.74,completed
371,191,2023-01-16 10:00:00,682.98,completed
372,253,2023-01-16 11:00:00,231.36,pending
373,981,2023-01-16 12:00:00,665.71,canceled
374,928,2023-01-16 13:00:00,405.99,pending
375,983,2023-01-16 14:00:00,658.21,completed
376,161,2023-01-16 15:00:00,124.46,canceled
377,256,2023-01-16 16:00:00,664.69,completed
378,323,2023-01-16 17:00:00,999.43,canceled
379,128,2023-01-16 18:00:00,67.25,completed
380,18,2023-01-16 19:00:00,977.63,canceled
381,793,2023-01-16 20:00:00,418.77,canceled
382,735,2023-01-16 21:00:00,873.34,completed
383,566,2023-01-16 22:00:00,786.74,canceled
384,570,2023-01-16 23:00:00,575.68,pending
385,323,2023-01-17 00:00:00,743.68,completed
386,872,2023-01-17 01:00:00,880.95,pending
387,686,2023-01-17 02:00:00,416.06,completed
388,792,2023-01-17 03:00:00,340.49,canceled
389,626,2023-01-17 04:00:00,674.24,canceled
390,288,2023-01-17 05:00:00,811.69,canceled
391,943,2023-01-17 06:00:00,767.04,completed
392,854,2023-01-17 07:00:00,801.86,pending
393,663,2023-01-17 08:00:00,446.87,pending
394,962,2023-01-17 09:00:00,821.48,completed
395,639,2023-01-17 10:00:00,137.8,completed
396,155,2023-01-17 11:00:00,553.6,pending
397,490,2023-01-17 12:00:00,25.64,pending
398,386,2023-01-17 13:00:00,338.09,pending
399,986,2023-01-17 14:00:00,379.13,pending
400,785,2023-01-17 15:00:00,408.25,completed
401,104,2023-01-17 16:00:00,701.56,completed
402,929,2023-01-17 17:00:00,400.79,canceled
403,393,2023-01-17 18:00:00,459.72,pending
404,811,2023-01-17 19:00:00,252.79,canceled
405,246,2023-01-17 20:00:00,385.79,completed
406,176,2023-01-17 21:00:00,242.72,completed
407,39,2023-01-17 22:00:00,91.73,canceled
408,477,2023-01-17 23:00:00,611.38,pending
409,682,2023-01-18 00:00:00,674.85,pending
410,759,2023-01-18 01:00:00,627.1,pending
411,538,2023-01-18 02:00:00,474.22,pending
412,867,2023-01-18 03:00:00,392.19,canceled
413,818,2023-01-18 04:00:00,866.07,canceled
414,921,2023-01-18 05:00:00,528.7,completed
415,408,2023-01-18 06:00:00,489.6,pending
416,525,2023-01-18 07:00:00,45.13,pending
417,828,2023-01-18 08:00:00,354.42,pending
418,506,2023-01-18 09:00:00,392.59,canceled
419,903,2023-01-18 10:00:00,410.85,pending
420,825,2023-01-18 11:00:00,588.57,canceled
421,36,2023-01-18 12:00:00,542.93,pending
422,685,2023-01-18 13:00:00,615.75,pending
423,20,2023-01-18 14:00:00,769.59,completed
424,321,2023-01-18 15:00:00,816.73,pending
425,776,2023-01-18 16:00:00,723.76,pending
426,512,2023-01-18 17:00:00,956.41,completed
427,400,2023-01-18 18:00:00,37.87,canceled
428,654,2023-01-18 19:00:00,211.86,canceled
429,972,2023-01-18 20:00:00,27.41,pending
430,883,2023-01-18 21:00:00,654.53,canceled
431,471,2023-01-18 22:00:00,900.07,pending
432,143,2023-01-18 23:00:00,258.61,completed
433,92,2023-01-19 00:00:00,928.49,completed
434,354,2023-01-19 01:00:00,79.06,pending
435,834,2023-01-19 02:00:00,935.75,completed
436,800,2023-01-19 03:00:00,364.59,completed
437,727,2023-01-19 04:00:00,119.39,pending
438,959,2023-01-19 05:00:00,496.15,pending
439,854,2023-01-19 06:00:00,271.64,completed
440,51,2023-01-19 07:00:00,299.18,canceled
441,665,2023-01-19 08:00:00,321.14,canceled
442,698,2023-01-19 09:00:00,806.97,pending
443,575,2023-01-19 10:00:00,548.38,pending
444,190,2023-01-19 11:00:00,325.08,canceled
445,125,2023-01-19 12:00:00,618.13,completed
446,150,2023-01-19 13:00:00,721.83,canceled
447,314,2023-01-19 14:00:00,287.17,canceled
448,570,2023-01-19 15:00:00,425.28,canceled
449,342,2023-01-19 16:00:00,139.45,canceled
450,305,2023-01-19 17:00:00,197.53,pending
451,692,2023-01-19 18:00:00,687.5,pending
452,682,2023-01-19 19:00:00,197.81,completed
453,838,2023-01-19 20:00:00,534.66,completed
454,783,2023-01-19 21:00:00,714.87,completed
455,54,2023-01-19 22:00:00,124.74,completed
456,444,2023-01-19 23:00:00,575.97,canceled
457,613,2023-01-20 00:00:00,271.43,pending
458,993,2023-01-20 01:00:00,963.67,pending
459,264,2023-01-20 02:00:00,493.87,completed
460,53,2023-01-20 03:00:00,809.87,completed
461,572,2023-01-20 04:00:00,559.22,canceled
462,620,2023-01-20 05:00:00,62.54,canceled
463,5,2023-01-20 06:00:00,640.49,completed
464,103,2023-01-20 07:00:00,952.38,pending
465,196,2023-01-20 08:00:00,609.58,pending
466,774,2023-01-20 09:00:00,822.81,pending
467,877,2023-01-20 10:00:00,886.52,completed
468,992,2023-01-20 11:00:00,243.52,pending
469,884,2023-01-20 12:00:00,227.8,canceled
470,350,2023-01-20 13:00:00,618.76,canceled
471,47,2023-01-20 14:00:00,422.81,completed
472,867,2023-01-20 15:00:00,843.06,canceled
473,823,2023-01-20 16:00:00,902.02,completed
474,936,2023-01-20 17:00:00,366.35,pending
475,820,2023-01-20 18:00:00,252.13,pending
476,656,2023-01-20 19:00:00,784.92,pending
477,269,2023-01-20 20:00:00,289.31,canceled
478,370,2023-01-20 21:00:00,826.16,completed
479,636,2023-01-20 22:00:00,435.26,pending
480,106,2023-01-20 23:00:00,674.2,completed
481,670,2023-01-21 00:00:00,113.62,pending
482,659,2023-01-21 01:00:00,631.38,canceled
483,657,2023-01-21 02:00:00,462.73,canceled
484,120,2023-01-21 03:00:00,594.88,completed
485,831,2023-01-21 04:00:00,184.65,canceled
486,787,2023-01-21 05:00:00,742.14,canceled
487,604,2023-01-21 06:00:00,865.54,completed
488,58,2023-01-21 07:00:00,232.41,pending
489,951,2023-01-21 08:00:00,113.8,canceled
490,346,2023-01-21 09:00:00,43.17,completed
491,741,2023-01-21 10:00:00,649.13,canceled
492,474,2023-01-21 11:00:00,614.95,canceled
493,117,2023-01-21 12:00:00,555.76,canceled
494,830,2023-01-21 13:00:00,247.31,canceled
495,791,2023-01-21 14:00:00,403.09,completed
496,127,2023-01-21 15:00:00,602.59,completed
497,393,2023-01-21 16:00:00,506.83,completed
498,908,2023-01-21 17:00:00,988.03,canceled
499,641,2023-01-21 18:00:00,153.71,canceled
500,58,2023-01-21 19:00:00,701.24,canceled
501,634,2023-01-21 20:00:00,416.23,completed
502,513,2023-01-21 21:00:00,439.64,canceled
503,751,2023-01-21 22:00:00,723.25,pending
504,802,2023-01-21 23:00:00,698.59,canceled
505,96,2023-01-22 00:00:00,991.43,pending
506,638,2023-01-22 01:00:00,145.83,canceled
507,118,2023-01-22 02:00:00,122.03,completed
508,560,2023-01-22 03:00:00,729.85,canceled
509,601,2023-01-22 04:00:00,586.82,pending
510,488,2023-01-22 05:00:00,288.68,pending
511,237,2023-01-22 06:00:00,97.83,canceled
512,885,2023-01-22 07:00:00,103.95,pending
513,897,2023-01-22 08:00:00,896.31,pending
514,272,2023-01-22 09:00:00,208.03,completed
515,189,2023-01-22 10:00:00,336.9,canceled
516,999,2023-01-22 11:00:00,242.12,canceled
517,704,2023-01-22 12:00:00,367.9,canceled
518,447,2023-01-22 13:00:00,88.04,pending
519,581,2023-01-22 14:00:00,528.68,canceled
520,790,2023-01-22 15:00:00,86.26,canceled
521,861,2023-01-22 16:00:00,804.35,completed
522,247,2023-01-22 17:00:00,249.04,completed
523,963,2023-01-22 18:00:00,549.21,completed
524,76,2023-01-22 19:00:00,882.48,pending
525,154,2023-01-22 20:00:00,657.86,canceled
526,656,2023-01-22 21:00:00,542.3,completed
527,435,2023-01-22 22:00:00,337.85,completed
528,997,2023-01-22 23:00:00,346.34,completed
529,86,2023-01-23 00:00:00,676.1,canceled
530,697,2023-01-23 01:00:00,994.26,canceled
531,285,2023-01-23 02:00:00,668.6,canceled
532,974,2023-01-23 03:00:00,566.63,pending
533,220,2023-01-23 04:00:00,736.04,pending
534,69,2023-01-23 05:00:00,475.9,completed
535,47,2023-01-23 06:00:00,78.94,canceled
536,94,2023-01-23 07:00:00,571.05,completed
537,750,2023-01-23 08:00:00,958.47,canceled
538,958,2023-01-23 09:00:00,191.8,canceled
539,453,2023-01-23 10:00:00,696.2,canceled
540,204,2023-01-23 11:00:00,216.92,pending
541,912,2023-01-23 12:00:00,545.11,pending
542,218,2023-01-23 13:00:00,114.74,canceled
543,474,2023-01-23 14:00:00,461.36,completed
544,432,2023-01-23 15:00:00,761.04,canceled
545,341,2023-01-23 16:00:00,360.62,canceled
546,551,2023-01-23 17:00:00,671.61,completed
547,612,2023-01-23 18:00:00,799.54,canceled
548,289,2023-01-23 19:00:00,928.63,completed
549,254,2023-01-23 20:00:00,249.95,pending
550,734,2023-01-23 21:00:00,411.33,pending
551,357,2023-01-23 22:00:00,169.37,completed
552,23,2023-01-23 23:00:00,992.63,pending
553,762,2023-01-24 00:00:00,928.46,pending
554,522,2023-01-24 01:00:00,549.16,completed
555,758,2023-01-24 02:00:00,845.19,pending
556,837,2023-01-24 03:00:00,530.54,canceled
557,100,2023-01-24 04:00:00,631.11,canceled
558,802,2023-01-24 05:00:00,107.34,completed
559,180,2023-01-24 06:00:00,760.17,pending
560,223,2023-01-24 07:00:00,145.16,canceled
561,906,2023-01-24 08:00:00,829.55,canceled
562,762,2023-01-24 09:00:00,786.39,pending
563,659,2023-01-24 10:00:00,714.57,pending
564,442,2023-01-24 11:00:00,55.44,canceled
565,608,2023-01-24 12:00:00,317.07,canceled
566,769,2023-01-24 13:00:00,277.85,completed
567,325,2023-01-24 14:00:00,372.93,completed
568,516,2023-01-24 15:00:00,105.89,canceled
569,16,2023-01-24 16:00:00,938.22,completed
570,792,2023-01-24 17:00:00,562.73,canceled
571,336,2023-01-24 18:00:00,319.41,canceled
572,759,2023-01-24 19:00:00,409.04,completed
573,258,2023-01-24 20:00:00,458.26,completed
574,497,2023-01-24 21:00:00,608.58,pending
575,988,2023-01-24 22:00:00,525.37,pending
576,896,2023-01-24 23:00:00,921.0,pending
577,160,2023-01-25 00:00:00,507.02,canceled
578,475,2023-01-25 01:00:00,992.31,completed
579,852,2023-01-25 02:00:00,854.4,canceled
580,664,2023-01-25 03:00:00,224.34,completed
581,908,2023-01-25 04:00:00,931.98,canceled
582,690,2023-01-25 05:00:00,134.04,pending
583,675,2023-01-25 06:00:00,821.1,pending
584,380,2023-01-25 07:00:00,393.01,pending
585,545,2023-01-25 08:00:00,880.41,canceled
586,929,2023-01-25 09:00:00,870.7,completed
587,957,2023-01-25 10:00:00,809.81,completed
588,691,2023-01-25 11:00:00,794.23,pending
589,427,2023-01-25 12:00:00,318.59,pending
590,613,2023-01-25 13:00:00,99.3,pending
591,268,2023-01-25 14:00:00,414.92,pending
592,835,2023-01-25 15:00:00,190.05,completed
593,577,2023-01-25 16:00:00,701.05,canceled
594,417,2023-01-25 17:00:00,359.18,canceled
595,168,2023-01-25 18:00:00,976.1,canceled
596,842,2023-01-25 19:00:00,648.15,canceled
597,43,2023-01-25 20:00:00,826.03,pending
598,556,2023-01-25 21:00:00,149.87,pending
599,285,2023-01-25 22:00:00,864.77,pending
600,397,2023-01-25 23:00:00,924.3,canceled
601,12,2023-01-26 00:00:00,497.32,pending
602,607,2023-01-26 01:00:00,614.13,pending
603,302,2023-01-26 02:00:00,769.51,completed
604,898,2023-01-26 03:00:00,191.34,completed
605,253,2023-01-26 04:00:00,512.51,pending
606,499,2023-01-26 05:00:00,410.69,completed
607,754,2023-01-26 06:00:00,163.45,completed
608,35,2023-01-26 07:00:00,380.18,pending
609,727,2023-01-26 08:00:00,86.81,pending
610,849,2023-01-26 09:00:00,45.3,pending
611,90,2023-01-26 10:00:00,152.46,pending
612,776,2023-01-26 11:00:00,963.85,canceled
613,605,2023-01-26 12:00:00,558.54,canceled
614,922,2023-01-26 13:00:00,966.51,pending
615,970,2023-01-26 14:00:00,443.85,completed
616,602,2023-01-26 15:00:00,325.58,pending
617,418,2023-01-26 16:00:00,516.02,pending
618,115,2023-01-26 17:00:00,450.72,completed
619,617,2023-01-26 18:00:00,123.55,canceled
620,903,2023-01-26 19:00:00,648.01,pending
621,196,2023-01-26 20:00:00,231.72,pending
622,826,2023-01-26 21:00:00,627.2,canceled
623,501,2023-01-26 22:00:00,657.2,canceled
624,626,2023-01-26 23:00:00,168.98,completed
625,493,2023-01-27 00:00:00,80.12,canceled
626,75,2023-01-27 01:00:00,785.15,canceled
627,413,2023-01-27 02:00:00,470.6,canceled
628,376,2023-01-27 03:00:00,77.0,completed
629,420,2023-01-27 04:00:00,994.97,canceled
630,729,2023-01-27 05:00:00,76.62,canceled
631,277,2023-01-27 06:00:00,701.13,completed
632,761,2023-01-27 07:00:00,984.01,canceled
633,676,2023-01-27 08:00:00,254.4,canceled
634,394,2023-01-27 09:00:00,159.4,completed
635,869,2023-01-27 10:00:00,138.96,pending
636,457,2023-01-27 11:00:00,317.21,completed
637,920,2023-01-27 12:00:00,119.02,canceled
638,192,2023-01-27 13:00:00,698.32,canceled
639,739,2023-01-27 14:00:00,81.05,canceled
640,689,2023-01-27 15:00:00,519.23,completed
641,99,2023-01-27 16:00:00,996.76,canceled
642,548,2023-01-27 17:00:00,817.69,canceled
643,978,2023-01-27 18:00:00,622.92,completed
644,999,2023-01-27 19:00:00,320.13,pending
645,96,2023-01-27 20:00:00,631.42,pending
646,664,2023-01-27 21:00:00,536.5,canceled
647,663,2023-01-27 22:00:00,437.56,completed
648,190,2023-01-27 23:00:00,148.1,canceled
649,736,2023-01-28 00:00:00,888.87,completed
650,37,2023-01-28 01:00:00,460.79,completed
651,780,2023-01-28 02:00:00,210.73,pending
652,369,2023-01-28 03:00:00,380.4,pending
653,695,2023-01-28 04:00:00,425.85,completed
654,525,2023-01-28 05:00:00,830.99,canceled
655,279,2023-01-28 06:00:00,738.94,pending
656,217,2023-01-28 07:00:00,773.92,canceled
657,867,2023-01-28 08:00:00,30.81,pending
658,873,2023-01-28 09:00:00,427.83,pending
659,798,2023-01-28 10:00:00,491.72,canceled
660,273,2023-01-28 11:00:00,38.81,pending
661,881,2023-01-28 12:00:00,274.62,pending
662,62,2023-01-28 13:00:00,765.08,canceled
663,596,2023-01-28 14:00:00,154.37,pending
664,880,2023-01-28 15:00:00,544.6,pending
665,729,2023-01-28 16:00:00,230.9,pending
666,342,2023-01-28 17:00:00,31.88,canceled
667,397,2023-01-28 18:00:00,256.38,completed
668,699,2023-01-28 19:00:00,976.36,canceled
669,19,2023-01-28 20:00:00,805.51,completed
670,177,2023-01-28 21:00:00,960.39,pending
671,612,2023-01-28 22:00:00,498.1,completed
672,396,2023-01-28 23:00:00,127.54,canceled
673,445,2023-01-29 00:00:00,557.0,canceled
674,233,2023-01-29 01:00:00,465.29,pending
675,915,2023-01-29 02:00:00,847.47,completed
676,76,2023-01-29 03:00:00,116.12,pending
677,265,2023-01-29 04:00:00,498.48,pending
678,455,2023-01-29 05:00:00,167.05,canceled
679,796,2023-01-29 06:00:00,338.18,completed
680,718,2023-01-29 07:00:00,742.61,completed
681,735,2023-01-29 08:00:00,486.5,completed
682,384,2023-01-29 09:00:00,388.37,completed
683,564,2023-01-29 10:00:00,406.59,pending
684,851,2023-01-29 11:00:00,470.26,pending
685,506,2023-01-29 12:00:00,789.32,canceled
686,367,2023-01-29 13:00:00,894.24,pending
687,144,2023-01-29 14:00:00,956.23,pending
688,885,2023-01-29 15:00:00,791.17,canceled
689,69,2023-01-29 16:00:00,329.1,canceled
690,99,2023-01-29 17:00:00,694.37,canceled
691,396,2023-01-29 18:00:00,448.85,pending
692,25,2023-01-29 19:00:00,269.58,pending
693,948,2023-01-29 20:00:00,844.05,canceled
694,891,2023-01-29 21:00:00,57.66,canceled
695,469,2023-01-29 22:00:00,903.73,canceled
696,484,2023-01-29 23:00:00,472.25,pending
697,565,2023-01-30 00:00:00,644.46,pending
698,151,2023-01-30 01:00:00,666.17,completed
699,144,2023-01-30 02:00:00,897.22,pending
700,569,2023-01-30 03:00:00,643.94,pending
701,39,2023-01-30 04:00:00,621.65,pending
702,109,2023-01-30 05:00:00,85.32,canceled
703,693,2023-01-30 06:00:00,528.04,pending
704,42,2023-01-30 07:00:00,167.17,canceled
705,186,2023-01-30 08:00:00,742.69,completed
706,935,2023-01-30 09:00:00,521.98,completed
707,398,2023-01-30 10:00:00,686.62,canceled
708,223,2023-01-30 11:00:00,60.84,canceled
709,634,2023-01-30 12:00:00,103.1,canceled
710,133,2023-01-30 13:00:00,722.0,pending
711,163,2023-01-30 14:00:00,90.64,completed
712,215,2023-01-30 15:00:00,89.83,canceled
713,733,2023-01-30 16:00:00,31.87,pending
714,235,2023-01-30 17:00:00,957.37,completed
715,843,2023-01-30 18:00:00,742.76,pending
716,658,2023-01-30 19:00:00,366.19,completed
717,751,2023-01-30 20:00:00,310.6,pending
718,588,2023-01-30 21:00:00,362.71,completed
719,9,2023-01-30 22:00:00,779.16,completed
720,74,2023-01-30 23:00:00,668.14,pending
721,954,2023-01-31 00:00:00,201.49,canceled
722,492,2023-01-31 01:00:00,190.63,completed
723,913,2023-01-31 02:00:00,116.43,canceled
724,253,2023-01-31 03:00:00,667.1,pending
725,230,2023-01-31 04:00:00,769.09,canceled
726,519,2023-01-31 05:00:00,279.75,canceled
727,174,2023-01-31 06:00:00,40.53,canceled
728,653,2023-01-31 07:00:00,100.53,canceled
729,168,2023-01-31 08:00:00,968.5,canceled
730,170,2023-01-31 09:00:00,309.54,completed
731,393,2023-01-31 10:00:00,773.84,completed
732,946,2023-01-31 11:00:00,632.17,completed
733,795,2023-01-31 12:00:00,394.3,pending
734,634,2023-01-31 13:00:00,221.57,canceled
735,194,2023-01-31 14:00:00,138.96,completed
736,517,2023-01-31 15:00:00,622.71,pending
737,29,2023-01-31 16:00:00,779.14,completed
738,165,2023-01-31 17:00:00,651.03,completed
739,422,2023-01-31 18:00:00,539.7,canceled
740,339,2023-01-31 19:00:00,61.11,pending
741,648,2023-01-31 20:00:00,969.12,canceled
742,496,2023-01-31 21:00:00,802.74,canceled
743,365,2023-01-31 22:00:00,306.97,completed
744,833,2023-01-31 23:00:00,980.37,canceled
745,342,2023-02-01 00:00:00,609.84,pending
746,500,2023-02-01 01:00:00,590.77,canceled
747,657,2023-02-01 02:00:00,753.11,canceled
748,511,2023-02-01 03:00:00,815.53,canceled
749,327,2023-02-01 04:00:00,663.35,completed
750,217,2023-02-01 05:00:00,145.53,pending
751,301,2023-02-01 06:00:00,351.5,completed
752,132,2023-02-01 07:00:00,929.52,completed
753,804,2023-02-01 08:00:00,240.12,completed
754,70,2023-02-01 09:00:00,384.72,completed
755,252,2023-02-01 10:00:00,443.44,completed
756,415,2023-02-01 11:00:00,450.62,pending
757,787,2023-02-01 12:00:00,620.68,canceled
758,445,2023-02-01 13:00:00,944.21,completed
759,876,2023-02-01 14:00:00,255.88,completed
760,182,2023-02-01 15:00:00,139.07,pending
761,167,2023-02-01 16:00:00,213.52,pending
762,91,2023-02-01 17:00:00,889.19,canceled
763,714,2023-02-01 18:00:00,652.89,pending
764,858,2023-02-01 19:00:00,300.19,canceled
765,531,2023-02-01 20:00:00,819.63,completed
766,39,2023-02-01 21:00:00,864.14,completed
767,126,2023-02-01 22:00:00,849.58,canceled
768,451,2023-02-01 23:00:00,920.55,pending
769,173,2023-02-02 00:00:00,267.2,canceled
770,653,2023-02-02 01:00:00,759.94,pending
771,754,2023-02-02 02:00:00,471.33,completed
772,220,2023-02-02 03:00:00,845.16,pending
773,638,2023-02-02 04:00:00,733.92,canceled
774,58,2023-02-02 05:00:00,780.92,canceled
775,660,2023-02-02 06:00:00,663.04,completed
776,476,2023-02-02 07:00:00,193.88,pending
777,456,2023-02-02 08:00:00,554.13,pending
778,829,2023-02-02 09:00:00,984.98,pending
779,895,2023-02-02 10:00:00,938.64,completed
780,361,2023-02-02 11:00:00,62.31,pending
781,935,2023-02-02 12:00:00,181.52,canceled
782,1,2023-02-02 13:00:00,149.09,pending
783,387,2023-02-02 14:00:00,731.46,completed
784,973,2023-02-02 15:00:00,821.43,pending
785,348,2023-02-02 16:00:00,229.24,pending
786,190,2023-02-02 17:00:00,515.74,canceled
787,505,2023-02-02 18:00:00,843.89,pending
788,191,2023-02-02 19:00:00,738.15,canceled
789,508,2023-02-02 20:00:00,551.39,canceled
790,369,2023-02-02 21:00:00,598.54,completed
791,409,2023-02-02 22:00:00,518.19,canceled
792,824,2023-02-02 23:00:00,311.6,canceled
793,929,2023-02-03 00:00:00,573.72,completed
794,934,2023-02-03 01:00:00,695.11,canceled
795,117,2023-02-03 02:00:00,875.86,completed
796,134,2023-02-03 03:00:00,643.57,pending
797,58,2023-02-03 04:00:00,765.9,completed
798,556,2023-02-03 05:00:00,176.87,canceled
799,685,2023-02-03 06:00:00,472.33,completed
800,672,2023-02-03 07:00:00,29.14,canceled
801,173,2023-02-03 08:00:00,261.75,pending
802,829,2023-02-03 09:00:00,731.93,completed
803,815,2023-02-03 10:00:00,991.97,pending
804,149,2023-02-03 11:00:00,117.19,canceled
805,80,2023-02-03 12:00:00,413.46,canceled
806,886,2023-02-03 13:00:00,804.07,pending
807,213,2023-02-03 14:00:00,219.95,completed
808,203,2023-02-03 15:00:00,563.98,completed
809,764,2023-02-03 16:00:00,738.41,canceled
810,229,2023-02-03 17:00:00,623.67,pending
811,676,2023-02-03 18:00:00,204.26,pending
812,227,2023-02-03 19:00:00,368.28,completed
813,659,2023-02-03 20:00:00,788.12,completed
814,532,2023-02-03 21:00:00,563.14,completed
815,441,2023-02-03 22:00:00,25.13,pending
816,402,2023-02-03 23:00:00,765.77,completed
817,47,2023-02-04 00:00:00,54.61,completed
818,233,2023-02-04 01:00:00,750.82,canceled
819,305,2023-02-04 02:00:00,218.43,completed
820,526,2023-02-04 03:00:00,958.91,completed
821,143,2023-02-04 04:00:00,380.58,pending
822,415,2023-02-04 05:00:00,340.39,pending
823,513,2023-02-04 06:00:00,165.91,canceled
824,373,2023-02-04 07:00:00,319.49,completed
825,566,2023-02-04 08:00:00,879.12,canceled
826,886,2023-02-04 09:00:00,996.41,pending
827,259,2023-02-04 10:00:00,380.94,canceled
828,656,2023-02-04 11:00:00,459.64,pending
829,471,2023-02-04 12:00:00,727.63,canceled
830,953,2023-02-04 13:00:00,888.47,canceled
831,971,2023-02-04 14:00:00,601.18,completed
832,12,2023-02-04 15:00:00,403.7,canceled
833,330,2023-02-04 16:00:00,424.37,completed
834,736,2023-02-04 17:00:00,701.71,completed
835,784,2023-02-04 18:00:00,23.15,completed
836,968,2023-02-04 19:00:00,627.2,completed
837,358,2023-02-04 20:00:00,368.38,canceled
838,972,2023-02-04 21:00:00,798.31,pending
839,408,2023-02-04 22:00:00,111.13,pending
840,668,2023-02-04 23:00:00,596.44,pending
841,373,2023-02-05 00:00:00,491.35,canceled
842,8,2023-02-05 01:00:00,649.48,completed
843,122,2023-02-05 02:00:00,83.56,pending
844,348,2023-02-05 03:00:00,588.38,canceled
845,676,2023-02-05 04:00:00,570.25,completed
846,90,2023-02-05 05:00:00,569.45,pending
847,648,2023-02-05 06:00:00,611.42,completed
848,698,2023-02-05 07:00:00,682.94,pending
849,316,2023-02-05 08:00:00,808.89,pending
850,178,2023-02-05 09:00:00,284.42,pending
851,540,2023-02-05 10:00:00,828.55,completed
852,732,2023-02-05 11:00:00,508.29,canceled
853,869,2023-02-05 12:00:00,95.52,completed
854,41,2023-02-05 13:00:00,77.38,pending
855,740,2023-02-05 14:00:00,347.55,completed
856,704,2023-02-05 15:00:00,789.2,canceled
857,923,2023-02-05 16:00:00,713.53,completed
858,502,2023-02-05 17:00:00,792.84,canceled
859,959,2023-02-05 18:00:00,526.92,canceled
860,145,2023-02-05 19:00:00,451.4,completed
861,201,2023-02-05 20:00:00,164.5,pending
862,929,2023-02-05 21:00:00,341.63,canceled
863,724,2023-02-05 22:00:00,445.34,completed
864,461,2023-02-05 23:00:00,106.83,canceled
865,732,2023-02-06 00:00:00,236.2,pending
866,752,2023-02-06 01:00:00,606.26,completed
867,925,2023-02-06 02:00:00,740.95,completed
868,909,2023-02-06 03:00:00,998.38,completed
869,558,2023-02-06 04:00:00,934.45,pending
870,547,2023-02-06 05:00:00,649.71,canceled
871,253,2023-02-06 06:00:00,432.82,completed
872,390,2023-02-06 07:00:00,643.45,canceled
873,594,2023-02-06 08:00:00,789.94,canceled
874,883,2023-02-06 09:00:00,135.97,pending
875,256,2023-02-06 10:00:00,421.71,completed
876,709,2023-02-06 11:00:00,843.01,canceled
877,815,2023-02-06 12:00:00,396.16,completed
878,921,2023-02-06 13:00:00,580.43,completed
879,450,2023-02-06 14:00:00,596.01,pending
880,10,2023-02-06 15:00:00,200.79,completed
881,824,2023-02-06 16:00:00,374.99,completed
882,798,2023-02-06 17:00:00,347.82,canceled
883,242,2023-02-06 18:00:00,45.67,pending
884,251,2023-02-06 19:00:00,43.71,completed
885,877,2023-02-06 20:00:00,835.06,canceled
886,5,2023-02-06 21:00:00,287.61,pending
887,119,2023-02-06 22:00:00,527.72,pending
888,801,2023-02-06 23:00:00,312.75,canceled
889,374,2023-02-07 00:00:00,941.87,canceled
890,65,2023-02-07 01:00:00,274.11,canceled
891,146,2023-02-07 02:00:00,441.06,canceled
892,224,2023-02-07 03:00:00,875.28,canceled
893,239,2023-02-07 04:00:00,845.09,completed
894,177,2023-02-07 05:00:00,202.38,completed
895,779,2023-02-07 06:00:00,806.59,pending
896,853,2023-02-07 07:00:00,469.02,completed
897,282,2023-02-07 08:00:00,493.31,completed
898,63,2023-02-07 09:00:00,150.81,completed
899,217,2023-02-07 10:00:00,98.99,canceled
900,854,2023-02-07 11:00:00,733.38,pending
901,827,2023-02-07 12:00:00,506.53,pending
902,795,2023-02-07 13:00:00,448.11,pending
903,689,2023-02-07 14:00:00,734.92,pending
904,461,2023-02-07 15:00:00,770.2,completed
905,929,2023-02-07 16:00:00,175.73,completed
906,610,2023-02-07 17:00:00,618.02,canceled
907,105,2023-02-07 18:00:00,152.65,pending
908,99,2023-02-07 19:00:00,756.35,completed
909,511,2023-02-07 20:00:00,663.82,completed
910,385,2023-02-07 21:00:00,957.48,canceled
911,405,2023-02-07 22:00:00,87.58,canceled
912,823,2023-02-07 23:00:00,75.91,canceled
913,518,2023-02-08 00:00:00,296.54,completed
914,476,2023-02-08 01:00:00,276.47,completed
915,977,2023-02-08 02:00:00,262.04,canceled
916,709,2023-02-08 03:00:00,908.13,pending
917,863,2023-02-08 04:00:00,264.56,canceled
918,645,2023-02-08 05:00:00,286.51,canceled
919,870,2023-02-08 06:00:00,764.21,canceled
920,771,2023-02-08 07:00:00,460.75,canceled
921,437,2023-02-08 08:00:00,781.18,completed
922,23,2023-02-08 09:00:00,84.06,pending
923,997,2023-02-08 10:00:00,497.82,canceled
924,565,2023-02-08 11:00:00,52.94,pending
925,677,2023-02-08 12:00:00,81.4,pending
926,714,2023-02-08 13:00:00,908.31,pending
927,458,2023-02-08 14:00:00,156.46,canceled
928,83,2023-02-08 15:00:00,541.77,completed
929,145,2023-02-08 16:00:00,422.87,canceled
930,85,2023-02-08 17:00:00,360.4,pending
931,78,2023-02-08 18:00:00,901.84,pending
932,457,2023-02-08 19:00:00,41.39,completed
933,878,2023-02-08 20:00:00,670.51,canceled
934,1,2023-02-08 21:00:00,964.13,pending
935,51,2023-02-08 22:00:00,568.96,completed
936,685,2023-02-08 23:00:00,938.09,pending
937,717,2023-02-09 00:00:00,71.21,completed
938,772,2023-02-09 01:00:00,430.42,completed
939,446,2023-02-09 02:00:00,274.95,canceled
940,449,2023-02-09 03:00:00,736.2,pending
941,881,2023-02-09 04:00:00,981.67,canceled
942,488,2023-02-09 05:00:00,271.4,pending
943,800,2023-02-09 06:00:00,661.09,canceled
944,34,2023-02-09 07:00:00,214.14,pending
945,348,2023-02-09 08:00:00,574.02,canceled
946,95,2023-02-09 09:00:00,474.65,completed
947,72,2023-02-09 10:00:00,972.57,pending
948,551,2023-02-09 11:00:00,616.36,pending
949,154,2023-02-09 12:00:00,362.52,completed
950,250,2023-02-09 13:00:00,131.81,canceled
951,674,2023-02-09 14:00:00,168.22,pending
952,438,2023-02-09 15:00:00,240.81,pending
953,118,2023-02-09 16:00:00,265.95,canceled
954,771,2023-02-09 17:00:00,853.6,completed
955,891,2023-02-09 18:00:00,570.0,canceled
956,306,2023-02-09 19:00:00,532.92,canceled
957,268,2023-02-09 20:00:00,132.47,canceled
958,961,2023-02-09 21:00:00,862.94,pending
959,54,2023-02-09 22:00:00,728.36,completed
960,236,2023-02-09 23:00:00,86.31,completed
961,389,2023-02-10 00:00:00,713.68,canceled
962,990,2023-02-10 01:00:00,552.67,pending
963,734,2023-02-10 02:00:00,100.09,canceled
964,763,2023-02-10 03:00:00,469.13,pending
965,825,2023-02-10 04:00:00,495.0,pending
966,401,2023-02-10 05:00:00,182.46,pending
967,624,2023-02-10 06:00:00,946.78,pending
968,767,2023-02-10 07:00:00,852.98,completed
969,303,2023-02-10 08:00:00,675.64,pending
970,919,2023-02-10 09:00:00,473.05,pending
971,207,2023-02-10 10:00:00,423.53,canceled
972,229,2023-02-10 11:00:00,657.95,canceled
973,853,2023-02-10 12:00:00,554.52,completed
974,910,2023-02-10 13:00:00,81.03,canceled
975,578,2023-02-10 14:00:00,522.25,pending
976,75,2023-02-10 15:00:00,810.28,canceled
977,435,2023-02-10 16:00:00,470.06,completed
978,103,2023-02-10 17:00:00,70.92,canceled
979,422,2023-02-10 18:00:00,790.55,canceled
980,704,2023-02-10 19:00:00,217.34,completed
981,764,2023-02-10 20:00:00,273.45,completed
982,738,2023-02-10 21:00:00,181.41,pending
983,806,2023-02-10 22:00:00,343.61,canceled
984,306,2023-02-10 23:00:00,761.62,pending
985,98,2023-02-11 00:00:00,529.0,canceled
986,850,2023-02-11 01:00:00,220.78,canceled
987,798,2023-02-11 02:00:00,880.27,pending
988,335,2023-02-11 03:00:00,881.99,canceled
989,859,2023-02-11 04:00:00,873.17,canceled
990,435,2023-02-11 05:00:00,254.02,canceled
991,447,2023-02-11 06:00:00,462.21,completed
992,994,2023-02-11 07:00:00,985.29,pending
993,308,2023-02-11 08:00:00,776.57,completed
994,249,2023-02-11 09:00:00,46.62,pending
995,166,2023-02-11 10:00:00,83.9,pending
996,481,2023-02-11 11:00:00,474.65,canceled
997,984,2023-02-11 12:00:00,911.04,pending
998,335,2023-02-11 13:00:00,547.93,completed
999,542,2023-02-11 14:00:00,507.86,completed
1000,759,2023-02-11 15:00:00,123.36,completed
1001,106,2023-02-11 16:00:00,663.64,pending
1002,563,2023-02-11 17:00:00,825.66,completed
1003,81,2023-02-11 18:00:00,392.81,pending
1004,133,2023-02-11 19:00:00,780.1,completed
1005,797,2023-02-11 20:00:00,965.19,completed
1006,900,2023-02-11 21:00:00,219.69,pending
1007,138,2023-02-11 22:00:00,532.86,completed
1008,184,2023-02-11 23:00:00,301.4,canceled
1009,401,2023-02-12 00:00:00,797.0,pending
1010,330,2023-02-12 01:00:00,586.04,pending
1011,785,2023-02-12 02:00:00,641.89,pending
1012,508,2023-02-12 03:00:00,801.96,canceled
1013,852,2023-02-12 04:00:00,408.05,pending
1014,984,2023-02-12 05:00:00,916.79,completed
1015,69,2023-02-12 06:00:00,542.37,completed
1016,546,2023-02-12 07:00:00,174.8,completed
1017,774,2023-02-12 08:00:00,701.98,pending
1018,53,2023-02-12 09:00:00,797.4,completed
1019,450,2023-02-12 10:00:00,330.43,pending
1020,205,2023-02-12 11:00:00,860.04,completed
1021,126,2023-02-12 12:00:00,908.02,canceled
1022,747,2023-02-12 13:00:00,291.37,canceled
1023,43,2023-02-12 14:00:00,983.85,canceled
1024,752,2023-02-12 15:00:00,157.9,canceled
1025,971,2023-02-12 16:00:00,217.98,pending
1026,883,2023-02-12 17:00:00,200.54,completed
1027,111,2023-02-12 18:00:00,896.11,canceled
1028,761,2023-02-12 19:00:00,661.21,pending
1029,663,2023-02-12 20:00:00,169.06,canceled
1030,183,2023-02-12 21:00:00,451.52,canceled
1031,848,2023-02-12 22:00:00,622.99,pending
1032,95,2023-02-12 23:00:00,101.79,pending
1033,971,2023-02-13 00:00:00,884.77,completed
1034,374,2023-02-13 01:00:00,807.53,completed
1035,912,2023-02-13 02:00:00,515.1,canceled
1036,520,2023-02-13 03:00:00,967.78,canceled
1037,900,2023-02-13 04:00:00,429.41,completed
1038,360,2023-02-13 05:00:00,984.43,completed
1039,900,2023-02-13 06:00:00,674.56,pending
1040,696,2023-02-13 07:00:00,641.98,completed
1041,281,2023-02-13 08:00:00,182.64,completed
1042,195,2023-02-13 09:00:00,884.29,canceled
1043,864,2023-02-13 10:00:00,438.94,completed
1044,195,2023-02-13 11:00:00,178.99,canceled
1045,667,2023-02-13 12:00:00,32.36,completed
1046,93,2023-02-13 13:00:00,568.56,pending
1047,672,2023-02-13 14:00:00,536.85,completed
1048,946,2023-02-13 15:00:00,724.97,completed
1049,61,2023-02-13 16:00:00,892.45,completed
1050,634,2023-02-13 17:00:00,97.82,canceled
1051,51,2023-02-13 18:00:00,736.87,pending
1052,403,2023-02-13 19:00:00,203.66,completed
1053,789,2023-02-13 20:00:00,861.01,canceled
1054,5,2023-02-13 21:00:00,822.68,pending
1055,466,2023-02-13 22:00:00,549.98,canceled
1056,604,2023-02-13 23:00:00,716.04,canceled
1057,682,2023-02-14 00:00:00,328.06,pending
1058,829,2023-02-14 01:00:00,481.74,completed
1059,534,2023-02-14 02:00:00,825.2,canceled
1060,405,2023-02-14 03:00:00,470.08,canceled
1061,838,2023-02-14 04:00:00,370.64,completed
1062,513,2023-02-14 05:00:00,504.33,completed
1063,645,2023-02-14 06:00:00,831.68,pending
1064,233,2023-02-14 07:00:00,348.5,pending
1065,524,2023-02-14 08:00:00,190.29,pending
1066,346,2023-02-14 09:00:00,717.77,completed
1067,46,2023-02-14 10:00:00,829.46,canceled
1068,546,2023-02-14 11:00:00,118.62,canceled
1069,945,2023-02-14 12:00:00,255.08,pending
1070,78,2023-02-14 13:00:00,159.13,completed
1071,730,2023-02-14 14:00:00,360.98,canceled
1072,813,2023-02-14 15:00:00,461.34,pending
1073,923,2023-02-14 16:00:00,753.85,canceled
1074,73,2023-02-14 17:00:00,658.12,canceled
1075,794,2023-02-14 18:00:00,628.51,completed
1076,249,2023-02-14 19:00:00,365.33,completed
1077,47,2023-02-14 20:00:00,844.62,canceled
1078,121,2023-02-14 21:00:00,481.86,pending
1079,214,2023-02-14 22:00:00,979.52,completed
1080,239,2023-02-14 23:00:00,641.46,canceled
1081,56,2023-02-15 00:00:00,143.74,completed
1082,350,2023-02-15 01:00:00,682.65,completed
1083,107,2023-02-15 02:00:00,338.6,completed
1084,831,2023-02-15 03:00:00,692.6,canceled
1085,48,2023-02-15 04:00:00,88.25,pending
1086,573,2023-02-15 05:00:00,191.38,pending
1087,337,2023-02-15 06:00:00,858.62,pending
1088,26,2023-02-15 07:00:00,242.64,completed
1089,804,2023-02-15 08:00:00,840.3,canceled
1090,257,2023-02-15 09:00:00,293.69,completed
1091,8,2023-02-15 10:00:00,650.02,pending
1092,625,2023-02-15 11:00:00,700.27,pending
1093,867,2023-02-15 12:00:00,522.4,canceled
1094,253,2023-02-15 13:00:00,319.2,completed
1095,692,2023-02-15 14:00:00,228.39,pending
1096,719,2023-02-15 15:00:00,52.53,canceled
1097,303,2023-02-15 16:00:00,317.87,completed
1098,639,2023-02-15 17:00:00,660.1,completed
1099,56,2023-02-15 18:00:00,939.54,pending
1100,726,2023-02-15 19:00:00,873.78,pending
1101,526,2023-02-15 20:00:00,770.74,completed
1102,474,2023-02-15 21:00:00,792.68,completed
1103,28,2023-02-15 22:00:00,671.69,pending
1104,983,2023-02-15 23:00:00,275.08,completed
1105,78,2023-02-16 00:00:00,909.05,pending
1106,216,2023-02-16 01:00:00,677.32,completed
1107,386,2023-02-16 02:00:00,569.23,pending
1108,365,2023-02-16 03:00:00,128.77,canceled
1109,666,2023-02-16 04:00:00,458.11,pending
1110,526,2023-02-16 05:00:00,471.15,pending
1111,699,2023-02-16 06:00:00,867.27,canceled
1112,312,2023-02-16 07:00:00,555.72,completed
1113,883,2023-02-16 08:00:00,392.79,canceled
1114,7,2023-02-16 09:00:00,977.26,pending
1115,3,2023-02-16 10:00:00,128.51,completed
1116,623,2023-02-16 11:00:00,434.1,canceled
1117,919,2023-02-16 12:00:00,61.18,completed
1118,750,2023-02-16 13:00:00,745.11,completed
1119,363,2023-02-16 14:00:00,919.72,canceled
1120,751,2023-02-16 15:00:00,294.44,completed
1121,508,2023-02-16 16:00:00,861.17,canceled
1122,274,2023-02-16 17:00:00,306.37,pending
1123,506,2023-02-16 18:00:00,912.55,completed
1124,806,2023-02-16 19:00:00,758.88,pending
1125,739,2023-02-16 20:00:00,808.81,pending
1126,883,2023-02-16 21:00:00,37.65,completed
1127,15,2023-02-16 22:00:00,963.55,canceled
1128,192,2023-02-16 23:00:00,732.14,completed
1129,985,2023-02-17 00:00:00,318.66,pending
1130,631,2023-02-17 01:00:00,832.81,pending
1131,485,2023-02-17 02:00:00,295.89,canceled
1132,28,2023-02-17 03:00:00,875.3,completed
1133,714,2023-02-17 04:00:00,130.33,pending
1134,39,2023-02-17 05:00:00,709.61,pending
1135,953,2023-02-17 06:00:00,549.88,pending
1136,273,2023-02-17 07:00:00,114.6,canceled
1137,231,2023-02-17 08:00:00,257.06,pending
1138,86,2023-02-17 09:00:00,32.16,pending
1139,474,2023-02-17 10:00:00,479.39,completed
1140,126,2023-02-17 11:00:00,315.24,completed
1141,812,2023-02-17 12:00:00,606.39,pending
1142,537,2023-02-17 13:00:00,311.29,pending
1143,145,2023-02-17 14:00:00,313.92,completed
1144,525,2023-02-17 15:00:00,748.33,canceled
1145,212,2023-02-17 16:00:00,67.18,canceled
1146,25,2023-02-17 17:00:00,904.84,canceled
1147,580,2023-02-17 18:00:00,855.22,canceled
1148,394,2023-02-17 19:00:00,674.45,canceled
1149,67,2023-02-17 20:00:00,601.36,canceled
1150,233,2023-02-17 21:00:00,894.46,canceled
1151,109,2023-02-17 22:00:00,201.62,canceled
1152,146,2023-02-17 23:00:00,97.39,completed
1153,111,2023-02-18 00:00:00,254.72,canceled
1154,228,2023-02-18 01:00:00,798.69,canceled
1155,111,2023-02-18 02:00:00,53.98,canceled
1156,470,2023-02-18 03:00:00,591.15,pending
1157,34,2023-02-18 04:00:00,995.53,completed
1158,623,2023-02-18 05:00:00,858.58,completed
1159,776,2023-02-18 06:00:00,531.02,completed
1160,936,2023-02-18 07:00:00,82.37,canceled
1161,369,2023-02-18 08:00:00,834.75,canceled
1162,748,2023-02-18 09:00:00,607.0,pending
1163,595,2023-02-18 10:00:00,132.63,completed
1164,554,2023-02-18 11:00:00,111.98,canceled
1165,425,2023-02-18 12:00:00,911.43,completed
1166,613,2023-02-18 13:00:00,675.82,pending
1167,518,2023-02-18 14:00:00,832.7,pending
1168,692,2023-02-18 15:00:00,881.4,pending
1169,282,2023-02-18 16:00:00,580.34,completed
1170,320,2023-02-18 17:00:00,527.1,canceled
1171,738,2023-02-18 18:00:00,441.82,canceled
1172,443,2023-02-18 19:00:00,330.61,pending
1173,952,2023-02-18 20:00:00,445.9,canceled
1174,315,2023-02-18 21:00:00,778.4,pending
1175,877,2023-02-18 22:00:00,609.88,completed
1176,966,2023-02-18 23:00:00,894.67,pending
1177,741,2023-02-19 00:00:00,454.51,completed
1178,377,2023-02-19 01:00:00,614.95,pending
1179,289,2023-02-19 02:00:00,638.68,canceled
1180,437,2023-02-19 03:00:00,599.86,canceled
1181,662,2023-02-19 04:00:00,708.58,pending
1182,277,2023-02-19 05:00:00,252.68,canceled
1183,710,2023-02-19 06:00:00,522.12,canceled
1184,582,2023-02-19 07:00:00,122.14,canceled
1185,503,2023-02-19 08:00:00,396.82,completed
1186,624,2023-02-19 09:00:00,497.91,canceled
1187,516,2023-02-19 10:00:00,659.18,completed
1188,350,2023-02-19 11:00:00,951.52,pending
1189,843,2023-02-19 12:00:00,608.64,canceled
1190,446,2023-02-19 13:00:00,748.72,canceled
1191,830,2023-02-19 14:00:00,516.14,canceled
1192,350,2023-02-19 15:00:00,641.42,pending
1193,607,2023-02-19 16:00:00,89.51,completed
1194,664,2023-02-19 17:00:00,269.3,completed
1195,823,2023-02-19 18:00:00,374.62,canceled
1196,137,2023-02-19 19:00:00,483.04,pending
1197,759,2023-02-19 20:00:00,64.74,pending
1198,899,2023-02-19 21:00:00,157.22,pending
1199,243,2023-02-19 22:00:00,291.28,pending
1200,543,2023-02-19 23:00:00,972.1,pending
1201,40,2023-02-20 00:00:00,344.72,completed
1202,229,2023-02-20 01:00:00,492.4,completed
1203,548,2023-02-20 02:00:00,212.18,completed
1204,920,2023-02-20 03:00:00,618.56,canceled
1205,223,2023-02-20 04:00:00,295.07,pending
1206,6,2023-02-20 05:00:00,222.85,canceled
1207,322,2023-02-20 06:00:00,526.24,pending
1208,468,2023-02-20 07:00:00,25.4,completed
1209,732,2023-02-20 08:00:00,27.51,canceled
1210,75,2023-02-20 09:00:00,234.69,completed
1211,4,2023-02-20 10:00:00,55.99,pending
1212,847,2023-02-20 11:00:00,125.87,pending
1213,646,2023-02-20 12:00:00,352.08,pending
1214,118,2023-02-20 13:00:00,806.53,completed
1215,881,2023-02-20 14:00:00,580.61,pending
1216,606,2023-02-20 15:00:00,522.41,completed
1217,504,2023-02-20 16:00:00,307.62,canceled
1218,998,2023-02-20 17:00:00,933.12,pending
1219,947,2023-02-20 18:00:00,409.07,pending
1220,574,2023-02-20 19:00:00,105.35,pending
1221,441,2023-02-20 20:00:00,624.73,canceled
1222,194,2023-02-20 21:00:00,131.56,pending
1223,847,2023-02-20 22:00:00,358.32,completed
1224,715,2023-02-20 23:00:00,517.26,completed
1225,392,2023-02-21 00:00:00,876.74,pending
1226,26,2023-02-21 01:00:00,503.68,pending
1227,435,2023-02-21 02:00:00,708.21,canceled
1228,173,2023-02-21 03:00:00,992.96,canceled
1229,300,2023-02-21 04:00:00,148.86,canceled
1230,645,2023-02-21 05:00:00,289.24,pending
1231,326,2023-02-21 06:00:00,406.68,canceled
1232,410,2023-02-21 07:00:00,433.39,canceled
1233,118,2023-02-21 08:00:00,422.8,completed
1234,836,2023-02-21 09:00:00,909.46,canceled
1235,787,2023-02-21 10:00:00,719.75,completed
1236,724,2023-02-21 11:00:00,615.75,completed
1237,225,2023-02-21 12:00:00,323.19,canceled
1238,532,2023-02-21 13:00:00,827.31,completed
1239,113,2023-02-21 14:00:00,955.96,pending
1240,140,2023-02-21 15:00:00,824.77,pending
1241,559,2023-02-21 16:00:00,21.53,canceled
1242,1,2023-02-21 17:00:00,643.67,pending
1243,90,2023-02-21 18:00:00,70.11,completed
1244,654,2023-02-21 19:00:00,272.46,pending
1245,320,2023-02-21 20:00:00,78.33,canceled
1246,550,2023-02-21 21:00:00,611.72,canceled
1247,805,2023-02-21 22:00:00,692.86,completed
1248,894,2023-02-21 23:00:00,132.2,canceled
1249,139,2023-02-22 00:00:00,396.16,pending
1250,511,2023-02-22 01:00:00,467.11,canceled
1251,868,2023-02-22 02:00:00,381.67,completed
1252,845,2023-02-22 03:00:00,138.6,canceled
1253,259,2023-02-22 04:00:00,430.57,pending
1254,673,2023-02-22 05:00:00,756.15,completed
1255,902,2023-02-22 06:00:00,89.59,pending
1256,690,2023-02-22 07:00:00,98.58,completed
1257,10,2023-02-22 08:00:00,367.68,canceled
1258,261,2023-02-22 09:00:00,942.89,completed
1259,919,2023-02-22 10:00:00,675.2,completed
1260,650,2023-02-22 11:00:00,685.1,canceled
1261,172,2023-02-22 12:00:00,374.68,pending
1262,898,2023-02-22 13:00:00,601.79,canceled
1263,13,2023-02-22 14:00:00,29.93,completed
1264,168,2023-02-22 15:00:00,643.37,canceled
1265,642,2023-02-22 16:00:00,915.02,completed
1266,596,2023-02-22 17:00:00,620.32,canceled
1267,321,2023-02-22 18:00:00,876.22,canceled
1268,319,2023-02-22 19:00:00,729.49,pending
1269,613,2023-02-22 20:00:00,138.15,completed
1270,329,2023-02-22 21:00:00,904.4,pending
1271,785,2023-02-22 22:00:00,85.11,completed
1272,777,2023-02-22 23:00:00,543.29,canceled
1273,971,2023-02-23 00:00:00,159.29,completed
1274,911,2023-02-23 01:00:00,31.47,pending
1275,920,2023-02-23 02:00:00,433.59,pending
1276,550,2023-02-23 03:00:00,309.14,pending
1277,419,2023-02-23 04:00:00,496.28,completed
1278,606,2023-02-23 05:00:00,585.66,pending
1279,95,2023-02-23 06:00:00,62.86,pending
1280,817,2023-02-23 07:00:00,140.54,pending
1281,581,2023-02-23 08:00:00,567.47,canceled
1282,318,2023-02-23 09:00:00,356.3,canceled
1283,956,2023-02-23 10:00:00,734.59,completed
1284,236,2023-02-23 11:00:00,659.25,completed
1285,946,2023-02-23 12:00:00,848.69,pending
1286,334,2023-02-23 13:00:00,698.64,canceled
1287,885,2023-02-23 14:00:00,441.33,pending
1288,376,2023-02-23 15:00:00,679.51,pending
1289,459,2023-02-23 16:00:00,289.87,canceled
1290,137,2023-02-23 17:00:00,320.19,canceled
1291,930,2023-02-23 18:00:00,793.21,canceled
1292,588,2023-02-23 19:00:00,457.49,completed
1293,995,2023-02-23 20:00:00,802.41,completed
1294,547,2023-02-23 21:00:00,825.97,pending
1295,513,2023-02-23 22:00:00,860.41,completed
1296,296,2023-02-23 23:00:00,918.3,canceled
1297,320,2023-02-24 00:00:00,442.37,canceled
1298,918,2023-02-24 01:00:00,332.49,completed
1299,572,2023-02-24 02:00:00,590.55,pending
1300,832,2023-02-24 03:00:00,383.75,pending
1301,349,2023-02-24 04:00:00,609.05,completed
1302,840,2023-02-24 05:00:00,711.47,pending
1303,779,2023-02-24 06:00:00,694.64,pending
1304,873,2023-02-24 07:00:00,387.06,pending
1305,229,2023-02-24 08:00:00,183.52,canceled
1306,270,2023-02-24 09:00:00,441.92,canceled
1307,828,2023-02-24 10:00:00,159.74,completed
1308,798,2023-02-24 11:00:00,892.3,canceled
1309,291,2023-02-24 12:00:00,358.96,pending
1310,725,2023-02-24 13:00:00,171.37,canceled
1311,165,2023-02-24 14:00:00,44.94,completed
1312,5,2023-02-24 15:00:00,652.91,canceled
1313,851,2023-02-24 16:00:00,644.16,pending
1314,379,2023-02-24 17:00:00,353.79,pending
1315,78,2023-02-24 18:00:00,90.28,completed
1316,410,2023-02-24 19:00:00,421.44,canceled
1317,574,2023-02-24 20:00:00,324.99,canceled
1318,132,2023-02-24 21:00:00,683.58,canceled
1319,601,2023-02-24 22:00:00,613.66,pending
1320,749,2023-02-24 23:00:00,377.3,completed
1321,42,2023-02-25 00:00:00,233.53,canceled
1322,89,2023-02-25 01:00:00,988.28,pending
1323,402,2023-02-25 02:00:00,464.92,pending
1324,296,2023-02-25 03:00:00,694.51,pending
1325,840,2023-02-25 04:00:00,157.74,canceled
1326,295,2023-02-25 05:00:00,495.88,canceled
1327,616,2023-02-25 06:00:00,46.99,canceled
1328,526,2023-02-25 07:00:00,515.35,canceled
1329,800,2023-02-25 08:00:00,964.74,canceled
1330,691,2023-02-25 09:00:00,396.52,canceled
1331,637,2023-02-25 10:00:00,58.22,canceled
1332,422,2023-02-25 11:00:00,50.34,canceled
1333,865,2023-02-25 12:00:00,400.23,canceled
1334,23,2023-02-25 13:00:00,176.82,pending
1335,575,2023-02-25 14:00:00,42.89,canceled
1336,143,2023-02-25 15:00:00,761.09,completed
1337,993,2023-02-25 16:00:00,469.35,pending
1338,665,2023-02-25 17:00:00,303.46,canceled
1339,145,2023-02-25 18:00:00,902.08,completed
1340,225,2023-02-25 19:00:00,133.82,canceled
1341,503,2023-02-25 20:00:00,956.8,completed
1342,962,2023-02-25 21:00:00,327.69,completed
1343,974,2023-02-25 22:00:00,890.64,completed
1344,821,2023-02-25 23:00:00,610.88,completed
1345,616,2023-02-26 00:00:00,830.17,pending
1346,104,2023-02-26 01:00:00,984.33,pending
1347,947,2023-02-26 02:00:00,302.64,completed
1348,39,2023-02-26 03:00:00,961.91,canceled
1349,947,2023-02-26 04:00:00,401.69,completed
1350,198,2023-02-26 05:00:00,397.8,pending
1351,646,2023-02-26 06:00:00,353.58,canceled
1352,579,2023-02-26 07:00:00,550.58,pending
1353,391,2023-02-26 08:00:00,171.06,pending
1354,179,2023-02-26 09:00:00,562.64,canceled
1355,968,2023-02-26 10:00:00,550.87,completed
1356,554,2023-02-26 11:00:00,766.66,completed
1357,448,2023-02-26 12:00:00,836.98,completed
1358,500,2023-02-26 13:00:00,451.63,completed
1359,15,2023-02-26 14:00:00,316.29,canceled
1360,623,2023-02-26 15:00:00,274.15,canceled
1361,669,2023-02-26 16:00:00,210.73,canceled
1362,289,2023-02-26 17:00:00,76.49,pending
1363,478,2023-02-26 18:00:00,355.6,canceled
1364,231,2023-02-26 19:00:00,284.84,completed
1365,923,2023-02-26 20:00:00,967.09,pending
1366,420,2023-02-26 21:00:00,566.55,completed
1367,157,2023-02-26 22:00:00,360.33,completed
1368,550,2023-02-26 23:00:00,588.86,canceled
1369,441,2023-02-27 00:00:00,156.41,canceled
1370,97,2023-02-27 01:00:00,455.16,completed
1371,997,2023-02-27 02:00:00,633.71,completed
1372,411,2023-02-27 03:00:00,499.12,pending
1373,951,2023-02-27 04:00:00,413.74,canceled
1374,289,2023-02-27 05:00:00,993.97,pending
1375,254,2023-02-27 06:00:00,882.71,pending
1376,196,2023-02-27 07:00:00,630.94,pending
1377,598,2023-02-27 08:00:00,577.99,completed
1378,834,2023-02-27 09:00:00,628.25,pending
1379,522,2023-02-27 10:00:00,217.29,pending
1380,517,2023-02-27 11:00:00,407.23,completed
1381,635,2023-02-27 12:00:00,58.67,canceled
1382,842,2023-02-27 13:00:00,486.04,canceled
1383,865,2023-02-27 14:00:00,552.16,pending
1384,118,2023-02-27 15:00:00,243.19,completed
1385,806,2023-02-27 16:00:00,964.75,canceled
1386,909,2023-02-27 17:00:00,911.27,pending
1387,159,2023-02-27 18:00:00,727.7,pending
1388,815,2023-02-27 19:00:00,542.72,completed
1389,228,2023-02-27 20:00:00,872.57,pending
1390,877,2023-02-27 21:00:00,148.04,canceled
1391,216,2023-02-27 22:00:00,794.7,completed
1392,948,2023-02-27 23:00:00,142.32,canceled
1393,696,2023-02-28 00:00:00,798.33,canceled
1394,15,2023-02-28 01:00:00,290.25,canceled
1395,157,2023-02-28 02:00:00,879.55,pending
1396,648,2023-02-28 03:00:00,945.16,pending
1397,261,2023-02-28 04:00:00,165.82,canceled
1398,157,2023-02-28 05:00:00,473.42,canceled
1399,47,2023-02-28 06:00:00,981.37,completed
1400,324,2023-02-28 07:00:00,493.74,completed
1401,844,2023-02-28 08:00:00,866.28,pending
1402,685,2023-02-28 09:00:00,596.96,pending
1403,130,2023-02-28 10:00:00,387.82,completed
1404,411,2023-02-28 11:00:00,300.07,canceled
1405,95,2023-02-28 12:00:00,219.16,pending
1406,627,2023-02-28 13:00:00,766.56,canceled
1407,755,2023-02-28 14:00:00,398.81,completed
1408,932,2023-02-28 15:00:00,521.05,pending
1409,292,2023-02-28 16:00:00,502.48,pending
1410,794,2023-02-28 17:00:00,585.73,completed
1411,811,2023-02-28 18:00:00,868.27,pending
1412,283,2023-02-28 19:00:00,981.12,completed
1413,69,2023-02-28 20:00:00,419.43,pending
1414,660,2023-02-28 21:00:00,830.97,completed
1415,11,2023-02-28 22:00:00,769.24,pending
1416,254,2023-02-28 23:00:00,582.06,canceled
1417,842,2023-03-01 00:00:00,956.93,canceled
1418,872,2023-03-01 01:00:00,216.47,canceled
1419,550,2023-03-01 02:00:00,127.08,pending
1420,134,2023-03-01 03:00:00,856.88,pending
1421,712,2023-03-01 04:00:00,450.37,canceled
1422,23,2023-03-01 05:00:00,850.03,canceled
1423,815,2023-03-01 06:00:00,895.23,completed
1424,346,2023-03-01 07:00:00,81.21,completed
1425,302,2023-03-01 08:00:00,885.8,completed
1426,363,2023-03-01 09:00:00,459.35,canceled
1427,396,2023-03-01 10:00:00,520.22,canceled
1428,218,2023-03-01 11:00:00,634.06,canceled
1429,141,2023-03-01 12:00:00,927.85,completed
1430,616,2023-03-01 13:00:00,38.73,pending
1431,958,2023-03-01 14:00:00,487.31,canceled
1432,210,2023-03-01 15:00:00,693.97,pending
1433,985,2023-03-01 16:00:00,728.25,pending
1434,993,2023-03-01 17:00:00,698.68,pending
1435,623,2023-03-01 18:00:00,151.75,completed
1436,616,2023-03-01 19:00:00,313.41,pending
1437,828,2023-03-01 20:00:00,371.54,canceled
1438,683,2023-03-01 21:00:00,808.35,completed
1439,460,2023-03-01 22:00:00,293.18,canceled
1440,356,2023-03-01 23:00:00,226.49,canceled
1441,324,2023-03-02 00:00:00,958.3,completed
1442,133,2023-03-02 01:00:00,28.69,canceled
1443,888,2023-03-02 02:00:00,997.86,canceled
1444,805,2023-03-02 03:00:00,683.28,completed
1445,840,2023-03-02 04:00:00,831.9,canceled
1446,127,2023-03-02 05:00:00,308.73,pending
1447,106,2023-03-02 06:00:00,34.03,canceled
1448,604,2023-03-02 07:00:00,743.11,pending
1449,799,2023-03-02 08:00:00,837.46,canceled
1450,378,2023-03-02 09:00:00,745.67,completed
1451,905,2023-03-02 10:00:00,159.99,completed
1452,51,2023-03-02 11:00:00,758.36,canceled
1453,29,2023-03-02 12:00:00,773.54,completed
1454,462,2023-03-02 13:00:00,665.37,canceled
1455,296,2023-03-02 14:00:00,770.79,completed
1456,297,2023-03-02 15:00:00,849.0,pending
1457,726,2023-03-02 16:00:00,621.33,canceled
1458,779,2023-03-02 17:00:00,106.83,pending
1459,407,2023-03-02 18:00:00,497.88,pending
1460,769,2023-03-02 19:00:00,96.1,canceled
1461,814,2023-03-02 20:00:00,419.39,pending
1462,613,2023-03-02 21:00:00,418.96,canceled
1463,405,2023-03-02 22:00:00,84.69,pending
1464,346,2023-03-02 23:00:00,361.84,canceled
1465,622,2023-03-03 00:00:00,128.78,canceled
1466,420,2023-03-03 01:00:00,812.07,completed
1467,182,2023-03-03 02:00:00,948.73,canceled
1468,983,2023-03-03 03:00:00,90.87,canceled
1469,825,2023-03-03 04:00:00,956.01,pending
1470,1,2023-03-03 05:00:00,532.13,canceled
1471,831,2023-03-03 06:00:00,313.57,completed
1472,950,2023-03-03 07:00:00,95.32,pending
1473,567,2023-03-03 08:00:00,510.61,pending
1474,371,2023-03-03 09:00:00,798.63,completed
1475,936,2023-03-03 10:00:00,712.94,pending
1476,911,2023-03-03 11:00:00,69.22,pending
1477,661,2023-03-03 12:00:00,91.44,pending
1478,431,2023-03-03 13:00:00,414.82,pending
1479,969,2023-03-03 14:00:00,309.38,completed
1480,309,2023-03-03 15:00:00,247.74,completed
1481,137,2023-03-03 16:00:00,295.38,pending
1482,202,2023-03-03 17:00:00,807.41,pending
1483,436,2023-03-03 18:00:00,930.64,completed
1484,313,2023-03-03 19:00:00,417.0,completed
1485,117,2023-03-03 20:00:00,907.99,completed
1486,666,2023-03-03 21:00:00,335.07,pending
1487,937,2023-03-03 22:00:00,486.91,pending
1488,803,2023-03-03 23:00:00,241.51,canceled
1489,575,2023-03-04 00:00:00,647.67,completed
1490,244,2023-03-04 01:00:00,979.4,pending
1491,537,2023-03-04 02:00:00,611.42,completed
1492,602,2023-03-04 03:00:00,370.66,pending
1493,75,2023-03-04 04:00:00,654.86,completed
1494,806,2023-03-04 05:00:00,140.46,pending
1495,386,2023-03-04 06:00:00,890.89,canceled
1496,903,2023-03-04 07:00:00,513.02,canceled
1497,210,2023-03-04 08:00:00,460.36,completed
1498,475,2023-03-04 09:00:00,594.15,pending
1499,418,2023-03-04 10:00:00,632.29,pending
1500,347,2023-03-04 11:00:00,90.34,completed
1501,529,2023-03-04 12:00:00,688.96,pending
1502,640,2023-03-04 13:00:00,257.09,completed
1503,939,2023-03-04 14:00:00,719.67,pending
1504,955,2023-03-04 15:00:00,826.08,completed
1505,876,2023-03-04 16:00:00,807.88,pending
1506,763,2023-03-04 17:00:00,561.45,completed
1507,179,2023-03-04 18:00:00,529.77,pending
1508,182,2023-03-04 19:00:00,160.02,canceled
1509,664,2023-03-04 20:00:00,779.84,pending
1510,25,2023-03-04 21:00:00,285.98,completed
1511,967,2023-03-04 22:00:00,506.76,canceled
1512,180,2023-03-04 23:00:00,298.59,pending
1513,710,2023-03-05 00:00:00,151.15,canceled
1514,501,2023-03-05 01:00:00,636.97,pending
1515,856,2023-03-05 02:00:00,73.25,canceled
1516,161,2023-03-05 03:00:00,753.67,completed
1517,177,2023-03-05 04:00:00,331.24,pending
1518,285,2023-03-05 05:00:00,20.13,pending
1519,63,2023-03-05 06:00:00,520.91,completed
1520,662,2023-03-05 07:00:00,65.91,canceled
1521,666,2023-03-05 08:00:00,290.65,completed
1522,156,2023-03-05 09:00:00,712.84,completed
1523,882,2023-03-05 10:00:00,81.44,canceled
1524,469,2023-03-05 11:00:00,842.55,completed
1525,49,2023-03-05 12:00:00,23.74,pending
1526,967,2023-03-05 13:00:00,261.89,pending
1527,849,2023-03-05 14:00:00,746.09,pending
1528,84,2023-03-05 15:00:00,329.94,completed
1529,361,2023-03-05 16:00:00,119.85,pending
1530,689,2023-03-05 17:00:00,373.03,pending
1531,148,2023-03-05 18:00:00,284.99,pending
1532,630,2023-03-05 19:00:00,845.86,pending
1533,342,2023-03-05 20:00:00,327.08,pending
1534,476,2023-03-05 21:00:00,793.15,pending
1535,63,2023-03-05 22:00:00,894.03,completed
1536,701,2023-03-05 23:00:00,445.14,pending
1537,360,2023-03-06 00:00:00,911.74,pending
1538,561,2023-03-06 01:00:00,389.77,canceled
1539,327,2023-03-06 02:00:00,964.8,completed
1540,769,2023-03-06 03:00:00,107.5,completed
1541,736,2023-03-06 04:00:00,693.28,completed
1542,141,2023-03-06 05:00:00,503.94,completed
1543,990,2023-03-06 06:00:00,399.9,pending
1544,215,2023-03-06 07:00:00,640.06,pending
1545,435,2023-03-06 08:00:00,709.78,canceled
1546,891,2023-03-06 09:00:00,24.28,canceled
1547,952,2023-03-06 10:00:00,183.61,completed
1548,723,2023-03-06 11:00:00,718.79,canceled
1549,318,2023-03-06 12:00:00,673.06,canceled
1550,32,2023-03-06 13:00:00,966.73,completed
1551,670,2023-03-06 14:00:00,765.82,completed
1552,285,2023-03-06 15:00:00,951.76,canceled
1553,305,2023-03-06 16:00:00,708.49,pending
1554,429,2023-03-06 17:00:00,312.09,canceled
1555,477,2023-03-06 18:00:00,123.26,canceled
1556,286,2023-03-06 19:00:00,786.19,pending
1557,144,2023-03-06 20:00:00,651.27,pending
1558,424,2023-03-06 21:00:00,67.22,completed
1559,19,2023-03-06 22:00:00,372.85,completed
1560,18,2023-03-06 23:00:00,957.66,canceled
1561,769,2023-03-07 00:00:00,510.39,pending
1562,590,2023-03-07 01:00:00,444.07,completed
1563,371,2023-03-07 02:00:00,468.55,canceled
1564,175,2023-03-07 03:00:00,224.71,pending
1565,194,2023-03-07 04:00:00,381.33,canceled
1566,502,2023-03-07 05:00:00,382.42,completed
1567,988,2023-03-07 06:00:00,71.31,completed
1568,113,2023-03-07 07:00:00,772.22,pending
1569,114,2023-03-07 08:00:00,428.17,canceled
1570,222,2023-03-07 09:00:00,825.74,pending
1571,678,2023-03-07 10:00:00,853.34,completed
1572,947,2023-03-07 11:00:00,227.75,completed
1573,831,2023-03-07 12:00:00,664.21,canceled
1574,644,2023-03-07 13:00:00,482.84,canceled
1575,897,2023-03-07 14:00:00,882.55,canceled
1576,264,2023-03-07 15:00:00,231.43,pending
1577,925,2023-03-07 16:00:00,684.26,canceled
1578,55,2023-03-07 17:00:00,615.6,canceled
1579,871,2023-03-07 18:00:00,309.4,completed
1580,643,2023-03-07 19:00:00,153.87,completed
1581,800,2023-03-07 20:00:00,658.61,canceled
1582,778,2023-03-07 21:00:00,743.83,canceled
1583,458,2023-03-07 22:00:00,329.31,completed
1584,979,2023-03-07 23:00:00,651.94,canceled
1585,878,2023-03-08 00:00:00,407.23,pending
1586,162,2023-03-08 01:00:00,718.94,pending
1587,380,2023-03-08 02:00:00,215.23,pending
1588,993,2023-03-08 03:00:00,892.41,canceled
1589,87,2023-03-08 04:00:00,301.66,completed
1590,55,2023-03-08 05:00:00,380.43,canceled
1591,476,2023-03-08 06:00:00,76.93,canceled
1592,800,2023-03-08 07:00:00,129.28,completed
1593,178,2023-03-08 08:00:00,525.54,completed
1594,391,2023-03-08 09:00:00,282.24,completed
1595,349,2023-03-08 10:00:00,838.77,pending
1596,8,2023-03-08 11:00:00,34.4,canceled
1597,833,2023-03-08 12:00:00,391.51,completed
1598,313,2023-03-08 13:00:00,350.6,canceled
1599,759,2023-03-08 14:00:00,38.94,pending
1600,835,2023-03-08 15:00:00,141.88,pending
1601,984,2023-03-08 16:00:00,425.37,completed
1602,983,2023-03-08 17:00:00,503.01,completed
1603,443,2023-03-08 18:00:00,416.2,canceled
1604,767,2023-03-08 19:00:00,540.32,completed
1605,328,2023-03-08 20:00:00,603.23,canceled
1606,54,2023-03-08 21:00:00,29.73,completed
1607,761,2023-03-08 22:00:00,474.81,canceled
1608,239,2023-03-08 23:00:00,964.23,canceled
1609,229,2023-03-09 00:00:00,528.65,canceled
1610,579,2023-03-09 01:00:00,683.99,canceled
1611,51,2023-03-09 02:00:00,325.63,pending
1612,609,2023-03-09 03:00:00,778.51,canceled
1613,604,2023-03-09 04:00:00,777.46,completed
1614,264,2023-03-09 05:00:00,530.87,pending
1615,418,2023-03-09 06:00:00,976.49,pending
1616,803,2023-03-09 07:00:00,143.04,canceled
1617,96,2023-03-09 08:00:00,36.61,pending
1618,88,2023-03-09 09:00:00,774.76,canceled
1619,78,2023-03-09 10:00:00,811.01,completed
1620,288,2023-03-09 11:00:00,137.8,canceled
1621,120,2023-03-09 12:00:00,280.27,pending
1622,814,2023-03-09 13:00:00,37.2,completed
1623,491,2023-03-09 14:00:00,307.44,canceled
1624,912,2023-03-09 15:00:00,777.68,completed
1625,452,2023-03-09 16:00:00,527.6,completed
1626,500,2023-03-09 17:00:00,361.13,pending
1627,165,2023-03-09 18:00:00,384.3,completed
1628,182,2023-03-09 19:00:00,21.33,pending
1629,469,2023-03-09 20:00:00,313.8,completed
1630,910,2023-03-09 21:00:00,653.53,canceled
1631,735,2023-03-09 22:00:00,974.71,completed
1632,823,2023-03-09 23:00:00,850.12,canceled
1633,944,2023-03-10 00:00:00,43.12,canceled
1634,978,2023-03-10 01:00:00,900.59,completed
1635,7,2023-03-10 02:00:00,787.53,canceled
1636,330,2023-03-10 03:00:00,784.77,completed
1637,775,2023-03-10 04:00:00,468.84,completed
1638,673,2023-03-10 05:00:00,410.05,canceled
1639,151,2023-03-10 06:00:00,316.86,canceled
1640,85,2023-03-10 07:00:00,84.38,pending
1641,147,2023-03-10 08:00:00,243.67,canceled
1642,624,2023-03-10 09:00:00,261.67,pending
1643,381,2023-03-10 10:00:00,494.4,canceled
1644,915,2023-03-10 11:00:00,752.5,completed
1645,548,2023-03-10 12:00:00,484.33,canceled
1646,285,2023-03-10 13:00:00,76.69,completed
1647,700,2023-03-10 14:00:00,958.63,completed
1648,82,2023-03-10 15:00:00,943.87,completed
1649,514,2023-03-10 16:00:00,789.49,pending
1650,897,2023-03-10 17:00:00,991.5,canceled
1651,815,2023-03-10 18:00:00,553.59,completed
1652,709,2023-03-10 19:00:00,963.51,completed
1653,916,2023-03-10 20:00:00,94.09,pending
1654,523,2023-03-10 21:00:00,378.37,canceled
1655,746,2023-03-10 22:00:00,240.87,canceled
1656,386,2023-03-10 23:00:00,211.92,pending
1657,707,2023-03-11 00:00:00,157.99,pending
1658,471,2023-03-11 01:00:00,629.97,canceled
1659,119,2023-03-11 02:00:00,785.7,pending
1660,396,2023-03-11 03:00:00,586.73,canceled
1661,532,2023-03-11 04:00:00,164.02,canceled
1662,261,2023-03-11 05:00:00,814.9,completed
1663,805,2023-03-11 06:00:00,643.24,completed
1664,934,2023-03-11 07:00:00,400.4,canceled
1665,256,2023-03-11 08:00:00,680.65,canceled
1666,734,2023-03-11 09:00:00,274.71,canceled
1667,905,2023-03-11 10:00:00,358.29,canceled
1668,226,2023-03-11 11:00:00,919.14,canceled
1669,53,2023-03-11 12:00:00,304.69,canceled
1670,940,2023-03-11 13:00:00,480.59,pending
1671,867,2023-03-11 14:00:00,892.34,canceled
1672,500,2023-03-11 15:00:00,713.57,pending
1673,506,2023-03-11 16:00:00,80.96,pending
1674,854,2023-03-11 17:00:00,164.36,canceled
1675,364,2023-03-11 18:00:00,27.68,canceled
1676,280,2023-03-11 19:00:00,638.3,pending
1677,593,2023-03-11 20:00:00,458.72,pending
1678,714,2023-03-11 21:00:00,151.59,canceled
1679,158,2023-03-11 22:00:00,958.78,canceled
1680,632,2023-03-11 23:00:00,539.07,pending
1681,59,2023-03-12 00:00:00,257.06,pending
1682,727,2023-03-12 01:00:00,510.59,pending
1683,128,2023-03-12 02:00:00,686.03,completed
1684,736,2023-03-12 03:00:00,94.71,pending
1685,721,2023-03-12 04:00:00,289.21,completed
1686,882,2023-03-12 05:00:00,810.83,canceled
1687,115,2023-03-12 06:00:00,470.47,canceled
1688,209,2023-03-12 07:00:00,555.65,pending
1689,526,2023-03-12 08:00:00,444.16,canceled
1690,521,2023-03-12 09:00:00,63.02,canceled
1691,552,2023-03-12 10:00:00,182.43,canceled
1692,962,2023-03-12 11:00:00,456.63,canceled
1693,237,2023-03-12 12:00:00,225.0,completed
1694,281,2023-03-12 13:00:00,68.98,completed
1695,359,2023-03-12 14:00:00,846.78,pending
1696,201,2023-03-12 15:00:00,981.57,pending
1697,758,2023-03-12 16:00:00,797.28,pending
1698,278,2023-03-12 17:00:00,856.71,canceled
1699,235,2023-03-12 18:00:00,257.14,canceled
1700,494,2023-03-12 19:00:00,961.41,completed
1701,4,2023-03-12 20:00:00,212.99,completed
1702,666,2023-03-12 21:00:00,952.4,pending
1703,442,2023-03-12 22:00:00,994.92,completed
1704,29,2023-03-12 23:00:00,717.49,completed
1705,109,2023-03-13 00:00:00,981.52,completed
1706,610,2023-03-13 01:00:00,578.15,completed
1707,727,2023-03-13 02:00:00,274.35,completed
1708,805,2023-03-13 03:00:00,448.26,pending
1709,75,2023-03-13 04:00:00,601.69,pending
1710,838,2023-03-13 05:00:00,91.62,completed
1711,146,2023-03-13 06:00:00,629.9,pending
1712,128,2023-03-13 07:00:00,981.55,canceled
1713,853,2023-03-13 08:00:00,206.31,completed
1714,42,2023-03-13 09:00:00,796.74,canceled
1715,356,2023-03-13 10:00:00,909.74,pending
1716,41,2023-03-13 11:00:00,944.83,pending
1717,934,2023-03-13 12:00:00,960.93,canceled
1718,34,2023-03-13 13:00:00,531.03,pending
1719,17,2023-03-13 14:00:00,977.76,completed
1720,677,2023-03-13 15:00:00,762.16,canceled
1721,153,2023-03-13 16:00:00,178.44,completed
1722,998,2023-03-13 17:00:00,487.36,canceled
1723,378,2023-03-13 18:00:00,723.96,pending
1724,588,2023-03-13 19:00:00,262.39,canceled
1725,599,2023-03-13 20:00:00,647.8,canceled
1726,629,2023-03-13 21:00:00,673.27,completed
1727,874,2023-03-13 22:00:00,179.45,pending
1728,342,2023-03-13 23:00:00,573.78,completed
1729,981,2023-03-14 00:00:00,776.19,pending
1730,27,2023-03-14 01:00:00,508.92,completed
1731,825,2023-03-14 02:00:00,31.86,canceled
1732,287,2023-03-14 03:00:00,28.86,completed
1733,646,2023-03-14 04:00:00,369.89,pending
1734,731,2023-03-14 05:00:00,927.67,pending
1735,168,2023-03-14 06:00:00,244.1,canceled
1736,610,2023-03-14 07:00:00,641.68,pending
1737,268,2023-03-14 08:00:00,237.63,completed
1738,749,2023-03-14 09:00:00,335.24,canceled
1739,821,2023-03-14 10:00:00,851.08,pending
1740,455,2023-03-14 11:00:00,734.28,pending
1741,906,2023-03-14 12:00:00,113.49,completed
1742,685,2023-03-14 13:00:00,440.13,completed
1743,401,2023-03-14 14:00:00,48.59,canceled
1744,922,2023-03-14 15:00:00,491.27,pending
1745,981,2023-03-14 16:00:00,669.19,completed
1746,476,2023-03-14 17:00:00,136.13,canceled
1747,702,2023-03-14 18:00:00,303.11,pending
1748,634,2023-03-14 19:00:00,409.88,pending
1749,558,2023-03-14 20:00:00,921.14,canceled
1750,576,2023-03-14 21:00:00,993.39,canceled
1751,130,2023-03-14 22:00:00,64.01,completed
1752,822,2023-03-14 23:00:00,765.79,pending
1753,363,2023-03-15 00:00:00,384.29,pending
1754,705,2023-03-15 01:00:00,404.61,pending
1755,819,2023-03-15 02:00:00,759.18,canceled
1756,693,2023-03-15 03:00:00,920.06,completed
1757,292,2023-03-15 04:00:00,951.91,pending
1758,371,2023-03-15 05:00:00,585.58,canceled
1759,794,2023-03-15 06:00:00,369.98,pending
1760,29,2023-03-15 07:00:00,791.8,completed
1761,149,2023-03-15 08:00:00,265.98,pending
1762,779,2023-03-15 09:00:00,572.79,completed
1763,296,2023-03-15 10:00:00,371.41,completed
1764,11,2023-03-15 11:00:00,663.5,pending
1765,512,2023-03-15 12:00:00,255.59,pending
1766,676,2023-03-15 13:00:00,207.76,completed
1767,113,2023-03-15 14:00:00,919.87,canceled
1768,187,2023-03-15 15:00:00,119.77,completed
1769,807,2023-03-15 16:00:00,515.84,pending
1770,744,2023-03-15 17:00:00,236.44,pending
1771,227,2023-03-15 18:00:00,58.15,canceled
1772,310,2023-03-15 19:00:00,55.3,completed
1773,98,2023-03-15 20:00:00,191.72,completed
1774,55,2023-03-15 21:00:00,869.43,completed
1775,623,2023-03-15 22:00:00,296.83,pending
1776,664,2023-03-15 23:00:00,951.45,completed
1777,758,2023-03-16 00:00:00,589.99,canceled
1778,406,2023-03-16 01:00:00,447.88,pending
1779,69,2023-03-16 02:00:00,588.49,pending
1780,312,2023-03-16 03:00:00,526.36,completed
1781,289,2023-03-16 04:00:00,763.6,canceled
1782,762,2023-03-16 05:00:00,296.85,pending
1783,548,2023-03-16 06:00:00,365.99,pending
1784,751,2023-03-16 07:00:00,896.21,completed
1785,148,2023-03-16 08:00:00,947.53,completed
1786,467,2023-03-16 09:00:00,894.71,canceled
1787,739,2023-03-16 10:00:00,431.06,completed
1788,244,2023-03-16 11:00:00,784.76,canceled
1789,491,2023-03-16 12:00:00,486.81,pending
1790,849,2023-03-16 13:00:00,507.59,canceled
1791,958,2023-03-16 14:00:00,220.59,canceled
1792,507,2023-03-16 15:00:00,599.31,canceled
1793,365,2023-03-16 16:00:00,202.41,pending
1794,482,2023-03-16 17:00:00,344.93,completed
1795,201,2023-03-16 18:00:00,857.93,pending
1796,154,2023-03-16 19:00:00,222.93,completed
1797,450,2023-03-16 20:00:00,89.74,canceled
1798,501,2023-03-16 21:00:00,87.63,canceled
1799,73,2023-03-16 22:00:00,941.97,canceled
1800,713,2023-03-16 23:00:00,516.78,canceled
1801,296,2023-03-17 00:00:00,421.22,canceled
1802,17,2023-03-17 01:00:00,814.66,completed
1803,641,2023-03-17 02:00:00,839.11,completed
1804,217,2023-03-17 03:00:00,345.55,canceled
1805,61,2023-03-17 04:00:00,699.75,pending
1806,939,2023-03-17 05:00:00,775.7,pending
1807,616,2023-03-17 06:00:00,661.56,canceled
1808,42,2023-03-17 07:00:00,168.56,completed
1809,25,2023-03-17 08:00:00,878.37,pending
1810,39,2023-03-17 09:00:00,548.31,pending
1811,803,2023-03-17 10:00:00,296.82,pending
1812,131,2023-03-17 11:00:00,436.72,canceled
1813,498,2023-03-17 12:00:00,56.82,pending
1814,229,2023-03-17 13:00:00,145.31,pending
1815,108,2023-03-17 14:00:00,770.24,pending
1816,172,2023-03-17 15:00:00,20.01,pending
1817,435,2023-03-17 16:00:00,428.23,completed
1818,478,2023-03-17 17:00:00,532.06,canceled
1819,102,2023-03-17 18:00:00,73.54,canceled
1820,866,2023-03-17 19:00:00,973.62,completed
1821,524,2023-03-17 20:00:00,241.6,completed
1822,275,2023-03-17 21:00:00,318.11,canceled
1823,613,2023-03-17 22:00:00,317.86,pending
1824,44,2023-03-17 23:00:00,245.81,pending
1825,955,2023-03-18 00:00:00,21.44,canceled
1826,817,2023-03-18 01:00:00,734.76,pending
1827,957,2023-03-18 02:00:00,967.51,completed
1828,17,2023-03-18 03:00:00,239.81,pending
1829,330,2023-03-18 04:00:00,669.79,pending
1830,569,2023-03-18 05:00:00,747.06,pending
1831,823,2023-03-18 06:00:00,851.46,canceled
1832,497,2023-03-18 07:00:00,434.18,completed
1833,815,2023-03-18 08:00:00,316.87,pending
1834,12,2023-03-18 09:00:00,338.79,canceled
1835,318,2023-03-18 10:00:00,718.37,pending
1836,592,2023-03-18 11:00:00,820.44,completed
1837,216,2023-03-18 12:00:00,197.98,pending
1838,339,2023-03-18 13:00:00,383.52,completed
1839,776,2023-03-18 14:00:00,903.9,pending
1840,991,2023-03-18 15:00:00,810.56,completed
1841,661,2023-03-18 16:00:00,985.16,pending
1842,81,2023-03-18 17:00:00,759.16,completed
1843,727,2023-03-18 18:00:00,405.33,pending
1844,485,2023-03-18 19:00:00,598.83,pending
1845,374,2023-03-18 20:00:00,667.79,canceled
1846,976,2023-03-18 21:00:00,96.89,canceled
1847,710,2023-03-18 22:00:00,553.61,completed
1848,200,2023-03-18 23:00:00,715.13,pending
1849,537,2023-03-19 00:00:00,183.97,completed
1850,466,2023-03-19 01:00:00,785.02,canceled
1851,89,2023-03-19 02:00:00,592.1,completed
1852,268,2023-03-19 03:00:00,953.18,completed
1853,655,2023-03-19 04:00:00,61.57,canceled
1854,571,2023-03-19 05:00:00,280.02,pending
1855,922,2023-03-19 06:00:00,609.52,completed
1856,489,2023-03-19 07:00:00,310.63,canceled
1857,877,2023-03-19 08:00:00,720.14,pending
1858,538,2023-03-19 09:00:00,763.83,canceled
1859,47,2023-03-19 10:00:00,120.47,completed
1860,288,2023-03-19 11:00:00,523.58,pending
1861,778,2023-03-19 12:00:00,518.71,pending
1862,16,2023-03-19 13:00:00,381.9,canceled
1863,711,2023-03-19 14:00:00,934.27,canceled
1864,401,2023-03-19 15:00:00,830.96,canceled
1865,919,2023-03-19 16:00:00,703.27,pending
1866,794,2023-03-19 17:00:00,720.04,pending
1867,981,2023-03-19 18:00:00,472.48,completed
1868,86,2023-03-19 19:00:00,922.57,pending
1869,250,2023-03-19 20:00:00,700.7,completed
1870,391,2023-03-19 21:00:00,734.4,canceled
1871,782,2023-03-19 22:00:00,864.46,canceled
1872,335,2023-03-19 23:00:00,288.59,pending
1873,629,2023-03-20 00:00:00,810.93,canceled
1874,519,2023-03-20 01:00:00,211.34,canceled
1875,137,2023-03-20 02:00:00,358.44,pending
1876,883,2023-03-20 03:00:00,348.9,completed
1877,688,2023-03-20 04:00:00,978.95,pending
1878,840,2023-03-20 05:00:00,859.41,completed
1879,498,2023-03-20 06:00:00,707.15,pending
1880,827,2023-03-20 07:00:00,732.52,pending
1881,727,2023-03-20 08:00:00,570.83,canceled
1882,477,2023-03-20 09:00:00,948.15,pending
1883,594,2023-03-20 10:00:00,506.33,pending
1884,223,2023-03-20 11:00:00,392.91,completed
1885,990,2023-03-20 12:00:00,179.77,canceled
1886,372,2023-03-20 13:00:00,790.48,completed
1887,935,2023-03-20 14:00:00,739.76,completed
1888,995,2023-03-20 15:00:00,396.67,canceled
1889,402,2023-03-20 16:00:00,44.69,canceled
1890,443,2023-03-20 17:00:00,842.22,canceled
1891,490,2023-03-20 18:00:00,31.19,pending
1892,615,2023-03-20 19:00:00,709.63,canceled
1893,273,2023-03-20 20:00:00,970.85,canceled
1894,526,2023-03-20 21:00:00,448.91,canceled
1895,159,2023-03-20 22:00:00,250.27,completed
1896,152,2023-03-20 23:00:00,710.77,completed
1897,995,2023-03-21 00:00:00,820.79,pending
1898,620,2023-03-21 01:00:00,555.5,completed
1899,188,2023-03-21 02:00:00,967.69,pending
1900,813,2023-03-21 03:00:00,70.64,completed
1901,98,2023-03-21 04:00:00,514.7,canceled
1902,131,2023-03-21 05:00:00,724.08,completed
1903,805,2023-03-21 06:00:00,865.39,pending
1904,171,2023-03-21 07:00:00,195.67,completed
1905,936,2023-03-21 08:00:00,804.0,canceled
1906,986,2023-03-21 09:00:00,561.65,pending
1907,183,2023-03-21 10:00:00,408.62,canceled
1908,983,2023-03-21 11:00:00,149.08,canceled
1909,364,2023-03-21 12:00:00,867.99,pending
1910,39,2023-03-21 13:00:00,174.13,canceled
1911,527,2023-03-21 14:00:00,323.59,canceled
1912,888,2023-03-21 15:00:00,304.24,completed
1913,497,2023-03-21 16:00:00,873.99,canceled
1914,516,2023-03-21 17:00:00,679.25,canceled
1915,349,2023-03-21 18:00:00,800.75,canceled
1916,982,2023-03-21 19:00:00,265.46,canceled
1917,921,2023-03-21 20:00:00,632.38,pending
1918,397,2023-03-21 21:00:00,580.31,completed
1919,722,2023-03-21 22:00:00,836.17,canceled
1920,161,2023-03-21 23:00:00,907.97,canceled
1921,16,2023-03-22 00:00:00,31.91,pending
1922,493,2023-03-22 01:00:00,680.54,canceled
1923,426,2023-03-22 02:00:00,70.8,pending
1924,108,2023-03-22 03:00:00,557.88,completed
1925,894,2023-03-22 04:00:00,301.88,completed
1926,450,2023-03-22 05:00:00,320.64,canceled
1927,311,2023-03-22 06:00:00,365.9,canceled
1928,739,2023-03-22 07:00:00,628.87,canceled
1929,170,2023-03-22 08:00:00,347.37,pending
1930,546,2023-03-22 09:00:00,738.05,canceled
1931,414,2023-03-22 10:00:00,416.44,canceled
1932,251,2023-03-22 11:00:00,86.99,completed
1933,759,2023-03-22 12:00:00,788.08,canceled
1934,781,2023-03-22 13:00:00,300.04,completed
1935,141,2023-03-22 14:00:00,444.11,canceled
1936,274,2023-03-22 15:00:00,691.74,completed
1937,416,2023-03-22 16:00:00,345.81,canceled
1938,608,2023-03-22 17:00:00,75.45,completed
1939,739,2023-03-22 18:00:00,386.44,pending
1940,891,2023-03-22 19:00:00,945.56,completed
1941,39,2023-03-22 20:00:00,648.9,completed
1942,814,2023-03-22 21:00:00,678.05,completed
1943,29,2023-03-22 22:00:00,639.64,canceled
1944,958,2023-03-22 23:00:00,215.01,canceled
1945,477,2023-03-23 00:00:00,429.97,canceled
1946,318,2023-03-23 01:00:00,755.92,pending
1947,245,2023-03-23 02:00:00,119.35,pending
1948,748,2023-03-23 03:00:00,292.3,completed
1949,697,2023-03-23 04:00:00,290.79,pending
1950,272,2023-03-23 05:00:00,443.38,completed
1951,440,2023-03-23 06:00:00,980.76,completed
1952,748,2023-03-23 07:00:00,86.15,completed
1953,239,2023-03-23 08:00:00,528.33,pending
1954,377,2023-03-23 09:00:00,195.78,canceled
1955,266,2023-03-23 10:00:00,971.26,pending
1956,926,2023-03-23 11:00:00,131.04,completed
1957,921,2023-03-23 12:00:00,415.53,completed
1958,359,2023-03-23 13:00:00,743.13,pending
1959,340,2023-03-23 14:00:00,710.46,completed
1960,389,2023-03-23 15:00:00,434.27,completed
1961,577,2023-03-23 16:00:00,359.59,pending
1962,990,2023-03-23 17:00:00,409.66,pending
1963,689,2023-03-23 18:00:00,278.99,pending
1964,3,2023-03-23 19:00:00,221.23,completed
1965,429,2023-03-23 20:00:00,493.38,completed
1966,142,2023-03-23 21:00:00,283.16,canceled
1967,376,2023-03-23 22:00:00,301.71,canceled
1968,670,2023-03-23 23:00:00,663.62,pending
1969,324,2023-03-24 00:00:00,969.17,canceled
1970,146,2023-03-24 01:00:00,611.56,completed
1971,958,2023-03-24 02:00:00,95.44,canceled
1972,293,2023-03-24 03:00:00,94.07,completed
1973,665,2023-03-24 04:00:00,952.39,pending
1974,432,2023-03-24 05:00:00,311.34,pending
1975,705,2023-03-24 06:00:00,110.23,completed
1976,949,2023-03-24 07:00:00,607.06,canceled
1977,975,2023-03-24 08:00:00,631.18,pending
1978,585,2023-03-24 09:00:00,655.53,pending
1979,399,2023-03-24 10:00:00,282.05,canceled
1980,817,2023-03-24 11:00:00,34.81,canceled
1981,889,2023-03-24 12:00:00,965.72,completed
1982,344,2023-03-24 13:00:00,265.88,canceled
1983,964,2023-03-24 14:00:00,682.51,canceled
1984,140,2023-03-24 15:00:00,712.5,canceled
1985,187,2023-03-24 16:00:00,617.81,completed
1986,805,2023-03-24 17:00:00,326.65,completed
1987,61,2023-03-24 18:00:00,285.67,pending
1988,997,2023-03-24 19:00:00,605.71,completed
1989,939,2023-03-24 20:00:00,868.77,pending
1990,380,2023-03-24 21:00:00,947.8,canceled
1991,710,2023-03-24 22:00:00,123.79,pending
1992,807,2023-03-24 23:00:00,171.73,pending
1993,440,2023-03-25 00:00:00,945.84,canceled
1994,319,2023-03-25 01:00:00,741.8,pending
1995,302,2023-03-25 02:00:00,885.33,completed
1996,344,2023-03-25 03:00:00,218.58,completed
1997,11,2023-03-25 04:00:00,595.83,completed
1998,62,2023-03-25 05:00:00,707.12,completed
1999,845,2023-03-25 06:00:00,686.51,pending
2000,226,2023-03-25 07:00:00,419.99,pending
