invoice_id,order_id,invoice_date,due_date,amount_due,tax,discount,total_amount,status,payment_id,payment_date,amount_paid
7,7,2023-01-03 06:00:00,2023-02-06 06:00:00,522.43,99.26169999999999,38.57,583.1216999999999,paid,1,2023-01-09 06:00:00,583.1216999999999
11,11,2023-01-04 10:00:00,2023-02-05 10:00:00,202.71,38.514900000000004,2.62,238.60490000000001,paid,2,2023-01-25 10:00:00,238.60490000000001
12,12,2023-01-02 11:00:00,2023-02-12 11:00:00,783.99,148.9581,39.14,893.8081000000001,paid,3,2023-01-16 11:00:00,893.8081000000001
13,13,2023-01-03 12:00:00,2023-02-09 12:00:00,363.12,68.9928,42.28,389.8328,paid,4,2023-01-05 12:00:00,389.8328
15,15,2023-01-02 14:00:00,2023-02-13 14:00:00,969.72,184.2468,25.42,1128.5468,paid,5,2023-01-10 14:00:00,1128.5468
16,16,2023-01-04 15:00:00,2023-02-01 15:00:00,886.11,168.36090000000002,11.65,1042.8209,paid,6,2023-01-17 15:00:00,1042.8209
17,17,2023-01-04 16:00:00,2023-02-11 16:00:00,929.2,176.548,42.27,1063.478,paid,7,2023-01-27 16:00:00,1063.478
24,24,2023-01-03 23:00:00,2023-02-02 23:00:00,819.52,155.7088,9.35,965.8788,paid,8,2023-01-09 23:00:00,965.8788
25,25,2023-01-04 00:00:00,2023-02-03 00:00:00,239.95,45.5905,3.33,282.2105,paid,9,2023-01-09 00:00:00,282.2105
26,26,2023-01-03 01:00:00,2023-02-06 01:00:00,239.34,45.4746,49.93,234.88459999999998,paid,10,2023-01-08 01:00:00,234.88459999999998
27,27,2023-01-06 02:00:00,2023-02-06 02:00:00,546.23,103.78370000000001,1.24,648.7737,paid,11,2023-01-31 02:00:00,648.7737
31,31,2023-01-05 06:00:00,2023-02-13 06:00:00,879.91,167.1829,27.73,1019.3628999999999,paid,12,2023-01-06 06:00:00,1019.3628999999999
32,32,2023-01-05 07:00:00,2023-02-12 07:00:00,280.29,53.255100000000006,45.08,288.46510000000006,paid,13,2023-01-14 07:00:00,288.46510000000006
36,36,2023-01-06 11:00:00,2023-02-13 11:00:00,864.89,164.3291,12.52,1016.6991,paid,14,2023-01-12 11:00:00,1016.6991
37,37,2023-01-04 12:00:00,2023-02-08 12:00:00,813.33,154.5327,33.47,934.3927,paid,15,2023-01-24 12:00:00,934.3927
42,42,2023-01-06 17:00:00,2023-02-08 17:00:00,385.23,73.1937,40.25,418.17370000000005,paid,16,2023-02-01 17:00:00,418.17370000000005
44,44,2023-01-06 19:00:00,2023-02-04 19:00:00,728.95,138.50050000000002,13.43,854.0205000000001,paid,17,2023-01-13 19:00:00,854.0205000000001
46,46,2023-01-03 21:00:00,2023-02-03 21:00:00,99.43,18.8917,4.31,114.0117,paid,18,2023-01-12 21:00:00,114.0117
47,47,2023-01-05 22:00:00,2023-02-05 22:00:00,235.78,44.7982,27.96,252.61819999999997,paid,19,2023-01-10 22:00:00,252.61819999999997
50,50,2023-01-07 01:00:00,2023-02-12 01:00:00,854.18,162.2942,22.1,994.3741999999999,paid,20,2023-01-21 01:00:00,994.3741999999999
52,52,2023-01-05 03:00:00,2023-02-04 03:00:00,490.97,93.2843,26.09,558.1643,paid,21,2023-01-10 03:00:00,558.1643
54,54,2023-01-04 05:00:00,2023-02-09 05:00:00,828.19,157.35610000000003,0.42,985.1261000000001,paid,22,2023-01-12 05:00:00,985.1261000000001
55,55,2023-01-05 06:00:00,2023-02-07 06:00:00,360.85,68.56150000000001,38.05,391.36150000000004,paid,23,2023-01-12 06:00:00,391.36150000000004
56,56,2023-01-06 07:00:00,2023-02-05 07:00:00,684.46,130.0474,35.65,778.8574000000001,paid,24,2023-01-19 07:00:00,778.8574000000001
59,59,2023-01-06 10:00:00,2023-02-04 10:00:00,881.06,167.4014,37.75,1010.7113999999999,paid,25,2023-01-19 10:00:00,1010.7113999999999
61,61,2023-01-07 12:00:00,2023-02-05 12:00:00,665.28,126.4032,12.01,779.6732,paid,26,2023-01-15 12:00:00,779.6732
63,63,2023-01-04 14:00:00,2023-02-06 14:00:00,869.95,165.2905,9.19,1026.0505,paid,27,2023-01-15 14:00:00,1026.0505
64,64,2023-01-05 15:00:00,2023-02-09 15:00:00,714.2,135.698,28.85,821.048,paid,28,2023-02-02 15:00:00,821.048
73,73,2023-01-08 00:00:00,2023-02-06 00:00:00,48.66,9.2454,3.93,53.9754,paid,29,2023-02-03 00:00:00,53.9754
75,75,2023-01-06 02:00:00,2023-02-16 02:00:00,146.29,27.795099999999998,3.89,170.1951,paid,30,2023-01-24 02:00:00,170.1951
76,76,2023-01-08 03:00:00,2023-02-15 03:00:00,348.42,66.19980000000001,35.34,379.2798,paid,31,2023-02-02 03:00:00,379.2798
79,79,2023-01-07 06:00:00,2023-02-03 06:00:00,821.61,156.1059,18.52,959.1959,paid,32,2023-01-26 06:00:00,959.1959
80,80,2023-01-06 07:00:00,2023-02-06 07:00:00,835.49,158.7431,28.45,965.7831,paid,33,2023-01-12 07:00:00,965.7831
89,89,2023-01-07 16:00:00,2023-02-06 16:00:00,549.19,104.3461,9.55,643.9861000000001,paid,34,2023-01-29 16:00:00,643.9861000000001
90,90,2023-01-07 17:00:00,2023-02-04 17:00:00,784.25,149.0075,39.53,893.7275,paid,35,2023-01-09 17:00:00,893.7275
91,91,2023-01-08 18:00:00,2023-02-06 18:00:00,124.84,23.7196,22.7,125.85959999999999,paid,36,2023-02-05 18:00:00,125.85959999999999
93,93,2023-01-07 20:00:00,2023-02-13 20:00:00,550.44,104.58360000000002,19.2,635.8236,paid,37,2023-01-20 20:00:00,635.8236
94,94,2023-01-07 21:00:00,2023-02-13 21:00:00,963.73,183.1087,42.72,1104.1187,paid,38,2023-01-30 21:00:00,1104.1187
95,95,2023-01-07 22:00:00,2023-02-12 22:00:00,355.03,67.4557,37.45,385.03569999999996,paid,39,2023-02-01 22:00:00,385.03569999999996
99,99,2023-01-08 02:00:00,2023-02-10 02:00:00,938.48,178.3112,46.04,1070.7512000000002,paid,40,2023-02-05 02:00:00,1070.7512000000002
101,101,2023-01-08 04:00:00,2023-02-06 04:00:00,86.48,16.4312,26.67,76.2412,paid,41,2023-02-03 04:00:00,76.2412
102,102,2023-01-08 05:00:00,2023-02-15 05:00:00,314.94,59.8386,29.82,344.9586,paid,42,2023-01-19 05:00:00,344.9586
105,105,2023-01-06 08:00:00,2023-02-11 08:00:00,590.53,112.2007,26.16,676.5707,paid,43,2023-01-07 08:00:00,676.5707
106,106,2023-01-08 09:00:00,2023-02-08 09:00:00,358.97,68.2043,5.84,421.33430000000004,paid,44,2023-02-01 09:00:00,421.33430000000004
114,114,2023-01-08 17:00:00,2023-02-16 17:00:00,763.1,144.989,1.82,906.269,paid,45,2023-01-10 17:00:00,906.269
117,117,2023-01-07 20:00:00,2023-02-11 20:00:00,337.14,64.0566,9.98,391.21659999999997,paid,46,2023-01-24 20:00:00,391.21659999999997
119,119,2023-01-07 22:00:00,2023-02-04 22:00:00,775.0,147.25,25.08,897.17,paid,47,2023-01-15 22:00:00,897.17
120,120,2023-01-09 23:00:00,2023-02-12 23:00:00,689.63,131.0297,36.27,784.3897,paid,48,2023-01-11 23:00:00,784.3897
125,125,2023-01-07 04:00:00,2023-02-07 04:00:00,462.36,87.8484,40.92,509.28839999999997,paid,49,2023-01-13 04:00:00,509.28839999999997
127,127,2023-01-07 06:00:00,2023-02-09 06:00:00,798.91,151.7929,40.39,910.3129,paid,50,2023-01-29 06:00:00,910.3129
128,128,2023-01-07 07:00:00,2023-02-14 07:00:00,699.81,132.9639,34.64,798.1338999999999,paid,51,2023-01-12 07:00:00,798.1338999999999
133,133,2023-01-10 12:00:00,2023-02-12 12:00:00,287.79,54.6801,33.29,309.1801,paid,52,2023-01-26 12:00:00,309.1801
134,134,2023-01-07 13:00:00,2023-02-14 13:00:00,951.85,180.85150000000002,26.23,1106.4715,paid,53,2023-01-15 13:00:00,1106.4715
135,135,2023-01-07 14:00:00,2023-02-14 14:00:00,168.04,31.927599999999998,31.97,167.9976,paid,54,2023-01-26 14:00:00,167.9976
143,143,2023-01-07 22:00:00,2023-02-11 22:00:00,421.15,80.0185,24.73,476.4385,paid,55,2023-01-23 22:00:00,476.4385
145,145,2023-01-08 00:00:00,2023-02-07 00:00:00,245.36,46.6184,13.38,278.5984,paid,56,2023-01-21 00:00:00,278.5984
148,148,2023-01-09 03:00:00,2023-02-20 03:00:00,658.63,125.1397,44.81,738.9597000000001,paid,57,2023-02-04 03:00:00,738.9597000000001
149,149,2023-01-09 04:00:00,2023-02-09 04:00:00,381.16,72.4204,34.29,419.29040000000003,paid,58,2023-01-29 04:00:00,419.29040000000003
150,150,2023-01-08 05:00:00,2023-02-14 05:00:00,867.07,164.7433,42.95,988.8633,paid,59,2023-01-15 05:00:00,988.8633
151,151,2023-01-09 06:00:00,2023-02-07 06:00:00,483.75,91.9125,4.44,571.2225,paid,60,2023-01-25 06:00:00,571.2225
153,153,2023-01-08 08:00:00,2023-02-14 08:00:00,201.82,38.3458,16.03,224.1358,paid,61,2023-01-31 08:00:00,224.1358
157,157,2023-01-08 12:00:00,2023-02-06 12:00:00,847.89,161.0991,12.56,996.4291000000001,paid,62,2023-01-24 12:00:00,996.4291000000001
163,163,2023-01-10 18:00:00,2023-02-16 18:00:00,624.32,118.62080000000002,17.34,725.6008,paid,63,2023-02-08 18:00:00,725.6008
167,167,2023-01-11 22:00:00,2023-02-07 22:00:00,142.68,27.1092,16.6,153.1892,paid,64,2023-01-23 22:00:00,153.1892
168,168,2023-01-10 23:00:00,2023-02-11 23:00:00,691.85,131.4515,37.22,786.0815,paid,65,2023-01-24 23:00:00,786.0815
170,170,2023-01-12 01:00:00,2023-02-15 01:00:00,216.51,41.1369,6.52,251.12689999999995,paid,66,2023-02-05 01:00:00,251.12689999999995
173,173,2023-01-09 04:00:00,2023-02-07 04:00:00,590.33,112.16270000000002,12.32,690.1727,paid,67,2023-01-27 04:00:00,690.1727
174,174,2023-01-12 05:00:00,2023-02-19 05:00:00,283.61,53.88590000000001,3.16,334.3359,paid,68,2023-02-08 05:00:00,334.3359
175,175,2023-01-09 06:00:00,2023-02-14 06:00:00,801.61,152.3059,6.59,947.3258999999999,paid,69,2023-02-06 06:00:00,947.3258999999999
184,184,2023-01-10 15:00:00,2023-02-13 15:00:00,701.08,133.20520000000002,15.47,818.8152,paid,70,2023-01-28 15:00:00,818.8152
187,187,2023-01-09 18:00:00,2023-02-12 18:00:00,58.83,11.1777,18.63,51.377700000000004,paid,71,2023-01-25 18:00:00,51.377700000000004
188,188,2023-01-12 19:00:00,2023-02-11 19:00:00,490.9,93.271,17.59,566.5809999999999,paid,72,2023-02-01 19:00:00,566.5809999999999
189,189,2023-01-10 20:00:00,2023-02-11 20:00:00,122.83,23.3377,27.17,118.9977,paid,73,2023-01-26 20:00:00,118.9977
191,191,2023-01-11 22:00:00,2023-02-09 22:00:00,986.93,187.5167,39.51,1134.9367,paid,74,2023-01-24 22:00:00,1134.9367
196,196,2023-01-11 03:00:00,2023-02-18 03:00:00,568.46,108.0074,37.04,639.4274,paid,75,2023-02-06 03:00:00,639.4274
197,197,2023-01-12 04:00:00,2023-02-19 04:00:00,29.58,5.6202,33.09,2.110199999999992,paid,76,2023-02-10 04:00:00,2.110199999999992
205,205,2023-01-13 12:00:00,2023-02-19 12:00:00,150.06,28.511400000000002,22.97,155.6014,paid,77,2023-01-22 12:00:00,155.6014
206,206,2023-01-13 13:00:00,2023-02-09 13:00:00,576.19,109.47610000000002,40.9,644.7661,paid,78,2023-02-08 13:00:00,644.7661
208,208,2023-01-11 15:00:00,2023-02-20 15:00:00,804.57,152.8683,27.25,930.1883,paid,79,2023-02-08 15:00:00,930.1883
221,221,2023-01-13 04:00:00,2023-02-22 04:00:00,805.69,153.08110000000002,38.61,920.1611,paid,80,2023-01-22 04:00:00,920.1611
222,222,2023-01-13 05:00:00,2023-02-18 05:00:00,352.66,67.00540000000001,3.78,415.88540000000006,paid,81,2023-01-26 05:00:00,415.88540000000006
223,223,2023-01-12 06:00:00,2023-02-21 06:00:00,818.53,155.5207,41.38,932.6707,paid,82,2023-02-10 06:00:00,932.6707
224,224,2023-01-12 07:00:00,2023-02-19 07:00:00,98.51,18.716900000000003,21.38,95.8469,paid,83,2023-01-16 07:00:00,95.8469
225,225,2023-01-12 08:00:00,2023-02-18 08:00:00,896.92,170.41479999999999,29.8,1037.5348,paid,84,2023-01-21 08:00:00,1037.5348
226,226,2023-01-11 09:00:00,2023-02-15 09:00:00,556.64,105.7616,4.48,657.9216,paid,85,2023-01-26 09:00:00,657.9216
228,228,2023-01-12 11:00:00,2023-02-23 11:00:00,463.27,88.0213,4.49,546.8013,paid,86,2023-01-26 11:00:00,546.8013
230,230,2023-01-14 13:00:00,2023-02-19 13:00:00,535.87,101.81530000000001,40.36,597.3253,paid,87,2023-02-02 13:00:00,597.3253
232,232,2023-01-11 15:00:00,2023-02-13 15:00:00,100.0,19.0,11.18,107.82,paid,88,2023-01-23 15:00:00,107.82
239,239,2023-01-11 22:00:00,2023-02-23 22:00:00,350.16,66.5304,11.91,404.7804,paid,89,2023-02-01 22:00:00,404.7804
240,240,2023-01-11 23:00:00,2023-02-11 23:00:00,198.48,37.7112,46.92,189.27119999999996,paid,90,2023-02-06 23:00:00,189.27119999999996
244,244,2023-01-12 03:00:00,2023-02-22 03:00:00,564.26,107.2094,43.09,628.3793999999999,paid,91,2023-02-06 03:00:00,628.3793999999999
251,251,2023-01-14 10:00:00,2023-02-17 10:00:00,686.62,130.4578,14.37,802.7078,paid,92,2023-01-20 10:00:00,802.7078
257,257,2023-01-13 16:00:00,2023-02-19 16:00:00,732.63,139.1997,41.84,829.9897,paid,93,2023-01-16 16:00:00,829.9897
275,275,2023-01-13 10:00:00,2023-02-13 10:00:00,226.45,43.0255,21.49,247.9855,paid,94,2023-02-08 10:00:00,247.9855
277,277,2023-01-15 12:00:00,2023-02-25 12:00:00,638.93,121.3967,36.84,723.4866999999999,paid,95,2023-02-09 12:00:00,723.4866999999999
279,279,2023-01-13 14:00:00,2023-02-17 14:00:00,148.94,28.2986,49.46,127.77859999999998,paid,96,2023-02-04 14:00:00,127.77859999999998
280,280,2023-01-14 15:00:00,2023-02-11 15:00:00,721.51,137.08689999999999,2.74,855.8569,paid,97,2023-02-03 15:00:00,855.8569
284,284,2023-01-13 19:00:00,2023-02-14 19:00:00,971.97,184.67430000000002,15.8,1140.8443,paid,98,2023-01-29 19:00:00,1140.8443
291,291,2023-01-17 02:00:00,2023-02-23 02:00:00,524.52,99.6588,41.29,582.8888000000001,paid,99,2023-02-06 02:00:00,582.8888000000001
294,294,2023-01-15 05:00:00,2023-02-16 05:00:00,180.25,34.2475,15.85,198.6475,paid,100,2023-02-08 05:00:00,198.6475
296,296,2023-01-17 07:00:00,2023-02-13 07:00:00,970.02,184.3038,14.28,1140.0438,paid,101,2023-02-09 07:00:00,1140.0438
301,301,2023-01-16 12:00:00,2023-02-26 12:00:00,148.26,28.1694,2.85,173.5794,paid,102,2023-02-02 12:00:00,173.5794
306,306,2023-01-15 17:00:00,2023-02-17 17:00:00,186.36,35.4084,39.98,181.78840000000002,paid,103,2023-01-31 17:00:00,181.78840000000002
307,307,2023-01-16 18:00:00,2023-02-16 18:00:00,529.38,100.5822,36.97,592.9921999999999,paid,104,2023-01-22 18:00:00,592.9921999999999
311,311,2023-01-14 22:00:00,2023-02-12 22:00:00,263.74,50.110600000000005,38.7,275.1506,paid,105,2023-01-22 22:00:00,275.1506
312,312,2023-01-16 23:00:00,2023-02-14 23:00:00,624.8,118.71199999999999,2.6,740.9119999999999,paid,106,2023-02-04 23:00:00,740.9119999999999
314,314,2023-01-18 01:00:00,2023-02-17 01:00:00,183.7,34.903,39.78,178.82299999999998,paid,107,2023-02-12 01:00:00,178.82299999999998
315,315,2023-01-18 02:00:00,2023-02-26 02:00:00,184.27,35.011300000000006,23.86,195.42130000000003,paid,108,2023-02-13 02:00:00,195.42130000000003
321,321,2023-01-15 08:00:00,2023-02-18 08:00:00,809.56,153.8164,24.11,939.2663999999999,paid,109,2023-01-17 08:00:00,939.2663999999999
325,325,2023-01-16 12:00:00,2023-02-20 12:00:00,129.68,24.639200000000002,10.76,143.55920000000003,paid,110,2023-01-30 12:00:00,143.55920000000003
330,330,2023-01-17 17:00:00,2023-02-13 17:00:00,58.56,11.1264,20.25,49.436400000000006,paid,111,2023-02-08 17:00:00,49.436400000000006
331,331,2023-01-16 18:00:00,2023-02-17 18:00:00,139.67,26.5373,46.58,119.62729999999998,paid,112,2023-01-28 18:00:00,119.62729999999998
332,332,2023-01-17 19:00:00,2023-02-15 19:00:00,463.16,88.0004,4.45,546.7103999999999,paid,113,2023-02-03 19:00:00,546.7103999999999
333,333,2023-01-16 20:00:00,2023-02-16 20:00:00,935.2,177.68800000000002,25.58,1087.3080000000002,paid,114,2023-02-13 20:00:00,1087.3080000000002
334,334,2023-01-18 21:00:00,2023-02-27 21:00:00,329.83,62.667699999999996,45.93,346.5677,paid,115,2023-02-14 21:00:00,346.5677
335,335,2023-01-18 22:00:00,2023-02-27 22:00:00,517.09,98.2471,45.21,570.1271,paid,116,2023-02-02 22:00:00,570.1271
338,338,2023-01-17 01:00:00,2023-02-20 01:00:00,986.9,187.511,30.96,1143.451,paid,117,2023-02-04 01:00:00,1143.451
341,341,2023-01-18 04:00:00,2023-02-15 04:00:00,952.78,181.0282,45.74,1088.0682,paid,118,2023-02-03 04:00:00,1088.0682
342,342,2023-01-17 05:00:00,2023-02-19 05:00:00,646.34,122.80460000000001,8.35,760.7946000000001,paid,119,2023-01-30 05:00:00,760.7946000000001
345,345,2023-01-19 08:00:00,2023-02-23 08:00:00,525.28,99.80319999999999,45.47,579.6131999999999,paid,120,2023-02-09 08:00:00,579.6131999999999
348,348,2023-01-16 11:00:00,2023-02-24 11:00:00,156.86,29.803400000000003,22.44,164.22340000000003,paid,121,2023-02-02 11:00:00,164.22340000000003
352,352,2023-01-19 15:00:00,2023-02-24 15:00:00,217.82,41.385799999999996,46.57,212.63580000000002,paid,122,2023-01-27 15:00:00,212.63580000000002
354,354,2023-01-18 17:00:00,2023-02-21 17:00:00,970.51,184.3969,39.06,1115.8469,paid,123,2023-01-19 17:00:00,1115.8469
355,355,2023-01-18 18:00:00,2023-02-14 18:00:00,112.02,21.2838,0.97,132.3338,paid,124,2023-02-16 18:00:00,132.3338
363,363,2023-01-19 02:00:00,2023-03-01 02:00:00,689.58,131.02020000000002,47.89,772.7102000000001,paid,125,2023-02-13 02:00:00,772.7102000000001
365,365,2023-01-17 04:00:00,2023-02-22 04:00:00,625.49,118.8431,26.62,717.7131,paid,126,2023-02-12 04:00:00,717.7131
367,367,2023-01-19 06:00:00,2023-02-22 06:00:00,579.2,110.04800000000002,19.64,669.6080000000001,paid,127,2023-02-15 06:00:00,669.6080000000001
369,369,2023-01-20 08:00:00,2023-02-28 08:00:00,932.33,177.14270000000002,28.9,1080.5727,paid,128,2023-01-23 08:00:00,1080.5727
373,373,2023-01-20 12:00:00,2023-02-27 12:00:00,665.71,126.48490000000001,31.0,761.1949000000001,paid,129,2023-02-05 12:00:00,761.1949000000001
375,375,2023-01-20 14:00:00,2023-03-01 14:00:00,658.21,125.05990000000001,42.8,740.4699,paid,130,2023-02-17 14:00:00,740.4699
383,383,2023-01-19 22:00:00,2023-02-27 22:00:00,786.74,149.4806,16.08,920.1406,paid,131,2023-01-21 22:00:00,920.1406
388,388,2023-01-19 03:00:00,2023-02-22 03:00:00,340.49,64.6931,17.91,387.2731,paid,132,2023-02-03 03:00:00,387.2731
391,391,2023-01-20 06:00:00,2023-02-28 06:00:00,767.04,145.7376,23.03,889.7475999999999,paid,133,2023-01-21 06:00:00,889.7475999999999
395,395,2023-01-18 10:00:00,2023-03-02 10:00:00,137.8,26.182000000000002,24.59,139.39200000000002,paid,134,2023-01-27 10:00:00,139.39200000000002
396,396,2023-01-20 11:00:00,2023-03-01 11:00:00,553.6,105.18400000000001,44.81,613.9739999999999,paid,135,2023-02-05 11:00:00,613.9739999999999
397,397,2023-01-18 12:00:00,2023-02-20 12:00:00,25.64,4.8716,40.34,-9.828400000000002,paid,136,2023-01-22 12:00:00,-9.828400000000002
398,398,2023-01-19 13:00:00,2023-02-16 13:00:00,338.09,64.2371,0.18,402.14709999999997,paid,137,2023-01-31 13:00:00,402.14709999999997
399,399,2023-01-21 14:00:00,2023-02-24 14:00:00,379.13,72.0347,16.0,435.1647,paid,138,2023-01-22 14:00:00,435.1647
401,401,2023-01-19 16:00:00,2023-02-24 16:00:00,701.56,133.29639999999998,11.49,823.3663999999999,paid,139,2023-01-20 16:00:00,823.3663999999999
402,402,2023-01-20 17:00:00,2023-03-02 17:00:00,400.79,76.15010000000001,9.98,466.9601,paid,140,2023-01-27 17:00:00,466.9601
404,404,2023-01-19 19:00:00,2023-02-23 19:00:00,252.79,48.0301,32.17,268.65009999999995,paid,141,2023-02-06 19:00:00,268.65009999999995
412,412,2023-01-21 03:00:00,2023-02-28 03:00:00,392.19,74.5161,48.89,417.8161,paid,142,2023-02-13 03:00:00,417.8161
414,414,2023-01-22 05:00:00,2023-02-23 05:00:00,528.7,100.453,10.77,618.383,paid,143,2023-02-19 05:00:00,618.383
415,415,2023-01-19 06:00:00,2023-03-01 06:00:00,489.6,93.024,14.59,568.034,paid,144,2023-02-11 06:00:00,568.034
422,422,2023-01-21 13:00:00,2023-02-27 13:00:00,615.75,116.9925,2.42,730.3225000000001,paid,145,2023-02-05 13:00:00,730.3225000000001
423,423,2023-01-22 14:00:00,2023-02-26 14:00:00,769.59,146.2221,10.51,905.3021000000001,paid,146,2023-02-17 14:00:00,905.3021000000001
424,424,2023-01-22 15:00:00,2023-03-02 15:00:00,816.73,155.1787,28.29,943.6187,paid,147,2023-02-16 15:00:00,943.6187
428,428,2023-01-21 19:00:00,2023-02-21 19:00:00,211.86,40.253400000000006,32.46,219.6534,paid,148,2023-02-03 19:00:00,219.6534
432,432,2023-01-19 23:00:00,2023-02-26 23:00:00,258.61,49.13590000000001,4.68,303.0659,paid,149,2023-02-04 23:00:00,303.0659
435,435,2023-01-23 02:00:00,2023-02-26 02:00:00,935.75,177.7925,47.38,1066.1625,paid,150,2023-01-30 02:00:00,1066.1625
436,436,2023-01-21 03:00:00,2023-02-23 03:00:00,364.59,69.2721,23.76,410.10209999999995,paid,151,2023-02-06 03:00:00,410.10209999999995
442,442,2023-01-20 09:00:00,2023-02-23 09:00:00,806.97,153.3243,43.36,916.9343,paid,152,2023-02-02 09:00:00,916.9343
444,444,2023-01-22 11:00:00,2023-02-19 11:00:00,325.08,61.7652,2.35,384.49519999999995,paid,153,2023-02-05 11:00:00,384.49519999999995
445,445,2023-01-22 12:00:00,2023-02-27 12:00:00,618.13,117.4447,28.32,707.2547,paid,154,2023-02-08 12:00:00,707.2547
454,454,2023-01-22 21:00:00,2023-02-24 21:00:00,714.87,135.8253,0.35,850.3453,paid,155,2023-02-03 21:00:00,850.3453
455,455,2023-01-22 22:00:00,2023-02-25 22:00:00,124.74,23.700599999999998,40.97,107.47059999999999,paid,156,2023-02-20 22:00:00,107.47059999999999
457,457,2023-01-21 00:00:00,2023-02-19 00:00:00,271.43,51.5717,27.04,295.9617,paid,157,2023-02-14 00:00:00,295.9617
463,463,2023-01-21 06:00:00,2023-02-22 06:00:00,640.49,121.6931,47.69,714.4930999999999,paid,158,2023-02-14 06:00:00,714.4930999999999
464,464,2023-01-23 07:00:00,2023-03-03 07:00:00,952.38,180.9522,32.11,1101.2222000000002,paid,159,2023-02-12 07:00:00,1101.2222000000002
465,465,2023-01-23 08:00:00,2023-03-04 08:00:00,609.58,115.82020000000001,14.91,710.4902000000001,paid,160,2023-02-05 08:00:00,710.4902000000001
470,470,2023-01-24 13:00:00,2023-02-25 13:00:00,618.76,117.5644,23.54,712.7844,paid,161,2023-02-17 13:00:00,712.7844
478,478,2023-01-22 21:00:00,2023-02-19 21:00:00,826.16,156.97039999999998,41.4,941.7304,paid,162,2023-02-11 21:00:00,941.7304
479,479,2023-01-23 22:00:00,2023-02-26 22:00:00,435.26,82.6994,38.56,479.39939999999996,paid,163,2023-02-07 22:00:00,479.39939999999996
481,481,2023-01-22 00:00:00,2023-03-01 00:00:00,113.62,21.5878,9.71,125.49780000000001,paid,164,2023-02-15 00:00:00,125.49780000000001
482,482,2023-01-22 01:00:00,2023-02-22 01:00:00,631.38,119.9622,26.83,724.5122,paid,165,2023-02-12 01:00:00,724.5122
489,489,2023-01-24 08:00:00,2023-02-22 08:00:00,113.8,21.622,7.87,127.55199999999999,paid,166,2023-01-28 08:00:00,127.55199999999999
492,492,2023-01-23 11:00:00,2023-03-06 11:00:00,614.95,116.8405,12.04,719.7505000000001,paid,167,2023-02-14 11:00:00,719.7505000000001
493,493,2023-01-23 12:00:00,2023-02-28 12:00:00,555.76,105.5944,12.0,649.3543999999999,paid,168,2023-01-25 12:00:00,649.3543999999999
495,495,2023-01-24 14:00:00,2023-03-02 14:00:00,403.09,76.58709999999999,46.43,433.2471,paid,169,2023-02-21 14:00:00,433.2471
496,496,2023-01-24 15:00:00,2023-02-20 15:00:00,602.59,114.49210000000001,28.99,688.0921000000001,paid,170,2023-02-11 15:00:00,688.0921000000001
497,497,2023-01-23 16:00:00,2023-03-06 16:00:00,506.83,96.29769999999999,33.35,569.7777,paid,171,2023-01-25 16:00:00,569.7777
498,498,2023-01-24 17:00:00,2023-03-01 17:00:00,988.03,187.7257,45.58,1130.1757,paid,172,2023-02-18 17:00:00,1130.1757
501,501,2023-01-25 20:00:00,2023-03-02 20:00:00,416.23,79.08370000000001,1.94,493.37370000000004,paid,173,2023-02-09 20:00:00,493.37370000000004
502,502,2023-01-24 21:00:00,2023-02-24 21:00:00,439.64,83.5316,9.34,513.8316,paid,174,2023-02-19 21:00:00,513.8316
505,505,2023-01-25 00:00:00,2023-03-02 00:00:00,991.43,188.3717,17.53,1162.2717,paid,175,2023-02-13 00:00:00,1162.2717
510,510,2023-01-24 05:00:00,2023-03-01 05:00:00,288.68,54.8492,10.41,333.1192,paid,176,2023-02-08 05:00:00,333.1192
511,511,2023-01-26 06:00:00,2023-03-02 06:00:00,97.83,18.5877,12.52,103.8977,paid,177,2023-02-21 06:00:00,103.8977
513,513,2023-01-26 08:00:00,2023-02-27 08:00:00,896.31,170.2989,13.98,1052.6289,paid,178,2023-02-15 08:00:00,1052.6289
514,514,2023-01-23 09:00:00,2023-02-27 09:00:00,208.03,39.5257,9.58,237.9757,paid,179,2023-02-02 09:00:00,237.9757
516,516,2023-01-26 11:00:00,2023-02-27 11:00:00,242.12,46.0028,43.28,244.84279999999998,paid,180,2023-02-23 11:00:00,244.84279999999998
518,518,2023-01-26 13:00:00,2023-03-04 13:00:00,88.04,16.727600000000002,3.93,100.83760000000001,paid,181,2023-02-19 13:00:00,100.83760000000001
519,519,2023-01-23 14:00:00,2023-02-27 14:00:00,528.68,100.44919999999999,17.82,611.3091999999999,paid,182,2023-02-12 14:00:00,611.3091999999999
523,523,2023-01-24 18:00:00,2023-02-25 18:00:00,549.21,104.3499,47.98,605.5799000000001,paid,183,2023-02-04 18:00:00,605.5799000000001
527,527,2023-01-23 22:00:00,2023-03-07 22:00:00,337.85,64.1915,2.0,400.04150000000004,paid,184,2023-02-18 22:00:00,400.04150000000004
538,538,2023-01-24 09:00:00,2023-03-01 09:00:00,191.8,36.442,22.43,205.812,paid,185,2023-02-03 09:00:00,205.812
541,541,2023-01-27 12:00:00,2023-02-27 12:00:00,545.11,103.57090000000001,39.2,609.4809,paid,186,2023-02-25 12:00:00,609.4809
542,542,2023-01-26 13:00:00,2023-02-25 13:00:00,114.74,21.8006,19.74,116.80059999999999,paid,187,2023-02-18 13:00:00,116.80059999999999
547,547,2023-01-25 18:00:00,2023-02-24 18:00:00,799.54,151.9126,36.48,914.9725999999999,paid,188,2023-01-30 18:00:00,914.9725999999999
550,550,2023-01-25 21:00:00,2023-02-24 21:00:00,411.33,78.1527,24.35,465.13269999999994,paid,189,2023-02-03 21:00:00,465.13269999999994
562,562,2023-01-28 09:00:00,2023-02-26 09:00:00,786.39,149.4141,26.01,909.7941,paid,190,2023-02-17 09:00:00,909.7941
564,564,2023-01-27 11:00:00,2023-02-24 11:00:00,55.44,10.5336,38.93,27.043600000000005,paid,191,2023-02-15 11:00:00,27.043600000000005
565,565,2023-01-25 12:00:00,2023-02-24 12:00:00,317.07,60.2433,6.55,370.76329999999996,paid,192,2023-02-07 12:00:00,370.76329999999996
567,567,2023-01-26 14:00:00,2023-02-24 14:00:00,372.93,70.8567,1.71,442.0767,paid,193,2023-02-13 14:00:00,442.0767
568,568,2023-01-27 15:00:00,2023-02-28 15:00:00,105.89,20.1191,24.88,101.12910000000001,paid,194,2023-02-13 15:00:00,101.12910000000001
569,569,2023-01-26 16:00:00,2023-02-24 16:00:00,938.22,178.2618,7.74,1108.7418,paid,195,2023-02-22 16:00:00,1108.7418
575,575,2023-01-26 22:00:00,2023-03-01 22:00:00,525.37,99.8203,25.18,600.0103,paid,196,2023-02-01 22:00:00,600.0103
582,582,2023-01-29 05:00:00,2023-03-10 05:00:00,134.04,25.467599999999997,38.26,121.2476,paid,197,2023-02-08 05:00:00,121.2476
584,584,2023-01-28 07:00:00,2023-03-04 07:00:00,393.01,74.6719,24.21,443.4719,paid,198,2023-01-30 07:00:00,443.4719
586,586,2023-01-26 09:00:00,2023-03-09 09:00:00,870.7,165.43300000000002,0.92,1035.213,paid,199,2023-02-19 09:00:00,1035.213
588,588,2023-01-26 11:00:00,2023-02-28 11:00:00,794.23,150.90370000000001,30.93,914.2037000000001,paid,200,2023-02-01 11:00:00,914.2037000000001
590,590,2023-01-27 13:00:00,2023-02-27 13:00:00,99.3,18.867,4.29,113.877,paid,201,2023-02-24 13:00:00,113.877
592,592,2023-01-27 15:00:00,2023-03-09 15:00:00,190.05,36.109500000000004,46.16,179.9995,paid,202,2023-02-24 15:00:00,179.9995
600,600,2023-01-27 23:00:00,2023-02-26 23:00:00,924.3,175.617,44.49,1055.427,paid,203,2023-02-17 23:00:00,1055.427
601,601,2023-01-29 00:00:00,2023-02-28 00:00:00,497.32,94.4908,0.46,591.3507999999999,paid,204,2023-02-11 00:00:00,591.3507999999999
612,612,2023-01-27 11:00:00,2023-03-03 11:00:00,963.85,183.13150000000002,45.91,1101.0715,paid,205,2023-02-14 11:00:00,1101.0715
613,613,2023-01-30 12:00:00,2023-03-10 12:00:00,558.54,106.12259999999999,20.4,644.2626,paid,206,2023-02-06 12:00:00,644.2626
614,614,2023-01-30 13:00:00,2023-03-03 13:00:00,966.51,183.6369,9.56,1140.5869,paid,207,2023-02-01 13:00:00,1140.5869
615,615,2023-01-30 14:00:00,2023-03-08 14:00:00,443.85,84.3315,25.86,502.3215,paid,208,2023-02-28 14:00:00,502.3215
616,616,2023-01-27 15:00:00,2023-02-27 15:00:00,325.58,61.8602,45.4,342.0402,paid,209,2023-02-10 15:00:00,342.0402
618,618,2023-01-29 17:00:00,2023-02-25 17:00:00,450.72,85.63680000000001,3.29,533.0668000000001,paid,210,2023-02-03 17:00:00,533.0668000000001
621,621,2023-01-30 20:00:00,2023-03-06 20:00:00,231.72,44.0268,45.37,230.3768,paid,211,2023-02-17 20:00:00,230.3768
622,622,2023-01-27 21:00:00,2023-03-07 21:00:00,627.2,119.168,6.12,740.248,paid,212,2023-02-07 21:00:00,740.248
623,623,2023-01-30 22:00:00,2023-02-25 22:00:00,657.2,124.86800000000001,26.7,755.368,paid,213,2023-02-09 22:00:00,755.368
626,626,2023-01-30 01:00:00,2023-03-07 01:00:00,785.15,149.17849999999999,24.1,910.2284999999999,paid,214,2023-02-10 01:00:00,910.2284999999999
631,631,2023-01-31 06:00:00,2023-03-01 06:00:00,701.13,133.2147,14.13,820.2147,paid,215,2023-02-27 06:00:00,820.2147
635,635,2023-01-29 10:00:00,2023-03-06 10:00:00,138.96,26.4024,24.32,141.04240000000001,paid,216,2023-01-31 10:00:00,141.04240000000001
643,643,2023-01-28 18:00:00,2023-03-05 18:00:00,622.92,118.3548,38.73,702.5447999999999,paid,217,2023-02-12 18:00:00,702.5447999999999
644,644,2023-01-28 19:00:00,2023-03-07 19:00:00,320.13,60.8247,13.24,367.7147,paid,218,2023-02-04 19:00:00,367.7147
647,647,2023-01-30 22:00:00,2023-03-10 22:00:00,437.56,83.1364,37.69,483.00640000000004,paid,219,2023-02-08 22:00:00,483.00640000000004
652,652,2023-01-30 03:00:00,2023-02-27 03:00:00,380.4,72.276,5.2,447.476,paid,220,2023-02-04 03:00:00,447.476
656,656,2023-01-30 07:00:00,2023-03-12 07:00:00,773.92,147.04479999999998,41.14,879.8248,paid,221,2023-02-06 07:00:00,879.8248
658,658,2023-01-30 09:00:00,2023-03-01 09:00:00,427.83,81.2877,23.09,486.02770000000004,paid,222,2023-02-19 09:00:00,486.02770000000004
660,660,2023-02-01 11:00:00,2023-03-12 11:00:00,38.81,7.373900000000001,29.05,17.1339,paid,223,2023-02-03 11:00:00,17.1339
662,662,2023-01-31 13:00:00,2023-03-04 13:00:00,765.08,145.36520000000002,20.55,889.8952000000002,paid,224,2023-02-03 13:00:00,889.8952000000002
667,667,2023-02-01 18:00:00,2023-03-13 18:00:00,256.38,48.7122,42.99,262.1022,paid,225,2023-02-03 18:00:00,262.1022
668,668,2023-01-30 19:00:00,2023-03-02 19:00:00,976.36,185.5084,22.91,1138.9584,paid,226,2023-02-20 19:00:00,1138.9584
672,672,2023-02-01 23:00:00,2023-03-04 23:00:00,127.54,24.2326,44.34,107.43260000000001,paid,227,2023-02-23 23:00:00,107.43260000000001
680,680,2023-01-31 07:00:00,2023-03-04 07:00:00,742.61,141.0959,25.07,858.6359,paid,228,2023-02-23 07:00:00,858.6359
683,683,2023-02-01 10:00:00,2023-03-01 10:00:00,406.59,77.2521,39.0,444.84209999999996,paid,229,2023-02-20 10:00:00,444.84209999999996
684,684,2023-02-01 11:00:00,2023-03-11 11:00:00,470.26,89.3494,38.56,521.0494000000001,paid,230,2023-02-05 11:00:00,521.0494000000001
685,685,2023-02-02 12:00:00,2023-03-04 12:00:00,789.32,149.97080000000003,11.41,927.8808000000001,paid,231,2023-02-26 12:00:00,927.8808000000001
686,686,2023-01-31 13:00:00,2023-03-05 13:00:00,894.24,169.9056,46.11,1018.0356,paid,232,2023-02-20 13:00:00,1018.0356
687,687,2023-02-01 14:00:00,2023-03-04 14:00:00,956.23,181.68370000000002,29.63,1108.2837,paid,233,2023-02-08 14:00:00,1108.2837
688,688,2023-02-02 15:00:00,2023-03-14 15:00:00,791.17,150.32229999999998,19.0,922.4922999999999,paid,234,2023-03-02 15:00:00,922.4922999999999
689,689,2023-02-01 16:00:00,2023-03-12 16:00:00,329.1,62.529,25.1,366.529,paid,235,2023-02-23 16:00:00,366.529
695,695,2023-01-31 22:00:00,2023-03-13 22:00:00,903.73,171.7087,40.64,1034.7986999999998,paid,236,2023-02-07 22:00:00,1034.7986999999998
696,696,2023-02-02 23:00:00,2023-03-01 23:00:00,472.25,89.7275,27.09,534.8874999999999,paid,237,2023-02-19 23:00:00,534.8874999999999
698,698,2023-02-01 01:00:00,2023-03-13 01:00:00,666.17,126.5723,38.31,754.4322999999999,paid,238,2023-02-20 01:00:00,754.4322999999999
701,701,2023-02-03 04:00:00,2023-03-09 04:00:00,621.65,118.1135,18.45,721.3135,paid,239,2023-02-25 04:00:00,721.3135
702,702,2023-02-03 05:00:00,2023-03-13 05:00:00,85.32,16.2108,6.78,94.7508,paid,240,2023-02-19 05:00:00,94.7508
703,703,2023-02-02 06:00:00,2023-03-14 06:00:00,528.04,100.32759999999999,25.92,602.4476,paid,241,2023-02-05 06:00:00,602.4476
705,705,2023-02-02 08:00:00,2023-03-10 08:00:00,742.69,141.11110000000002,46.7,837.1011000000001,paid,242,2023-02-17 08:00:00,837.1011000000001
707,707,2023-02-02 10:00:00,2023-03-14 10:00:00,686.62,130.4578,12.64,804.4378,paid,243,2023-02-16 10:00:00,804.4378
709,709,2023-02-02 12:00:00,2023-03-14 12:00:00,103.1,19.589,19.16,103.529,paid,244,2023-02-17 12:00:00,103.529
710,710,2023-02-03 13:00:00,2023-03-04 13:00:00,722.0,137.18,39.73,819.45,paid,245,2023-02-17 13:00:00,819.45
718,718,2023-02-01 21:00:00,2023-03-07 21:00:00,362.71,68.9149,35.74,395.88489999999996,paid,246,2023-02-08 21:00:00,395.88489999999996
719,719,2023-01-31 22:00:00,2023-03-09 22:00:00,779.16,148.0404,46.89,880.3104,paid,247,2023-02-25 22:00:00,880.3104
721,721,2023-02-01 00:00:00,2023-03-14 00:00:00,201.49,38.283100000000005,47.3,192.4731,paid,248,2023-02-04 00:00:00,192.4731
722,722,2023-02-02 01:00:00,2023-03-07 01:00:00,190.63,36.219699999999996,12.24,214.60969999999998,paid,249,2023-02-19 01:00:00,214.60969999999998
724,724,2023-02-01 03:00:00,2023-03-13 03:00:00,667.1,126.74900000000001,15.11,778.739,paid,250,2023-02-11 03:00:00,778.739
727,727,2023-02-04 06:00:00,2023-03-16 06:00:00,40.53,7.7007,42.97,5.2607,paid,251,2023-02-19 06:00:00,5.2607
728,728,2023-02-02 07:00:00,2023-03-03 07:00:00,100.53,19.1007,5.5,114.1307,paid,252,2023-03-03 07:00:00,114.1307
729,729,2023-02-03 08:00:00,2023-03-03 08:00:00,968.5,184.01500000000001,47.37,1105.1450000000002,paid,253,2023-02-09 08:00:00,1105.1450000000002
730,730,2023-02-02 09:00:00,2023-03-14 09:00:00,309.54,58.8126,21.17,347.18260000000004,paid,254,2023-03-02 09:00:00,347.18260000000004
731,731,2023-02-01 10:00:00,2023-03-15 10:00:00,773.84,147.02960000000002,0.47,920.3996,paid,255,2023-02-18 10:00:00,920.3996
733,733,2023-02-02 12:00:00,2023-03-11 12:00:00,394.3,74.917,2.3,466.917,paid,256,2023-02-19 12:00:00,466.917
736,736,2023-02-03 15:00:00,2023-03-11 15:00:00,622.71,118.31490000000001,23.67,717.3549,paid,257,2023-02-17 15:00:00,717.3549
737,737,2023-02-02 16:00:00,2023-03-09 16:00:00,779.14,148.0366,30.66,896.5166,paid,258,2023-02-26 16:00:00,896.5166
738,738,2023-02-04 17:00:00,2023-03-12 17:00:00,651.03,123.6957,43.44,731.2856999999999,paid,259,2023-03-01 17:00:00,731.2856999999999
742,742,2023-02-03 21:00:00,2023-03-06 21:00:00,802.74,152.5206,45.28,909.9806000000001,paid,260,2023-02-21 21:00:00,909.9806000000001
743,743,2023-02-03 22:00:00,2023-03-15 22:00:00,306.97,58.32430000000001,5.99,359.3043,paid,261,2023-02-28 22:00:00,359.3043
744,744,2023-02-01 23:00:00,2023-03-08 23:00:00,980.37,186.2703,26.6,1140.0403000000001,paid,262,2023-02-06 23:00:00,1140.0403000000001
745,745,2023-02-05 00:00:00,2023-03-17 00:00:00,609.84,115.8696,14.23,711.4796,paid,263,2023-03-06 00:00:00,711.4796
747,747,2023-02-04 02:00:00,2023-03-08 02:00:00,753.11,143.0909,33.43,862.7709000000001,paid,264,2023-02-12 02:00:00,862.7709000000001
749,749,2023-02-02 04:00:00,2023-03-05 04:00:00,663.35,126.0365,8.15,781.2365000000001,paid,265,2023-02-09 04:00:00,781.2365000000001
752,752,2023-02-02 07:00:00,2023-03-12 07:00:00,929.52,176.6088,45.72,1060.4088,paid,266,2023-02-25 07:00:00,1060.4088
753,753,2023-02-02 08:00:00,2023-03-11 08:00:00,240.12,45.6228,13.26,272.4828,paid,267,2023-02-06 08:00:00,272.4828
755,755,2023-02-02 10:00:00,2023-03-10 10:00:00,443.44,84.2536,16.03,511.6636000000001,paid,268,2023-02-20 10:00:00,511.6636000000001
756,756,2023-02-02 11:00:00,2023-03-07 11:00:00,450.62,85.6178,27.62,508.6178,paid,269,2023-02-07 11:00:00,508.6178
757,757,2023-02-04 12:00:00,2023-03-08 12:00:00,620.68,117.9292,2.53,736.0792,paid,270,2023-02-20 12:00:00,736.0792
763,763,2023-02-05 18:00:00,2023-03-14 18:00:00,652.89,124.0491,33.5,743.4390999999999,paid,271,2023-02-19 18:00:00,743.4390999999999
776,776,2023-02-03 07:00:00,2023-03-17 07:00:00,193.88,36.8372,43.75,186.9672,paid,272,2023-03-02 07:00:00,186.9672
781,781,2023-02-06 12:00:00,2023-03-17 12:00:00,181.52,34.488800000000005,28.52,187.4888,paid,273,2023-03-05 12:00:00,187.4888
788,788,2023-02-03 19:00:00,2023-03-11 19:00:00,738.15,140.2485,14.18,864.2185000000001,paid,274,2023-02-22 19:00:00,864.2185000000001
789,789,2023-02-06 20:00:00,2023-03-05 20:00:00,551.39,104.7641,47.42,608.7341,paid,275,2023-02-20 20:00:00,608.7341
791,791,2023-02-04 22:00:00,2023-03-18 22:00:00,518.19,98.4561,36.12,580.5261,paid,276,2023-02-13 22:00:00,580.5261
794,794,2023-02-07 01:00:00,2023-03-08 01:00:00,695.11,132.0709,24.64,802.5409000000001,paid,277,2023-02-13 01:00:00,802.5409000000001
796,796,2023-02-05 03:00:00,2023-03-13 03:00:00,643.57,122.27830000000002,48.91,716.9383000000001,paid,278,2023-02-22 03:00:00,716.9383000000001
798,798,2023-02-05 05:00:00,2023-03-09 05:00:00,176.87,33.6053,24.37,186.1053,paid,279,2023-02-24 05:00:00,186.1053
800,800,2023-02-04 07:00:00,2023-03-19 07:00:00,29.14,5.5366,31.97,2.7066000000000017,paid,280,2023-02-16 07:00:00,2.7066000000000017
804,804,2023-02-05 11:00:00,2023-03-15 11:00:00,117.19,22.2661,44.39,95.06609999999999,paid,281,2023-02-09 11:00:00,95.06609999999999
808,808,2023-02-04 15:00:00,2023-03-18 15:00:00,563.98,107.1562,14.88,656.2562,paid,282,2023-02-20 15:00:00,656.2562
820,820,2023-02-07 03:00:00,2023-03-06 03:00:00,958.91,182.1929,47.45,1093.6528999999998,paid,283,2023-03-04 03:00:00,1093.6528999999998
821,821,2023-02-06 04:00:00,2023-03-20 04:00:00,380.58,72.3102,12.3,440.5902,paid,284,2023-02-17 04:00:00,440.5902
831,831,2023-02-05 14:00:00,2023-03-10 14:00:00,601.18,114.2242,10.76,704.6442,paid,285,2023-02-27 14:00:00,704.6442
837,837,2023-02-05 20:00:00,2023-03-18 20:00:00,368.38,69.9922,2.49,435.8822,paid,286,2023-02-09 20:00:00,435.8822
840,840,2023-02-06 23:00:00,2023-03-16 23:00:00,596.44,113.32360000000001,26.68,683.0836000000002,paid,287,2023-02-23 23:00:00,683.0836000000002
843,843,2023-02-08 02:00:00,2023-03-17 02:00:00,83.56,15.8764,34.69,64.74640000000001,paid,288,2023-02-16 02:00:00,64.74640000000001
845,845,2023-02-08 04:00:00,2023-03-08 04:00:00,570.25,108.3475,25.63,652.9675,paid,289,2023-02-22 04:00:00,652.9675
846,846,2023-02-09 05:00:00,2023-03-11 05:00:00,569.45,108.19550000000001,13.39,664.2555000000001,paid,290,2023-03-08 05:00:00,664.2555000000001
855,855,2023-02-07 14:00:00,2023-03-12 14:00:00,347.55,66.03450000000001,8.42,405.16450000000003,paid,291,2023-02-09 14:00:00,405.16450000000003
856,856,2023-02-06 15:00:00,2023-03-08 15:00:00,789.2,149.948,38.02,901.128,paid,292,2023-02-17 15:00:00,901.128
857,857,2023-02-06 16:00:00,2023-03-07 16:00:00,713.53,135.5707,49.25,799.8507,paid,293,2023-02-17 16:00:00,799.8507
860,860,2023-02-08 19:00:00,2023-03-08 19:00:00,451.4,85.76599999999999,43.77,493.39599999999996,paid,294,2023-03-04 19:00:00,493.39599999999996
863,863,2023-02-09 22:00:00,2023-03-14 22:00:00,445.34,84.6146,27.03,502.92460000000005,paid,295,2023-03-03 22:00:00,502.92460000000005
866,866,2023-02-09 01:00:00,2023-03-16 01:00:00,606.26,115.1894,18.66,702.7894,paid,296,2023-03-05 01:00:00,702.7894
867,867,2023-02-09 02:00:00,2023-03-15 02:00:00,740.95,140.78050000000002,24.66,857.0705000000002,paid,297,2023-02-15 02:00:00,857.0705000000002
868,868,2023-02-07 03:00:00,2023-03-19 03:00:00,998.38,189.6922,28.96,1159.1122,paid,298,2023-02-28 03:00:00,1159.1122
869,869,2023-02-07 04:00:00,2023-03-17 04:00:00,934.45,177.5455,9.45,1102.5455,paid,299,2023-02-28 04:00:00,1102.5455
871,871,2023-02-08 06:00:00,2023-03-14 06:00:00,432.82,82.2358,33.71,481.3458,paid,300,2023-02-22 06:00:00,481.3458
873,873,2023-02-10 08:00:00,2023-03-20 08:00:00,789.94,150.0886,4.97,935.0586000000001,paid,301,2023-02-20 08:00:00,935.0586000000001
875,875,2023-02-09 10:00:00,2023-03-13 10:00:00,421.71,80.1249,6.05,495.78489999999994,paid,302,2023-03-07 10:00:00,495.78489999999994
879,879,2023-02-08 14:00:00,2023-03-13 14:00:00,596.01,113.2419,29.44,679.8118999999999,paid,303,2023-03-07 14:00:00,679.8118999999999
880,880,2023-02-08 15:00:00,2023-03-17 15:00:00,200.79,38.1501,4.46,234.4801,paid,304,2023-02-16 15:00:00,234.4801
881,881,2023-02-10 16:00:00,2023-03-14 16:00:00,374.99,71.24810000000001,21.55,424.6881,paid,305,2023-02-17 16:00:00,424.6881
894,894,2023-02-11 05:00:00,2023-03-17 05:00:00,202.38,38.4522,26.83,214.00220000000002,paid,306,2023-02-19 05:00:00,214.00220000000002
895,895,2023-02-11 06:00:00,2023-03-18 06:00:00,806.59,153.2521,13.91,945.9321000000001,paid,307,2023-03-11 06:00:00,945.9321000000001
896,896,2023-02-11 07:00:00,2023-03-13 07:00:00,469.02,89.1138,3.08,555.0537999999999,paid,308,2023-02-19 07:00:00,555.0537999999999
898,898,2023-02-11 09:00:00,2023-03-19 09:00:00,150.81,28.6539,44.75,134.7139,paid,309,2023-03-06 09:00:00,134.7139
899,899,2023-02-10 10:00:00,2023-03-17 10:00:00,98.99,18.8081,34.3,83.4981,paid,310,2023-02-12 10:00:00,83.4981
900,900,2023-02-09 11:00:00,2023-03-23 11:00:00,733.38,139.3422,12.5,860.2221999999999,paid,311,2023-03-08 11:00:00,860.2221999999999
903,903,2023-02-08 14:00:00,2023-03-17 14:00:00,734.92,139.63479999999998,28.62,845.9347999999999,paid,312,2023-02-24 14:00:00,845.9347999999999
907,907,2023-02-09 18:00:00,2023-03-18 18:00:00,152.65,29.003500000000003,33.48,148.17350000000002,paid,313,2023-02-18 18:00:00,148.17350000000002
915,915,2023-02-11 02:00:00,2023-03-20 02:00:00,262.04,49.787600000000005,24.26,287.5676,paid,314,2023-02-24 02:00:00,287.5676
918,918,2023-02-12 05:00:00,2023-03-10 05:00:00,286.51,54.4369,9.09,331.8569,paid,315,2023-03-07 05:00:00,331.8569
920,920,2023-02-12 07:00:00,2023-03-12 07:00:00,460.75,87.5425,35.71,512.5825,paid,316,2023-02-24 07:00:00,512.5825
921,921,2023-02-11 08:00:00,2023-03-11 08:00:00,781.18,148.42419999999998,9.81,919.7942,paid,317,2023-03-10 08:00:00,919.7942
923,923,2023-02-09 10:00:00,2023-03-18 10:00:00,497.82,94.5858,19.52,572.8858,paid,318,2023-03-03 10:00:00,572.8858
929,929,2023-02-11 16:00:00,2023-03-18 16:00:00,422.87,80.34530000000001,33.19,470.0253,paid,319,2023-03-08 16:00:00,470.0253
930,930,2023-02-09 17:00:00,2023-03-23 17:00:00,360.4,68.476,33.29,395.58599999999996,paid,320,2023-03-10 17:00:00,395.58599999999996
931,931,2023-02-10 18:00:00,2023-03-13 18:00:00,901.84,171.3496,14.31,1058.8796000000002,paid,321,2023-02-27 18:00:00,1058.8796000000002
936,936,2023-02-10 23:00:00,2023-03-24 23:00:00,938.09,178.2371,44.84,1071.4871,paid,322,2023-03-09 23:00:00,1071.4871
941,941,2023-02-10 04:00:00,2023-03-19 04:00:00,981.67,186.5173,31.96,1136.2273,paid,323,2023-02-12 04:00:00,1136.2273
947,947,2023-02-11 10:00:00,2023-03-16 10:00:00,972.57,184.78830000000002,27.87,1129.4883000000002,paid,324,2023-02-24 10:00:00,1129.4883000000002
950,950,2023-02-13 13:00:00,2023-03-17 13:00:00,131.81,25.0439,5.81,151.0439,paid,325,2023-02-14 13:00:00,151.0439
955,955,2023-02-13 18:00:00,2023-03-16 18:00:00,570.0,108.3,43.57,634.7299999999999,paid,326,2023-03-11 18:00:00,634.7299999999999
956,956,2023-02-11 19:00:00,2023-03-25 19:00:00,532.92,101.25479999999999,49.95,584.2248,paid,327,2023-03-11 19:00:00,584.2248
957,957,2023-02-13 20:00:00,2023-03-22 20:00:00,132.47,25.1693,30.39,127.24929999999999,paid,328,2023-03-04 20:00:00,127.24929999999999
961,961,2023-02-11 00:00:00,2023-03-22 00:00:00,713.68,135.5992,23.97,825.3091999999999,paid,329,2023-02-22 00:00:00,825.3091999999999
965,965,2023-02-14 04:00:00,2023-03-13 04:00:00,495.0,94.05,18.67,570.38,paid,330,2023-02-19 04:00:00,570.38
966,966,2023-02-12 05:00:00,2023-03-19 05:00:00,182.46,34.6674,19.18,197.94740000000002,paid,331,2023-02-13 05:00:00,197.94740000000002
968,968,2023-02-11 07:00:00,2023-03-13 07:00:00,852.98,162.0662,32.54,982.5062,paid,332,2023-03-03 07:00:00,982.5062
971,971,2023-02-14 10:00:00,2023-03-14 10:00:00,423.53,80.4707,40.9,463.10069999999996,paid,333,2023-02-27 10:00:00,463.10069999999996
972,972,2023-02-14 11:00:00,2023-03-19 11:00:00,657.95,125.01050000000001,1.92,781.0405000000001,paid,334,2023-02-22 11:00:00,781.0405000000001
973,973,2023-02-11 12:00:00,2023-03-21 12:00:00,554.52,105.3588,43.54,616.3388,paid,335,2023-02-17 12:00:00,616.3388
974,974,2023-02-11 13:00:00,2023-03-24 13:00:00,81.03,15.3957,25.64,70.7857,paid,336,2023-03-12 13:00:00,70.7857
976,976,2023-02-11 15:00:00,2023-03-21 15:00:00,810.28,153.9532,24.86,939.3732,paid,337,2023-02-28 15:00:00,939.3732
982,982,2023-02-14 21:00:00,2023-03-17 21:00:00,181.41,34.4679,6.91,208.96790000000001,paid,338,2023-02-26 21:00:00,208.96790000000001
984,984,2023-02-13 23:00:00,2023-03-13 23:00:00,761.62,144.7078,24.82,881.5078,paid,339,2023-02-14 23:00:00,881.5078
986,986,2023-02-15 01:00:00,2023-03-18 01:00:00,220.78,41.9482,33.93,228.7982,paid,340,2023-02-18 01:00:00,228.7982
989,989,2023-02-14 04:00:00,2023-03-21 04:00:00,873.17,165.9023,29.96,1009.1123,paid,341,2023-02-28 04:00:00,1009.1123
990,990,2023-02-15 05:00:00,2023-03-13 05:00:00,254.02,48.2638,40.37,261.91380000000004,paid,342,2023-03-13 05:00:00,261.91380000000004
991,991,2023-02-12 06:00:00,2023-03-17 06:00:00,462.21,87.8199,5.47,544.5599,paid,343,2023-02-20 06:00:00,544.5599
994,994,2023-02-14 09:00:00,2023-03-23 09:00:00,46.62,8.8578,28.47,27.007799999999996,paid,344,2023-02-25 09:00:00,27.007799999999996
997,997,2023-02-12 12:00:00,2023-03-24 12:00:00,911.04,173.0976,3.63,1080.5076,paid,345,2023-03-11 12:00:00,1080.5076
998,998,2023-02-14 13:00:00,2023-03-16 13:00:00,547.93,104.10669999999999,42.52,609.5166999999999,paid,346,2023-02-28 13:00:00,609.5166999999999
1000,1000,2023-02-13 15:00:00,2023-03-25 15:00:00,123.36,23.4384,33.44,113.35840000000002,paid,347,2023-02-21 15:00:00,113.35840000000002
1004,1004,2023-02-13 19:00:00,2023-03-20 19:00:00,780.1,148.219,6.49,921.829,paid,348,2023-03-14 19:00:00,921.829
1006,1006,2023-02-13 21:00:00,2023-03-16 21:00:00,219.69,41.7411,47.32,214.11110000000002,paid,349,2023-02-16 21:00:00,214.11110000000002
1007,1007,2023-02-15 22:00:00,2023-03-15 22:00:00,532.86,101.24340000000001,20.75,613.3534,paid,350,2023-02-22 22:00:00,613.3534
1009,1009,2023-02-14 00:00:00,2023-03-20 00:00:00,797.0,151.43,30.33,918.1,paid,351,2023-03-14 00:00:00,918.1
1012,1012,2023-02-15 03:00:00,2023-03-21 03:00:00,801.96,152.3724,49.77,904.5624,paid,352,2023-03-06 03:00:00,904.5624
1014,1014,2023-02-13 05:00:00,2023-03-19 05:00:00,916.79,174.1901,5.64,1085.3401,paid,353,2023-02-17 05:00:00,1085.3401
1017,1017,2023-02-13 08:00:00,2023-03-18 08:00:00,701.98,133.3762,14.26,821.0962000000001,paid,354,2023-03-10 08:00:00,821.0962000000001
1018,1018,2023-02-16 09:00:00,2023-03-22 09:00:00,797.4,151.506,11.96,936.9459999999999,paid,355,2023-03-04 09:00:00,936.9459999999999
1019,1019,2023-02-13 10:00:00,2023-03-18 10:00:00,330.43,62.7817,39.35,353.8617,paid,356,2023-02-26 10:00:00,353.8617
1020,1020,2023-02-16 11:00:00,2023-03-24 11:00:00,860.04,163.4076,2.82,1020.6275999999999,paid,357,2023-03-08 11:00:00,1020.6275999999999
1021,1021,2023-02-13 12:00:00,2023-03-18 12:00:00,908.02,172.5238,18.47,1062.0738,paid,358,2023-03-04 12:00:00,1062.0738
1022,1022,2023-02-16 13:00:00,2023-03-16 13:00:00,291.37,55.3603,25.29,321.4403,paid,359,2023-02-21 13:00:00,321.4403
1026,1026,2023-02-13 17:00:00,2023-03-21 17:00:00,200.54,38.1026,30.63,208.0126,paid,360,2023-03-08 17:00:00,208.0126
1033,1033,2023-02-14 00:00:00,2023-03-17 00:00:00,884.77,168.1063,11.23,1041.6462999999999,paid,361,2023-02-19 00:00:00,1041.6462999999999
1041,1041,2023-02-14 08:00:00,2023-03-22 08:00:00,182.64,34.7016,9.59,207.75159999999997,paid,362,2023-03-06 08:00:00,207.75159999999997
1042,1042,2023-02-15 09:00:00,2023-03-23 09:00:00,884.29,168.0151,3.06,1049.2451,paid,363,2023-03-11 09:00:00,1049.2451
1051,1051,2023-02-15 18:00:00,2023-03-18 18:00:00,736.87,140.0053,47.28,829.5953000000001,paid,364,2023-02-19 18:00:00,829.5953000000001
1053,1053,2023-02-14 20:00:00,2023-03-19 20:00:00,861.01,163.5919,33.1,991.5019000000001,paid,365,2023-02-16 20:00:00,991.5019000000001
1054,1054,2023-02-16 21:00:00,2023-03-27 21:00:00,822.68,156.3092,23.24,955.7492,paid,366,2023-03-14 21:00:00,955.7492
1055,1055,2023-02-17 22:00:00,2023-03-18 22:00:00,549.98,104.4962,31.53,622.9462000000001,paid,367,2023-03-02 22:00:00,622.9462000000001
1064,1064,2023-02-16 07:00:00,2023-03-25 07:00:00,348.5,66.215,36.03,378.68500000000006,paid,368,2023-03-04 07:00:00,378.68500000000006
1068,1068,2023-02-15 11:00:00,2023-03-18 11:00:00,118.62,22.5378,2.76,138.39780000000002,paid,369,2023-03-09 11:00:00,138.39780000000002
1069,1069,2023-02-16 12:00:00,2023-03-16 12:00:00,255.08,48.4652,41.03,262.51520000000005,paid,370,2023-02-18 12:00:00,262.51520000000005
1077,1077,2023-02-15 20:00:00,2023-03-24 20:00:00,844.62,160.4778,29.04,976.0578,paid,371,2023-03-06 20:00:00,976.0578
1078,1078,2023-02-16 21:00:00,2023-03-18 21:00:00,481.86,91.55340000000001,35.72,537.6934,paid,372,2023-03-05 21:00:00,537.6934
1089,1089,2023-02-16 08:00:00,2023-03-22 08:00:00,840.3,159.65699999999998,26.09,973.8669999999998,paid,373,2023-02-21 08:00:00,973.8669999999998
1091,1091,2023-02-19 10:00:00,2023-03-28 10:00:00,650.02,123.5038,9.6,763.9237999999999,paid,374,2023-03-16 10:00:00,763.9237999999999
1096,1096,2023-02-16 15:00:00,2023-03-24 15:00:00,52.53,9.9807,49.51,13.000700000000002,paid,375,2023-03-06 15:00:00,13.000700000000002
1100,1100,2023-02-19 19:00:00,2023-03-24 19:00:00,873.78,166.0182,14.05,1025.7482,paid,376,2023-03-19 19:00:00,1025.7482
1102,1102,2023-02-17 21:00:00,2023-03-18 21:00:00,792.68,150.6092,8.83,934.4591999999999,paid,377,2023-03-12 21:00:00,934.4591999999999
1103,1103,2023-02-16 22:00:00,2023-03-20 22:00:00,671.69,127.62110000000001,29.01,770.3011000000001,paid,378,2023-03-09 22:00:00,770.3011000000001
1105,1105,2023-02-19 00:00:00,2023-03-19 00:00:00,909.05,172.71949999999998,16.01,1065.7595,paid,379,2023-03-09 00:00:00,1065.7595
1110,1110,2023-02-20 05:00:00,2023-03-27 05:00:00,471.15,89.5185,10.56,550.1085,paid,380,2023-02-28 05:00:00,550.1085
1118,1118,2023-02-19 13:00:00,2023-03-26 13:00:00,745.11,141.5709,37.22,849.4609,paid,381,2023-03-18 13:00:00,849.4609
1121,1121,2023-02-18 16:00:00,2023-03-24 16:00:00,861.17,163.6223,43.05,981.7423000000001,paid,382,2023-03-05 16:00:00,981.7423000000001
1127,1127,2023-02-18 22:00:00,2023-04-01 22:00:00,963.55,183.0745,44.48,1102.1444999999999,paid,383,2023-03-03 22:00:00,1102.1444999999999
1130,1130,2023-02-19 01:00:00,2023-04-02 01:00:00,832.81,158.2339,37.53,953.5138999999999,paid,384,2023-03-04 01:00:00,953.5138999999999
1131,1131,2023-02-19 02:00:00,2023-03-23 02:00:00,295.89,56.2191,24.43,327.6791,paid,385,2023-03-07 02:00:00,327.6791
1136,1136,2023-02-19 07:00:00,2023-03-20 07:00:00,114.6,21.774,2.19,134.184,paid,386,2023-03-13 07:00:00,134.184
1141,1141,2023-02-19 12:00:00,2023-03-28 12:00:00,606.39,115.2141,22.5,699.1041,paid,387,2023-03-11 12:00:00,699.1041
1142,1142,2023-02-18 13:00:00,2023-03-23 13:00:00,311.29,59.145100000000006,16.63,353.80510000000004,paid,388,2023-03-03 13:00:00,353.80510000000004
1143,1143,2023-02-20 14:00:00,2023-03-30 14:00:00,313.92,59.644800000000004,21.91,351.65479999999997,paid,389,2023-03-12 14:00:00,351.65479999999997
1146,1146,2023-02-21 17:00:00,2023-03-28 17:00:00,904.84,171.9196,34.46,1042.2996,paid,390,2023-02-23 17:00:00,1042.2996
1148,1148,2023-02-20 19:00:00,2023-03-31 19:00:00,674.45,128.1455,10.01,792.5855,paid,391,2023-02-23 19:00:00,792.5855
1150,1150,2023-02-21 21:00:00,2023-03-23 21:00:00,894.46,169.94740000000002,29.59,1034.8174000000001,paid,392,2023-03-08 21:00:00,1034.8174000000001
1152,1152,2023-02-18 23:00:00,2023-04-02 23:00:00,97.39,18.5041,7.37,108.5241,paid,393,2023-03-13 23:00:00,108.5241
1153,1153,2023-02-21 00:00:00,2023-03-20 00:00:00,254.72,48.3968,3.66,299.4568,paid,394,2023-03-12 00:00:00,299.4568
1158,1158,2023-02-19 05:00:00,2023-03-26 05:00:00,858.58,163.1302,33.47,988.2402,paid,395,2023-03-04 05:00:00,988.2402
1159,1159,2023-02-21 06:00:00,2023-03-28 06:00:00,531.02,100.8938,23.85,608.0638,paid,396,2023-02-26 06:00:00,608.0638
1163,1163,2023-02-20 10:00:00,2023-04-02 10:00:00,132.63,25.1997,38.89,118.9397,paid,397,2023-03-18 10:00:00,118.9397
1164,1164,2023-02-19 11:00:00,2023-04-01 11:00:00,111.98,21.2762,25.02,108.23620000000001,paid,398,2023-03-13 11:00:00,108.23620000000001
1167,1167,2023-02-19 14:00:00,2023-03-22 14:00:00,832.7,158.21300000000002,32.14,958.773,paid,399,2023-02-25 14:00:00,958.773
1168,1168,2023-02-19 15:00:00,2023-03-24 15:00:00,881.4,167.466,34.64,1014.226,paid,400,2023-03-05 15:00:00,1014.226
1169,1169,2023-02-21 16:00:00,2023-03-26 16:00:00,580.34,110.2646,43.55,647.0546,paid,401,2023-02-25 16:00:00,647.0546
1173,1173,2023-02-19 20:00:00,2023-03-26 20:00:00,445.9,84.721,44.14,486.481,paid,402,2023-03-13 20:00:00,486.481
1174,1174,2023-02-20 21:00:00,2023-04-02 21:00:00,778.4,147.896,26.39,899.906,paid,403,2023-03-11 21:00:00,899.906
1176,1176,2023-02-22 23:00:00,2023-03-20 23:00:00,894.67,169.9873,28.89,1035.7672999999998,paid,404,2023-03-17 23:00:00,1035.7672999999998
1179,1179,2023-02-22 02:00:00,2023-03-22 02:00:00,638.68,121.3492,3.68,756.3492,paid,405,2023-03-01 02:00:00,756.3492
1184,1184,2023-02-20 07:00:00,2023-03-21 07:00:00,122.14,23.2066,24.12,121.22659999999999,paid,406,2023-02-24 07:00:00,121.22659999999999
1187,1187,2023-02-21 10:00:00,2023-03-26 10:00:00,659.18,125.24419999999999,37.36,747.0641999999999,paid,407,2023-02-23 10:00:00,747.0641999999999
1190,1190,2023-02-21 13:00:00,2023-03-25 13:00:00,748.72,142.2568,41.89,849.0868,paid,408,2023-03-20 13:00:00,849.0868
1191,1191,2023-02-23 14:00:00,2023-03-22 14:00:00,516.14,98.0666,3.62,610.5866,paid,409,2023-03-02 14:00:00,610.5866
1193,1193,2023-02-23 16:00:00,2023-03-29 16:00:00,89.51,17.0069,12.83,93.68690000000001,paid,410,2023-02-26 16:00:00,93.68690000000001
1196,1196,2023-02-21 19:00:00,2023-03-30 19:00:00,483.04,91.7776,33.91,540.9076000000001,paid,411,2023-03-08 19:00:00,540.9076000000001
1198,1198,2023-02-21 21:00:00,2023-03-25 21:00:00,157.22,29.8718,34.48,152.61180000000002,paid,412,2023-02-22 21:00:00,152.61180000000002
1204,1204,2023-02-23 03:00:00,2023-04-04 03:00:00,618.56,117.5264,17.76,718.3263999999999,paid,413,2023-02-25 03:00:00,718.3263999999999
1209,1209,2023-02-24 08:00:00,2023-03-31 08:00:00,27.51,5.2269000000000005,26.87,5.866900000000005,paid,414,2023-03-06 08:00:00,5.866900000000005
1219,1219,2023-02-21 18:00:00,2023-03-22 18:00:00,409.07,77.7233,21.29,465.50329999999997,paid,415,2023-03-09 18:00:00,465.50329999999997
1222,1222,2023-02-24 21:00:00,2023-03-29 21:00:00,131.56,24.9964,46.54,110.0164,paid,416,2023-03-21 21:00:00,110.0164
1223,1223,2023-02-21 22:00:00,2023-04-01 22:00:00,358.32,68.0808,0.27,426.1308,paid,417,2023-03-21 22:00:00,426.1308
1224,1224,2023-02-22 23:00:00,2023-03-25 23:00:00,517.26,98.2794,37.41,578.1294,paid,418,2023-03-09 23:00:00,578.1294
1225,1225,2023-02-23 00:00:00,2023-03-31 00:00:00,876.74,166.5806,45.15,998.1706,paid,419,2023-03-19 00:00:00,998.1706
1226,1226,2023-02-23 01:00:00,2023-03-24 01:00:00,503.68,95.6992,6.99,592.3892,paid,420,2023-03-10 01:00:00,592.3892
1227,1227,2023-02-25 02:00:00,2023-03-31 02:00:00,708.21,134.5599,4.81,837.9599000000001,paid,421,2023-03-11 02:00:00,837.9599000000001
1233,1233,2023-02-24 08:00:00,2023-03-26 08:00:00,422.8,80.33200000000001,0.04,503.092,paid,422,2023-03-18 08:00:00,503.092
1235,1235,2023-02-22 10:00:00,2023-03-29 10:00:00,719.75,136.7525,4.38,852.1225000000001,paid,423,2023-03-08 10:00:00,852.1225000000001
1236,1236,2023-02-23 11:00:00,2023-03-23 11:00:00,615.75,116.9925,31.69,701.0525,paid,424,2023-03-01 11:00:00,701.0525
1241,1241,2023-02-22 16:00:00,2023-04-04 16:00:00,21.53,4.0907,30.19,-4.569300000000002,paid,425,2023-03-08 16:00:00,-4.569300000000002
1242,1242,2023-02-25 17:00:00,2023-03-24 17:00:00,643.67,122.29729999999999,8.2,757.7672999999999,paid,426,2023-03-14 17:00:00,757.7672999999999
1243,1243,2023-02-23 18:00:00,2023-04-06 18:00:00,70.11,13.3209,36.8,46.6309,paid,427,2023-03-13 18:00:00,46.6309
1250,1250,2023-02-24 01:00:00,2023-03-29 01:00:00,467.11,88.7509,33.12,522.7409,paid,428,2023-03-16 01:00:00,522.7409
1252,1252,2023-02-23 03:00:00,2023-04-06 03:00:00,138.6,26.334,34.41,130.524,paid,429,2023-03-14 03:00:00,130.524
1254,1254,2023-02-26 05:00:00,2023-04-02 05:00:00,756.15,143.6685,21.27,878.5485,paid,430,2023-03-15 05:00:00,878.5485
1258,1258,2023-02-24 09:00:00,2023-04-07 09:00:00,942.89,179.1491,44.09,1077.9491,paid,431,2023-03-12 09:00:00,1077.9491
1263,1263,2023-02-25 14:00:00,2023-03-31 14:00:00,29.93,5.6867,19.58,16.036700000000003,paid,432,2023-03-05 14:00:00,16.036700000000003
1265,1265,2023-02-26 16:00:00,2023-04-02 16:00:00,915.02,173.8538,32.97,1055.9038,paid,433,2023-03-05 16:00:00,1055.9038
1271,1271,2023-02-24 22:00:00,2023-04-01 22:00:00,85.11,16.1709,25.19,76.0909,paid,434,2023-03-16 22:00:00,76.0909
1276,1276,2023-02-25 03:00:00,2023-03-26 03:00:00,309.14,58.736599999999996,1.29,366.5866,paid,435,2023-03-25 03:00:00,366.5866
1284,1284,2023-02-26 11:00:00,2023-03-30 11:00:00,659.25,125.25750000000001,0.65,783.8575000000001,paid,436,2023-03-10 11:00:00,783.8575000000001
1286,1286,2023-02-25 13:00:00,2023-03-30 13:00:00,698.64,132.7416,24.46,806.9215999999999,paid,437,2023-03-06 13:00:00,806.9215999999999
1289,1289,2023-02-25 16:00:00,2023-03-29 16:00:00,289.87,55.0753,1.22,343.72529999999995,paid,438,2023-03-24 16:00:00,343.72529999999995
1292,1292,2023-02-24 19:00:00,2023-04-04 19:00:00,457.49,86.9231,10.97,533.4431,paid,439,2023-03-10 19:00:00,533.4431
1298,1298,2023-02-27 01:00:00,2023-03-29 01:00:00,332.49,63.173100000000005,8.23,387.43309999999997,paid,440,2023-03-19 01:00:00,387.43309999999997
1302,1302,2023-02-26 05:00:00,2023-04-06 05:00:00,711.47,135.1793,6.15,840.4993000000001,paid,441,2023-02-27 05:00:00,840.4993000000001
1303,1303,2023-02-28 06:00:00,2023-04-09 06:00:00,694.64,131.9816,49.32,777.3015999999999,paid,442,2023-03-10 06:00:00,777.3015999999999
1305,1305,2023-02-25 08:00:00,2023-04-05 08:00:00,183.52,34.8688,5.77,212.6188,paid,443,2023-03-14 08:00:00,212.6188
1308,1308,2023-02-28 11:00:00,2023-04-09 11:00:00,892.3,169.537,42.73,1019.107,paid,444,2023-03-17 11:00:00,1019.107
1312,1312,2023-02-26 15:00:00,2023-04-04 15:00:00,652.91,124.0529,2.83,774.1329,paid,445,2023-03-15 15:00:00,774.1329
1316,1316,2023-02-26 19:00:00,2023-04-09 19:00:00,421.44,80.0736,25.8,475.7136,paid,446,2023-03-02 19:00:00,475.7136
1324,1324,2023-02-26 03:00:00,2023-04-05 03:00:00,694.51,131.9569,36.38,790.0869,paid,447,2023-03-15 03:00:00,790.0869
1327,1327,2023-02-27 06:00:00,2023-04-07 06:00:00,46.99,8.9281,47.2,8.7181,paid,448,2023-03-17 06:00:00,8.7181
1331,1331,2023-03-01 10:00:00,2023-04-03 10:00:00,58.22,11.0618,10.02,59.26180000000001,paid,449,2023-03-21 10:00:00,59.26180000000001
1332,1332,2023-02-28 11:00:00,2023-04-08 11:00:00,50.34,9.5646,20.67,39.2346,paid,450,2023-03-23 11:00:00,39.2346
1333,1333,2023-03-01 12:00:00,2023-04-06 12:00:00,400.23,76.0437,10.31,465.9637,paid,451,2023-03-03 12:00:00,465.9637
1336,1336,2023-02-27 15:00:00,2023-04-02 15:00:00,761.09,144.6071,22.78,882.9171000000001,paid,452,2023-03-07 15:00:00,882.9171000000001
1338,1338,2023-02-28 17:00:00,2023-03-28 17:00:00,303.46,57.657399999999996,34.59,326.52739999999994,paid,453,2023-03-13 17:00:00,326.52739999999994
1339,1339,2023-02-26 18:00:00,2023-04-09 18:00:00,902.08,171.39520000000002,19.15,1054.3252,paid,454,2023-03-21 18:00:00,1054.3252
1340,1340,2023-02-26 19:00:00,2023-04-01 19:00:00,133.82,25.4258,43.45,115.7958,paid,455,2023-03-23 19:00:00,115.7958
1343,1343,2023-02-28 22:00:00,2023-04-04 22:00:00,890.64,169.2216,3.36,1056.5016,paid,456,2023-03-22 22:00:00,1056.5016
1344,1344,2023-02-28 23:00:00,2023-03-29 23:00:00,610.88,116.0672,23.23,703.7171999999999,paid,457,2023-03-20 23:00:00,703.7171999999999
1345,1345,2023-02-28 00:00:00,2023-04-07 00:00:00,830.17,157.73229999999998,41.04,946.8623,paid,458,2023-03-22 00:00:00,946.8623
1351,1351,2023-03-02 06:00:00,2023-04-03 06:00:00,353.58,67.1802,15.16,405.6002,paid,459,2023-03-17 06:00:00,405.6002
1353,1353,2023-02-27 08:00:00,2023-04-04 08:00:00,171.06,32.501400000000004,39.51,164.0514,paid,460,2023-03-19 08:00:00,164.0514
1357,1357,2023-02-28 12:00:00,2023-04-05 12:00:00,836.98,159.02620000000002,20.53,975.4762000000001,paid,461,2023-03-23 12:00:00,975.4762000000001
1358,1358,2023-03-01 13:00:00,2023-04-01 13:00:00,451.63,85.8097,11.57,525.8697,paid,462,2023-03-10 13:00:00,525.8697
1360,1360,2023-02-27 15:00:00,2023-04-07 15:00:00,274.15,52.088499999999996,9.83,316.4085,paid,463,2023-03-02 15:00:00,316.4085
1361,1361,2023-03-01 16:00:00,2023-04-11 16:00:00,210.73,40.0387,2.77,247.99869999999999,paid,464,2023-03-04 16:00:00,247.99869999999999
1363,1363,2023-02-28 18:00:00,2023-04-02 18:00:00,355.6,67.56400000000001,0.46,422.70400000000006,paid,465,2023-03-02 18:00:00,422.70400000000006
1366,1366,2023-02-27 21:00:00,2023-03-31 21:00:00,566.55,107.6445,48.66,625.5345,paid,466,2023-02-28 21:00:00,625.5345
1370,1370,2023-02-28 01:00:00,2023-04-10 01:00:00,455.16,86.4804,0.42,541.2204,paid,467,2023-03-14 01:00:00,541.2204
1371,1371,2023-03-03 02:00:00,2023-04-02 02:00:00,633.71,120.40490000000001,41.96,712.1549,paid,468,2023-03-20 02:00:00,712.1549
1374,1374,2023-03-01 05:00:00,2023-04-11 05:00:00,993.97,188.8543,44.6,1138.2243,paid,469,2023-03-14 05:00:00,1138.2243
1375,1375,2023-02-28 06:00:00,2023-04-05 06:00:00,882.71,167.7149,26.78,1023.6449,paid,470,2023-03-19 06:00:00,1023.6449
1377,1377,2023-03-02 08:00:00,2023-04-06 08:00:00,577.99,109.8181,32.69,655.1180999999999,paid,471,2023-03-25 08:00:00,655.1180999999999
1387,1387,2023-02-28 18:00:00,2023-03-29 18:00:00,727.7,138.263,10.5,855.4630000000001,paid,472,2023-03-15 18:00:00,855.4630000000001
1389,1389,2023-03-03 20:00:00,2023-04-08 20:00:00,872.57,165.78830000000002,15.83,1022.5283000000001,paid,473,2023-03-30 20:00:00,1022.5283000000001
1392,1392,2023-03-03 23:00:00,2023-04-03 23:00:00,142.32,27.040799999999997,25.18,144.18079999999998,paid,474,2023-03-28 23:00:00,144.18079999999998
1394,1394,2023-03-02 01:00:00,2023-04-12 01:00:00,290.25,55.1475,22.08,323.3175,paid,475,2023-03-16 01:00:00,323.3175
1398,1398,2023-03-03 05:00:00,2023-04-10 05:00:00,473.42,89.94980000000001,24.52,538.8498000000001,paid,476,2023-03-05 05:00:00,538.8498000000001
1400,1400,2023-03-03 07:00:00,2023-03-31 07:00:00,493.74,93.81060000000001,44.25,543.3006,paid,477,2023-03-10 07:00:00,543.3006
1402,1402,2023-03-04 09:00:00,2023-04-13 09:00:00,596.96,113.42240000000001,11.06,699.3224000000001,paid,478,2023-03-21 09:00:00,699.3224000000001
1404,1404,2023-03-02 11:00:00,2023-04-11 11:00:00,300.07,57.0133,40.16,316.92330000000004,paid,479,2023-03-20 11:00:00,316.92330000000004
1405,1405,2023-03-02 12:00:00,2023-03-30 12:00:00,219.16,41.6404,2.21,258.5904,paid,480,2023-03-08 12:00:00,258.5904
1410,1410,2023-03-04 17:00:00,2023-04-10 17:00:00,585.73,111.2887,24.61,672.4087000000001,paid,481,2023-03-31 17:00:00,672.4087000000001
1411,1411,2023-03-04 18:00:00,2023-04-12 18:00:00,868.27,164.97129999999999,44.03,989.2112999999999,paid,482,2023-03-25 18:00:00,989.2112999999999
1413,1413,2023-03-01 20:00:00,2023-04-12 20:00:00,419.43,79.6917,26.87,472.2517,paid,483,2023-03-09 20:00:00,472.2517
1414,1414,2023-03-01 21:00:00,2023-04-04 21:00:00,830.97,157.8843,2.46,986.3942999999999,paid,484,2023-03-29 21:00:00,986.3942999999999
1417,1417,2023-03-03 00:00:00,2023-04-05 00:00:00,956.93,181.8167,34.03,1104.7167,paid,485,2023-03-30 00:00:00,1104.7167
1418,1418,2023-03-04 01:00:00,2023-04-10 01:00:00,216.47,41.1293,6.06,251.53929999999997,paid,486,2023-03-06 01:00:00,251.53929999999997
1419,1419,2023-03-02 02:00:00,2023-04-01 02:00:00,127.08,24.1452,5.69,145.5352,paid,487,2023-03-03 02:00:00,145.5352
1420,1420,2023-03-04 03:00:00,2023-04-07 03:00:00,856.88,162.8072,20.55,999.1372,paid,488,2023-03-20 03:00:00,999.1372
1423,1423,2023-03-05 06:00:00,2023-04-07 06:00:00,895.23,170.0937,8.92,1056.4036999999998,paid,489,2023-03-12 06:00:00,1056.4036999999998
1425,1425,2023-03-05 08:00:00,2023-04-01 08:00:00,885.8,168.302,47.02,1007.0819999999999,paid,490,2023-03-27 08:00:00,1007.0819999999999
1429,1429,2023-03-05 12:00:00,2023-04-10 12:00:00,927.85,176.2915,38.63,1065.5114999999998,paid,491,2023-03-29 12:00:00,1065.5114999999998
1432,1432,2023-03-04 15:00:00,2023-04-07 15:00:00,693.97,131.8543,38.46,787.3643,paid,492,2023-03-15 15:00:00,787.3643
1433,1433,2023-03-02 16:00:00,2023-03-31 16:00:00,728.25,138.3675,29.84,836.7775,paid,493,2023-03-17 16:00:00,836.7775
1435,1435,2023-03-02 18:00:00,2023-04-11 18:00:00,151.75,28.8325,13.13,167.45250000000001,paid,494,2023-03-15 18:00:00,167.45250000000001
1440,1440,2023-03-02 23:00:00,2023-04-07 23:00:00,226.49,43.033100000000005,23.77,245.7531,paid,495,2023-03-26 23:00:00,245.7531
1441,1441,2023-03-03 00:00:00,2023-04-12 00:00:00,958.3,182.077,18.18,1122.197,paid,496,2023-03-05 00:00:00,1122.197
1446,1446,2023-03-06 05:00:00,2023-04-11 05:00:00,308.73,58.6587,7.04,360.3487,paid,497,2023-03-20 05:00:00,360.3487
1449,1449,2023-03-06 08:00:00,2023-04-03 08:00:00,837.46,159.1174,46.6,949.9774,paid,498,2023-03-30 08:00:00,949.9774
1452,1452,2023-03-05 11:00:00,2023-04-10 11:00:00,758.36,144.0884,3.16,899.2884,paid,499,2023-03-11 11:00:00,899.2884
1453,1453,2023-03-05 12:00:00,2023-04-12 12:00:00,773.54,146.9726,30.15,890.3626,paid,500,2023-03-14 12:00:00,890.3626
1457,1457,2023-03-03 16:00:00,2023-04-02 16:00:00,621.33,118.05270000000002,33.47,705.9127000000001,paid,501,2023-03-31 16:00:00,705.9127000000001
1458,1458,2023-03-04 17:00:00,2023-04-12 17:00:00,106.83,20.2977,41.58,85.5477,paid,502,2023-03-11 17:00:00,85.5477
1465,1465,2023-03-04 00:00:00,2023-04-09 00:00:00,128.78,24.4682,29.92,123.3282,paid,503,2023-03-22 00:00:00,123.3282
1466,1466,2023-03-06 01:00:00,2023-04-05 01:00:00,812.07,154.29330000000002,1.55,964.8133000000001,paid,504,2023-03-30 01:00:00,964.8133000000001
1471,1471,2023-03-04 06:00:00,2023-04-02 06:00:00,313.57,59.5783,49.13,324.0183,paid,505,2023-03-13 06:00:00,324.0183
1472,1472,2023-03-04 07:00:00,2023-04-03 07:00:00,95.32,18.110799999999998,31.85,81.58079999999998,paid,506,2023-03-27 07:00:00,81.58079999999998
1479,1479,2023-03-07 14:00:00,2023-04-10 14:00:00,309.38,58.7822,36.59,331.57219999999995,paid,507,2023-03-11 14:00:00,331.57219999999995
1482,1482,2023-03-06 17:00:00,2023-04-08 17:00:00,807.41,153.40789999999998,10.55,950.2679,paid,508,2023-03-15 17:00:00,950.2679
1485,1485,2023-03-07 20:00:00,2023-04-13 20:00:00,907.99,172.5181,21.93,1058.5781,paid,509,2023-03-11 20:00:00,1058.5781
1489,1489,2023-03-05 00:00:00,2023-04-14 00:00:00,647.67,123.0573,39.61,731.1173,paid,510,2023-03-17 00:00:00,731.1173
1490,1490,2023-03-08 01:00:00,2023-04-17 01:00:00,979.4,186.08599999999998,41.93,1123.5559999999998,paid,511,2023-03-12 01:00:00,1123.5559999999998
1491,1491,2023-03-08 02:00:00,2023-04-16 02:00:00,611.42,116.1698,32.74,694.8498,paid,512,2023-04-02 02:00:00,694.8498
1494,1494,2023-03-08 05:00:00,2023-04-08 05:00:00,140.46,26.6874,15.74,151.4074,paid,513,2023-04-01 05:00:00,151.4074
1496,1496,2023-03-05 07:00:00,2023-04-12 07:00:00,513.02,97.4738,13.66,596.8338,paid,514,2023-03-25 07:00:00,596.8338
1500,1500,2023-03-05 11:00:00,2023-04-09 11:00:00,90.34,17.1646,5.22,102.28460000000001,paid,515,2023-03-19 11:00:00,102.28460000000001
1505,1505,2023-03-08 16:00:00,2023-04-14 16:00:00,807.88,153.4972,28.42,932.9572000000001,paid,516,2023-04-01 16:00:00,932.9572000000001
1507,1507,2023-03-05 18:00:00,2023-04-17 18:00:00,529.77,100.6563,37.83,592.5962999999999,paid,517,2023-03-29 18:00:00,592.5962999999999
1509,1509,2023-03-06 20:00:00,2023-04-12 20:00:00,779.84,148.1696,34.68,893.3296000000001,paid,518,2023-03-13 20:00:00,893.3296000000001
1510,1510,2023-03-06 21:00:00,2023-04-06 21:00:00,285.98,54.336200000000005,1.99,338.32620000000003,paid,519,2023-04-01 21:00:00,338.32620000000003
1511,1511,2023-03-05 22:00:00,2023-04-05 22:00:00,506.76,96.2844,41.97,561.0744,paid,520,2023-03-18 22:00:00,561.0744
1516,1516,2023-03-07 03:00:00,2023-04-10 03:00:00,753.67,143.19729999999998,38.61,858.2572999999999,paid,521,2023-03-29 03:00:00,858.2572999999999
1517,1517,2023-03-07 04:00:00,2023-04-10 04:00:00,331.24,62.9356,23.66,370.5156,paid,522,2023-03-15 04:00:00,370.5156
1520,1520,2023-03-07 07:00:00,2023-04-10 07:00:00,65.91,12.5229,44.7,33.73289999999999,paid,523,2023-03-30 07:00:00,33.73289999999999
1523,1523,2023-03-06 10:00:00,2023-04-13 10:00:00,81.44,15.4736,40.07,56.8436,paid,524,2023-03-11 10:00:00,56.8436
1526,1526,2023-03-06 13:00:00,2023-04-12 13:00:00,261.89,49.7591,20.3,291.34909999999996,paid,525,2023-03-18 13:00:00,291.34909999999996
1529,1529,2023-03-09 16:00:00,2023-04-12 16:00:00,119.85,22.7715,26.22,116.4015,paid,526,2023-03-22 16:00:00,116.4015
1536,1536,2023-03-08 23:00:00,2023-04-12 23:00:00,445.14,84.5766,4.95,524.7665999999999,paid,527,2023-04-06 23:00:00,524.7665999999999
1544,1544,2023-03-08 07:00:00,2023-04-19 07:00:00,640.06,121.61139999999999,35.25,726.4214,paid,528,2023-03-28 07:00:00,726.4214
1552,1552,2023-03-09 15:00:00,2023-04-19 15:00:00,951.76,180.8344,8.78,1123.8144,paid,529,2023-03-23 15:00:00,1123.8144
1553,1553,2023-03-10 16:00:00,2023-04-18 16:00:00,708.49,134.6131,48.01,795.0931,paid,530,2023-04-07 16:00:00,795.0931
1554,1554,2023-03-08 17:00:00,2023-04-05 17:00:00,312.09,59.29709999999999,34.66,336.72709999999995,paid,531,2023-03-26 17:00:00,336.72709999999995
1558,1558,2023-03-07 21:00:00,2023-04-10 21:00:00,67.22,12.7718,11.72,68.2718,paid,532,2023-04-03 21:00:00,68.2718
1560,1560,2023-03-07 23:00:00,2023-04-09 23:00:00,957.66,181.9554,27.59,1112.0254,paid,533,2023-03-31 23:00:00,1112.0254
1563,1563,2023-03-10 02:00:00,2023-04-16 02:00:00,468.55,89.0245,47.43,510.14450000000005,paid,534,2023-04-04 02:00:00,510.14450000000005
1565,1565,2023-03-10 04:00:00,2023-04-17 04:00:00,381.33,72.4527,48.28,405.5027,paid,535,2023-03-30 04:00:00,405.5027
1570,1570,2023-03-09 09:00:00,2023-04-13 09:00:00,825.74,156.8906,28.53,954.1006,paid,536,2023-03-13 09:00:00,954.1006
1573,1573,2023-03-08 12:00:00,2023-04-16 12:00:00,664.21,126.19990000000001,36.64,753.7699000000001,paid,537,2023-03-29 12:00:00,753.7699000000001
1577,1577,2023-03-10 16:00:00,2023-04-20 16:00:00,684.26,130.0094,30.48,783.7894,paid,538,2023-03-28 16:00:00,783.7894
1581,1581,2023-03-11 20:00:00,2023-04-15 20:00:00,658.61,125.1359,15.69,768.0559,paid,539,2023-03-18 20:00:00,768.0559
1588,1588,2023-03-12 03:00:00,2023-04-18 03:00:00,892.41,169.5579,36.48,1025.4878999999999,paid,540,2023-03-27 03:00:00,1025.4878999999999
1594,1594,2023-03-12 09:00:00,2023-04-14 09:00:00,282.24,53.625600000000006,48.8,287.0656,paid,541,2023-04-02 09:00:00,287.0656
1597,1597,2023-03-10 12:00:00,2023-04-17 12:00:00,391.51,74.3869,4.15,461.7469,paid,542,2023-03-16 12:00:00,461.7469
1599,1599,2023-03-11 14:00:00,2023-04-17 14:00:00,38.94,7.3986,22.04,24.2986,paid,543,2023-03-27 14:00:00,24.2986
1600,1600,2023-03-10 15:00:00,2023-04-10 15:00:00,141.88,26.9572,29.24,139.5972,paid,544,2023-03-30 15:00:00,139.5972
1607,1607,2023-03-09 22:00:00,2023-04-14 22:00:00,474.81,90.2139,9.93,555.0939000000001,paid,545,2023-04-02 22:00:00,555.0939000000001
1612,1612,2023-03-12 03:00:00,2023-04-15 03:00:00,778.51,147.9169,15.26,911.1668999999999,paid,546,2023-03-20 03:00:00,911.1668999999999
1614,1614,2023-03-10 05:00:00,2023-04-10 05:00:00,530.87,100.8653,33.17,598.5653000000001,paid,547,2023-04-07 05:00:00,598.5653000000001
1619,1619,2023-03-12 10:00:00,2023-04-13 10:00:00,811.01,154.0919,8.59,956.5119,paid,548,2023-04-02 10:00:00,956.5119
1623,1623,2023-03-13 14:00:00,2023-04-10 14:00:00,307.44,58.4136,5.9,359.95360000000005,paid,549,2023-03-29 14:00:00,359.95360000000005
1624,1624,2023-03-13 15:00:00,2023-04-19 15:00:00,777.68,147.7592,32.75,892.6891999999999,paid,550,2023-04-10 15:00:00,892.6891999999999
1626,1626,2023-03-12 17:00:00,2023-04-14 17:00:00,361.13,68.6147,0.01,429.7347,paid,551,2023-04-03 17:00:00,429.7347
1630,1630,2023-03-10 21:00:00,2023-04-21 21:00:00,653.53,124.1707,11.68,766.0207,paid,552,2023-03-26 21:00:00,766.0207
1631,1631,2023-03-13 22:00:00,2023-04-13 22:00:00,974.71,185.19490000000002,38.92,1120.9849,paid,553,2023-03-16 22:00:00,1120.9849
1632,1632,2023-03-11 23:00:00,2023-04-18 23:00:00,850.12,161.5228,30.43,981.2128,paid,554,2023-03-28 23:00:00,981.2128
1639,1639,2023-03-14 06:00:00,2023-04-14 06:00:00,316.86,60.2034,26.95,350.1134,paid,555,2023-03-23 06:00:00,350.1134
1640,1640,2023-03-14 07:00:00,2023-04-16 07:00:00,84.38,16.0322,14.39,86.0222,paid,556,2023-04-08 07:00:00,86.0222
1641,1641,2023-03-14 08:00:00,2023-04-14 08:00:00,243.67,46.2973,6.01,283.9573,paid,557,2023-03-17 08:00:00,283.9573
1645,1645,2023-03-14 12:00:00,2023-04-16 12:00:00,484.33,92.0227,47.55,528.8027000000001,paid,558,2023-04-03 12:00:00,528.8027000000001
1647,1647,2023-03-12 14:00:00,2023-04-23 14:00:00,958.63,182.1397,15.19,1125.5797,paid,559,2023-04-10 14:00:00,1125.5797
1648,1648,2023-03-11 15:00:00,2023-04-20 15:00:00,943.87,179.3353,46.05,1077.1553000000001,paid,560,2023-03-18 15:00:00,1077.1553000000001
1653,1653,2023-03-13 20:00:00,2023-04-22 20:00:00,94.09,17.877100000000002,5.16,106.8071,paid,561,2023-03-31 20:00:00,106.8071
1655,1655,2023-03-11 22:00:00,2023-04-14 22:00:00,240.87,45.7653,39.75,246.88530000000003,paid,562,2023-03-23 22:00:00,246.88530000000003
1659,1659,2023-03-15 02:00:00,2023-04-21 02:00:00,785.7,149.28300000000002,20.11,914.873,paid,563,2023-04-03 02:00:00,914.873
1660,1660,2023-03-15 03:00:00,2023-04-10 03:00:00,586.73,111.4787,39.16,659.0487,paid,564,2023-03-31 03:00:00,659.0487
1661,1661,2023-03-14 04:00:00,2023-04-22 04:00:00,164.02,31.163800000000002,48.14,147.04380000000003,paid,565,2023-04-05 04:00:00,147.04380000000003
1667,1667,2023-03-12 10:00:00,2023-04-19 10:00:00,358.29,68.0751,2.61,423.7551,paid,566,2023-04-08 10:00:00,423.7551
1669,1669,2023-03-14 12:00:00,2023-04-17 12:00:00,304.69,57.8911,21.81,340.7711,paid,567,2023-04-07 12:00:00,340.7711
1671,1671,2023-03-15 14:00:00,2023-04-18 14:00:00,892.34,169.5446,40.8,1021.0846000000001,paid,568,2023-04-01 14:00:00,1021.0846000000001
1676,1676,2023-03-12 19:00:00,2023-04-24 19:00:00,638.3,121.27699999999999,14.41,745.167,paid,569,2023-04-01 19:00:00,745.167
1680,1680,2023-03-14 23:00:00,2023-04-18 23:00:00,539.07,102.42330000000001,4.74,636.7533000000001,paid,570,2023-03-29 23:00:00,636.7533000000001
1683,1683,2023-03-14 02:00:00,2023-04-13 02:00:00,686.03,130.3457,3.45,812.9256999999999,paid,571,2023-03-15 02:00:00,812.9256999999999
1688,1688,2023-03-16 07:00:00,2023-04-11 07:00:00,555.65,105.5735,46.81,614.4134999999999,paid,572,2023-03-18 07:00:00,614.4134999999999
1694,1694,2023-03-13 13:00:00,2023-04-14 13:00:00,68.98,13.106200000000001,10.36,71.7262,paid,573,2023-03-21 13:00:00,71.7262
1697,1697,2023-03-16 16:00:00,2023-04-20 16:00:00,797.28,151.4832,33.87,914.8932,paid,574,2023-04-07 16:00:00,914.8932
1698,1698,2023-03-15 17:00:00,2023-04-24 17:00:00,856.71,162.7749,14.48,1005.0049,paid,575,2023-04-09 17:00:00,1005.0049
1700,1700,2023-03-14 19:00:00,2023-04-18 19:00:00,961.41,182.6679,3.29,1140.7879,paid,576,2023-03-16 19:00:00,1140.7879
1701,1701,2023-03-13 20:00:00,2023-04-18 20:00:00,212.99,40.4681,9.56,243.8981,paid,577,2023-04-01 20:00:00,243.8981
1702,1702,2023-03-15 21:00:00,2023-04-11 21:00:00,952.4,180.956,20.37,1112.986,paid,578,2023-03-24 21:00:00,1112.986
1704,1704,2023-03-16 23:00:00,2023-04-16 23:00:00,717.49,136.3231,18.86,834.9531000000001,paid,579,2023-03-25 23:00:00,834.9531000000001
1708,1708,2023-03-16 03:00:00,2023-04-23 03:00:00,448.26,85.1694,2.93,530.4994,paid,580,2023-03-29 03:00:00,530.4994
1712,1712,2023-03-15 07:00:00,2023-04-15 07:00:00,981.55,186.4945,38.04,1130.0045,paid,581,2023-03-21 07:00:00,1130.0045
1718,1718,2023-03-14 13:00:00,2023-04-15 13:00:00,531.03,100.89569999999999,15.67,616.2557,paid,582,2023-03-29 13:00:00,616.2557
1719,1719,2023-03-17 14:00:00,2023-04-18 14:00:00,977.76,185.7744,14.76,1148.7744,paid,583,2023-04-05 14:00:00,1148.7744
1723,1723,2023-03-16 18:00:00,2023-04-19 18:00:00,723.96,137.5524,4.88,856.6324000000001,paid,584,2023-04-06 18:00:00,856.6324000000001
1725,1725,2023-03-14 20:00:00,2023-04-21 20:00:00,647.8,123.082,17.49,753.3919999999999,paid,585,2023-03-29 20:00:00,753.3919999999999
1728,1728,2023-03-14 23:00:00,2023-04-18 23:00:00,573.78,109.0182,6.29,676.5082,paid,586,2023-04-01 23:00:00,676.5082
1730,1730,2023-03-15 01:00:00,2023-04-19 01:00:00,508.92,96.6948,26.26,579.3548000000001,paid,587,2023-03-22 01:00:00,579.3548000000001
1732,1732,2023-03-16 03:00:00,2023-04-19 03:00:00,28.86,5.4834,22.59,11.753400000000003,paid,588,2023-04-11 03:00:00,11.753400000000003
1736,1736,2023-03-18 07:00:00,2023-04-22 07:00:00,641.68,121.91919999999999,27.4,736.1991999999999,paid,589,2023-03-29 07:00:00,736.1991999999999
1738,1738,2023-03-18 09:00:00,2023-04-21 09:00:00,335.24,63.695600000000006,39.64,359.29560000000004,paid,590,2023-03-26 09:00:00,359.29560000000004
1742,1742,2023-03-17 13:00:00,2023-04-25 13:00:00,440.13,83.6247,33.87,489.88469999999995,paid,591,2023-03-23 13:00:00,489.88469999999995
1751,1751,2023-03-15 22:00:00,2023-04-25 22:00:00,64.01,12.161900000000001,46.07,30.101900000000008,paid,592,2023-03-23 22:00:00,30.101900000000008
1752,1752,2023-03-17 23:00:00,2023-04-27 23:00:00,765.79,145.5001,48.93,862.3601,paid,593,2023-03-19 23:00:00,862.3601
1753,1753,2023-03-16 00:00:00,2023-04-26 00:00:00,384.29,73.0151,0.53,456.77510000000007,paid,594,2023-04-04 00:00:00,456.77510000000007
1755,1755,2023-03-17 02:00:00,2023-04-25 02:00:00,759.18,144.24419999999998,20.64,882.7841999999999,paid,595,2023-04-02 02:00:00,882.7841999999999
1763,1763,2023-03-17 10:00:00,2023-04-17 10:00:00,371.41,70.56790000000001,37.92,404.0579,paid,596,2023-03-24 10:00:00,404.0579
1765,1765,2023-03-16 12:00:00,2023-04-25 12:00:00,255.59,48.5621,40.84,263.3121,paid,597,2023-03-26 12:00:00,263.3121
1769,1769,2023-03-19 16:00:00,2023-04-21 16:00:00,515.84,98.0096,30.57,583.2796,paid,598,2023-03-31 16:00:00,583.2796
1773,1773,2023-03-19 20:00:00,2023-04-26 20:00:00,191.72,36.4268,3.48,224.6668,paid,599,2023-04-05 20:00:00,224.6668
1779,1779,2023-03-20 02:00:00,2023-04-24 02:00:00,588.49,111.8131,19.9,680.4031,paid,600,2023-03-27 02:00:00,680.4031
1781,1781,2023-03-18 04:00:00,2023-04-20 04:00:00,763.6,145.084,16.78,891.904,paid,601,2023-04-09 04:00:00,891.904
1783,1783,2023-03-18 06:00:00,2023-04-27 06:00:00,365.99,69.5381,43.68,391.8481,paid,602,2023-03-26 06:00:00,391.8481
1786,1786,2023-03-19 09:00:00,2023-04-23 09:00:00,894.71,169.9949,42.36,1022.3448999999999,paid,603,2023-03-26 09:00:00,1022.3448999999999
1790,1790,2023-03-17 13:00:00,2023-04-21 13:00:00,507.59,96.4421,25.52,578.5121,paid,604,2023-03-21 13:00:00,578.5121
1793,1793,2023-03-17 16:00:00,2023-04-17 16:00:00,202.41,38.4579,3.55,237.31789999999998,paid,605,2023-03-20 16:00:00,237.31789999999998
1797,1797,2023-03-19 20:00:00,2023-04-19 20:00:00,89.74,17.0506,30.88,75.9106,paid,606,2023-04-07 20:00:00,75.9106
1798,1798,2023-03-17 21:00:00,2023-04-21 21:00:00,87.63,16.6497,32.22,72.05969999999999,paid,607,2023-04-01 21:00:00,72.05969999999999
1801,1801,2023-03-19 00:00:00,2023-04-29 00:00:00,421.22,80.0318,39.41,461.84180000000003,paid,608,2023-03-23 00:00:00,461.84180000000003
1803,1803,2023-03-20 02:00:00,2023-04-16 02:00:00,839.11,159.4309,35.43,963.1109,paid,609,2023-04-14 02:00:00,963.1109
1805,1805,2023-03-21 04:00:00,2023-04-26 04:00:00,699.75,132.95250000000001,2.02,830.6825,paid,610,2023-03-30 04:00:00,830.6825
1808,1808,2023-03-19 07:00:00,2023-04-16 07:00:00,168.56,32.0264,16.89,183.69639999999998,paid,611,2023-04-01 07:00:00,183.69639999999998
1811,1811,2023-03-20 10:00:00,2023-04-29 10:00:00,296.82,56.3958,23.84,329.3758,paid,612,2023-04-07 10:00:00,329.3758
1812,1812,2023-03-21 11:00:00,2023-04-29 11:00:00,436.72,82.97680000000001,13.53,506.1668000000001,paid,613,2023-04-11 11:00:00,506.1668000000001
1815,1815,2023-03-20 14:00:00,2023-04-22 14:00:00,770.24,146.3456,19.79,896.7956,paid,614,2023-04-05 14:00:00,896.7956
1817,1817,2023-03-18 16:00:00,2023-04-25 16:00:00,428.23,81.36370000000001,43.35,466.2437,paid,615,2023-03-19 16:00:00,466.2437
1819,1819,2023-03-20 18:00:00,2023-04-16 18:00:00,73.54,13.972600000000002,42.89,44.622600000000006,paid,616,2023-03-24 18:00:00,44.622600000000006
1826,1826,2023-03-22 01:00:00,2023-04-19 01:00:00,734.76,139.6044,41.27,833.0944,paid,617,2023-04-09 01:00:00,833.0944
1832,1832,2023-03-21 07:00:00,2023-04-21 07:00:00,434.18,82.4942,30.97,485.7042,paid,618,2023-03-29 07:00:00,485.7042
1833,1833,2023-03-22 08:00:00,2023-04-29 08:00:00,316.87,60.2053,40.15,336.92530000000005,paid,619,2023-04-11 08:00:00,336.92530000000005
1840,1840,2023-03-20 15:00:00,2023-04-28 15:00:00,810.56,154.00639999999999,39.25,925.3163999999999,paid,620,2023-04-05 15:00:00,925.3163999999999
1841,1841,2023-03-22 16:00:00,2023-04-23 16:00:00,985.16,187.1804,41.08,1131.2604000000001,paid,621,2023-04-12 16:00:00,1131.2604000000001
1848,1848,2023-03-20 23:00:00,2023-04-25 23:00:00,715.13,135.8747,1.64,849.3647,paid,622,2023-03-31 23:00:00,849.3647
1849,1849,2023-03-22 00:00:00,2023-04-24 00:00:00,183.97,34.9543,23.39,195.53430000000003,paid,623,2023-04-11 00:00:00,195.53430000000003
1851,1851,2023-03-20 02:00:00,2023-05-02 02:00:00,592.1,112.49900000000001,41.5,663.099,paid,624,2023-04-10 02:00:00,663.099
1861,1861,2023-03-23 12:00:00,2023-04-23 12:00:00,518.71,98.5549,40.63,576.6349,paid,625,2023-04-13 12:00:00,576.6349
1862,1862,2023-03-23 13:00:00,2023-04-26 13:00:00,381.9,72.56099999999999,6.63,447.83099999999996,paid,626,2023-04-13 13:00:00,447.83099999999996
1863,1863,2023-03-23 14:00:00,2023-05-01 14:00:00,934.27,177.5113,11.67,1100.1113,paid,627,2023-04-19 14:00:00,1100.1113
1864,1864,2023-03-20 15:00:00,2023-04-22 15:00:00,830.96,157.88240000000002,22.67,966.1724,paid,628,2023-04-08 15:00:00,966.1724
1865,1865,2023-03-20 16:00:00,2023-04-19 16:00:00,703.27,133.6213,25.86,811.0313,paid,629,2023-04-12 16:00:00,811.0313
1866,1866,2023-03-23 17:00:00,2023-04-25 17:00:00,720.04,136.8076,38.18,818.6676,paid,630,2023-04-11 17:00:00,818.6676
1869,1869,2023-03-21 20:00:00,2023-04-27 20:00:00,700.7,133.133,30.92,802.9130000000001,paid,631,2023-04-08 20:00:00,802.9130000000001
1871,1871,2023-03-21 22:00:00,2023-04-23 22:00:00,864.46,164.2474,7.82,1020.8874,paid,632,2023-04-09 22:00:00,1020.8874
1878,1878,2023-03-22 05:00:00,2023-04-23 05:00:00,859.41,163.2879,11.34,1011.3579,paid,633,2023-04-02 05:00:00,1011.3579
1882,1882,2023-03-23 09:00:00,2023-04-22 09:00:00,948.15,180.14849999999998,8.53,1119.7685,paid,634,2023-03-26 09:00:00,1119.7685
1885,1885,2023-03-23 12:00:00,2023-04-27 12:00:00,179.77,34.1563,12.9,201.02630000000002,paid,635,2023-03-31 12:00:00,201.02630000000002
1886,1886,2023-03-24 13:00:00,2023-04-28 13:00:00,790.48,150.1912,24.58,916.0912,paid,636,2023-04-13 13:00:00,916.0912
1894,1894,2023-03-23 21:00:00,2023-04-22 21:00:00,448.91,85.2929,35.78,498.4229,paid,637,2023-04-11 21:00:00,498.4229
1896,1896,2023-03-23 23:00:00,2023-05-02 23:00:00,710.77,135.0463,35.21,810.6062999999999,paid,638,2023-04-02 23:00:00,810.6062999999999
1897,1897,2023-03-24 00:00:00,2023-04-26 00:00:00,820.79,155.9501,29.49,947.2501,paid,639,2023-04-09 00:00:00,947.2501
1898,1898,2023-03-22 01:00:00,2023-04-24 01:00:00,555.5,105.545,22.5,638.545,paid,640,2023-03-27 01:00:00,638.545
1900,1900,2023-03-25 03:00:00,2023-04-21 03:00:00,70.64,13.4216,47.84,36.221599999999995,paid,641,2023-04-14 03:00:00,36.221599999999995
1901,1901,2023-03-22 04:00:00,2023-04-30 04:00:00,514.7,97.793,24.95,587.543,paid,642,2023-03-31 04:00:00,587.543
1903,1903,2023-03-22 06:00:00,2023-04-27 06:00:00,865.39,164.4241,29.17,1000.6441000000001,paid,643,2023-03-30 06:00:00,1000.6441000000001
1904,1904,2023-03-22 07:00:00,2023-04-20 07:00:00,195.67,37.177299999999995,26.92,205.9273,paid,644,2023-04-02 07:00:00,205.9273
1906,1906,2023-03-23 09:00:00,2023-04-30 09:00:00,561.65,106.7135,10.46,657.9034999999999,paid,645,2023-04-08 09:00:00,657.9034999999999
1907,1907,2023-03-24 10:00:00,2023-04-25 10:00:00,408.62,77.6378,0.19,486.0678,paid,646,2023-03-31 10:00:00,486.0678
1908,1908,2023-03-24 11:00:00,2023-05-01 11:00:00,149.08,28.325200000000002,12.08,165.3252,paid,647,2023-04-08 11:00:00,165.3252
1909,1909,2023-03-24 12:00:00,2023-04-21 12:00:00,867.99,164.9181,25.49,1007.4181000000001,paid,648,2023-04-17 12:00:00,1007.4181000000001
1910,1910,2023-03-25 13:00:00,2023-04-21 13:00:00,174.13,33.0847,19.0,188.2147,paid,649,2023-04-23 13:00:00,188.2147
1912,1912,2023-03-24 15:00:00,2023-04-29 15:00:00,304.24,57.805600000000005,49.03,313.01560000000006,paid,650,2023-04-14 15:00:00,313.01560000000006
1913,1913,2023-03-25 16:00:00,2023-04-20 16:00:00,873.99,166.0581,17.51,1022.5381,paid,651,2023-04-14 16:00:00,1022.5381
1916,1916,2023-03-25 19:00:00,2023-04-26 19:00:00,265.46,50.4374,2.4,313.49739999999997,paid,652,2023-04-17 19:00:00,313.49739999999997
1917,1917,2023-03-23 20:00:00,2023-05-03 20:00:00,632.38,120.1522,38.77,713.7622,paid,653,2023-04-09 20:00:00,713.7622
1918,1918,2023-03-25 21:00:00,2023-04-27 21:00:00,580.31,110.2589,28.53,662.0389,paid,654,2023-03-31 21:00:00,662.0389
1921,1921,2023-03-24 00:00:00,2023-04-29 00:00:00,31.91,6.0629,28.59,9.382900000000003,paid,655,2023-04-08 00:00:00,9.382900000000003
1923,1923,2023-03-25 02:00:00,2023-04-23 02:00:00,70.8,13.452,11.4,72.85199999999999,paid,656,2023-04-02 02:00:00,72.85199999999999
1927,1927,2023-03-26 06:00:00,2023-04-22 06:00:00,365.9,69.521,5.84,429.581,paid,657,2023-04-02 06:00:00,429.581
1928,1928,2023-03-26 07:00:00,2023-04-21 07:00:00,628.87,119.4853,49.29,699.0653,paid,658,2023-03-28 07:00:00,699.0653
1934,1934,2023-03-26 13:00:00,2023-04-30 13:00:00,300.04,57.007600000000004,43.12,313.92760000000004,paid,659,2023-04-08 13:00:00,313.92760000000004
1937,1937,2023-03-24 16:00:00,2023-04-22 16:00:00,345.81,65.7039,22.5,389.01390000000004,paid,660,2023-04-16 16:00:00,389.01390000000004
1942,1942,2023-03-23 21:00:00,2023-05-04 21:00:00,678.05,128.8295,10.34,796.5395,paid,661,2023-04-21 21:00:00,796.5395
1945,1945,2023-03-26 00:00:00,2023-04-25 00:00:00,429.97,81.69430000000001,8.98,502.6843,paid,662,2023-04-01 00:00:00,502.6843
1950,1950,2023-03-25 05:00:00,2023-04-27 05:00:00,443.38,84.2422,39.28,488.34220000000005,paid,663,2023-04-23 05:00:00,488.34220000000005
1952,1952,2023-03-25 07:00:00,2023-05-02 07:00:00,86.15,16.3685,5.75,96.7685,paid,664,2023-03-30 07:00:00,96.7685
1957,1957,2023-03-24 12:00:00,2023-04-25 12:00:00,415.53,78.9507,32.14,462.34069999999997,paid,665,2023-04-13 12:00:00,462.34069999999997
1961,1961,2023-03-26 16:00:00,2023-04-29 16:00:00,359.59,68.32209999999999,48.11,379.80209999999994,paid,666,2023-03-27 16:00:00,379.80209999999994
1962,1962,2023-03-25 17:00:00,2023-04-27 17:00:00,409.66,77.8354,45.07,442.4254,paid,667,2023-04-23 17:00:00,442.4254
1966,1966,2023-03-27 21:00:00,2023-04-24 21:00:00,283.16,53.8004,12.63,324.33040000000005,paid,668,2023-04-14 21:00:00,324.33040000000005
1967,1967,2023-03-27 22:00:00,2023-04-24 22:00:00,301.71,57.3249,21.84,337.1949,paid,669,2023-04-11 22:00:00,337.1949
1970,1970,2023-03-27 01:00:00,2023-04-25 01:00:00,611.56,116.1964,0.76,726.9964,paid,670,2023-04-19 01:00:00,726.9964
1972,1972,2023-03-27 03:00:00,2023-05-07 03:00:00,94.07,17.8733,14.1,97.8433,paid,671,2023-04-06 03:00:00,97.8433
1973,1973,2023-03-28 04:00:00,2023-04-28 04:00:00,952.39,180.9541,22.18,1111.1641,paid,672,2023-03-31 04:00:00,1111.1641
1975,1975,2023-03-25 06:00:00,2023-04-24 06:00:00,110.23,20.9437,43.66,87.5137,paid,673,2023-03-30 06:00:00,87.5137
1982,1982,2023-03-28 13:00:00,2023-05-05 13:00:00,265.88,50.5172,12.4,303.9972,paid,674,2023-04-21 13:00:00,303.9972
1984,1984,2023-03-26 15:00:00,2023-04-29 15:00:00,712.5,135.375,46.61,801.265,paid,675,2023-04-24 15:00:00,801.265
1985,1985,2023-03-26 16:00:00,2023-05-06 16:00:00,617.81,117.3839,36.03,699.1639,paid,676,2023-04-08 16:00:00,699.1639
1986,1986,2023-03-28 17:00:00,2023-04-29 17:00:00,326.65,62.0635,38.29,350.42349999999993,paid,677,2023-04-05 17:00:00,350.42349999999993
1987,1987,2023-03-28 18:00:00,2023-04-23 18:00:00,285.67,54.277300000000004,4.57,335.37730000000005,paid,678,2023-04-19 18:00:00,335.37730000000005
1990,1990,2023-03-26 21:00:00,2023-04-27 21:00:00,947.8,180.082,9.06,1118.8220000000001,paid,679,2023-04-16 21:00:00,1118.8220000000001
1993,1993,2023-03-27 00:00:00,2023-05-01 00:00:00,945.84,179.7096,23.43,1102.1196,paid,680,2023-04-25 00:00:00,1102.1196
1996,1996,2023-03-26 03:00:00,2023-04-30 03:00:00,218.58,41.5302,48.9,211.21020000000001,paid,681,2023-03-28 03:00:00,211.21020000000001
