conversion_id,session_id,order_id,conversion_timestamp,revenue,conversion_type
1,1466,1,2023-01-01 00:00:00,1612.39,purchase
2,9590,2,2023-01-01 01:00:00,474.73,purchase
3,1348,3,2023-01-01 02:00:00,0.0,purchase
4,5683,4,2023-01-01 03:00:00,148.25,purchase
5,18211,5,2023-01-01 04:00:00,192.65,purchase
6,7866,6,2023-01-01 05:00:00,0.0,purchase
7,13318,7,2023-01-01 06:00:00,212.14,purchase
8,8077,8,2023-01-01 07:00:00,245.57,purchase
9,3908,9,2023-01-01 08:00:00,896.28,purchase
10,3279,10,2023-01-01 09:00:00,106.87,purchase
11,11627,11,2023-01-01 10:00:00,382.5,purchase
12,6194,12,2023-01-01 11:00:00,247.0,purchase
13,18211,13,2023-01-01 12:00:00,1436.43,purchase
14,17170,14,2023-01-01 13:00:00,515.58,purchase
15,17936,15,2023-01-01 14:00:00,3221.24,purchase
16,10057,16,2023-01-01 15:00:00,2333.46,purchase
17,13447,17,2023-01-01 16:00:00,220.85,purchase
18,4575,18,2023-01-01 17:00:00,0.0,purchase
19,1054,19,2023-01-01 18:00:00,1513.97,purchase
20,12048,20,2023-01-01 19:00:00,113.35,purchase
21,1611,21,2023-01-01 20:00:00,0.0,purchase
22,15535,22,2023-01-01 21:00:00,0.0,purchase
23,1473,23,2023-01-01 22:00:00,2732.49,purchase
24,14818,24,2023-01-01 23:00:00,0.0,purchase
25,3526,25,2023-01-02 00:00:00,904.23,purchase
26,6463,26,2023-01-02 01:00:00,0.0,purchase
27,13209,27,2023-01-02 02:00:00,0.0,purchase
28,11356,28,2023-01-02 03:00:00,1322.48,purchase
29,4685,29,2023-01-02 04:00:00,0.0,purchase
30,19616,30,2023-01-02 05:00:00,1436.39,purchase
31,8032,31,2023-01-02 06:00:00,0.0,purchase
32,17392,32,2023-01-02 07:00:00,679.39,purchase
33,10919,33,2023-01-02 08:00:00,0.0,purchase
34,4886,34,2023-01-02 09:00:00,3095.65,purchase
35,13329,35,2023-01-02 10:00:00,0.0,purchase
36,7142,36,2023-01-02 11:00:00,454.34,purchase
37,971,37,2023-01-02 12:00:00,1564.41,purchase
38,18643,38,2023-01-02 13:00:00,1525.29,purchase
39,3016,39,2023-01-02 14:00:00,261.1,purchase
40,12309,40,2023-01-02 15:00:00,193.43,purchase
41,16918,41,2023-01-02 16:00:00,0.0,purchase
42,12590,42,2023-01-02 17:00:00,1259.9,purchase
43,5683,43,2023-01-02 18:00:00,1301.91,purchase
44,9731,44,2023-01-02 19:00:00,0.0,purchase
45,8788,45,2023-01-02 20:00:00,0.0,purchase
46,6463,46,2023-01-02 21:00:00,0.0,purchase
47,8788,47,2023-01-02 22:00:00,0.0,purchase
48,18254,48,2023-01-02 23:00:00,3652.98,purchase
49,10057,49,2023-01-03 00:00:00,642.16,purchase
50,10882,50,2023-01-03 01:00:00,2597.47,purchase
51,3016,51,2023-01-03 02:00:00,1994.44,purchase
52,13874,52,2023-01-03 03:00:00,0.0,purchase
53,1818,53,2023-01-03 04:00:00,1457.87,purchase
54,4886,54,2023-01-03 05:00:00,0.0,purchase
55,18658,55,2023-01-03 06:00:00,450.82,purchase
56,16776,56,2023-01-03 07:00:00,1789.56,purchase
57,9449,57,2023-01-03 08:00:00,0.0,purchase
58,2677,58,2023-01-03 09:00:00,2280.38,purchase
59,3032,59,2023-01-03 10:00:00,2120.64,purchase
60,3723,60,2023-01-03 11:00:00,1468.82,purchase
61,7659,61,2023-01-03 12:00:00,0.0,purchase
62,4951,62,2023-01-03 13:00:00,2564.45,purchase
63,11030,63,2023-01-03 14:00:00,720.31,purchase
64,14685,64,2023-01-03 15:00:00,0.0,purchase
65,9125,65,2023-01-03 16:00:00,1748.94,purchase
66,19067,66,2023-01-03 17:00:00,471.78,purchase
67,959,67,2023-01-03 18:00:00,2187.17,purchase
68,1310,68,2023-01-03 19:00:00,0.0,purchase
69,416,69,2023-01-03 20:00:00,0.0,purchase
70,6692,70,2023-01-03 21:00:00,0.0,purchase
71,17892,71,2023-01-03 22:00:00,0.0,purchase
72,5436,72,2023-01-03 23:00:00,3031.08,purchase
73,8094,73,2023-01-04 00:00:00,2075.92,purchase
74,16995,74,2023-01-04 01:00:00,0.0,purchase
75,11454,75,2023-01-04 02:00:00,221.21,purchase
76,12175,76,2023-01-04 03:00:00,1220.8,purchase
77,16065,77,2023-01-04 04:00:00,1273.4,purchase
78,8671,78,2023-01-04 05:00:00,0.0,purchase
79,4040,79,2023-01-04 06:00:00,0.0,purchase
80,3908,80,2023-01-04 07:00:00,2852.61,purchase
81,14814,81,2023-01-04 08:00:00,0.0,purchase
82,17530,82,2023-01-04 09:00:00,554.6,purchase
83,6561,83,2023-01-04 10:00:00,2565.44,purchase
84,16021,84,2023-01-04 11:00:00,181.79,purchase
85,12590,85,2023-01-04 12:00:00,2820.54,purchase
86,4335,86,2023-01-04 13:00:00,791.4,purchase
87,12566,87,2023-01-04 14:00:00,3183.87,purchase
88,6463,88,2023-01-04 15:00:00,0.0,purchase
89,11629,89,2023-01-04 16:00:00,2277.03,purchase
90,10673,90,2023-01-04 17:00:00,0.0,purchase
91,9958,91,2023-01-04 18:00:00,679.61,purchase
92,8932,92,2023-01-04 19:00:00,1476.33,purchase
93,18757,93,2023-01-04 20:00:00,1024.72,purchase
94,1639,94,2023-01-04 21:00:00,83.76,purchase
95,4484,95,2023-01-04 22:00:00,1737.85,purchase
96,9731,96,2023-01-04 23:00:00,2059.11,purchase
97,70,97,2023-01-05 00:00:00,0.0,purchase
98,19023,98,2023-01-05 01:00:00,2795.42,purchase
99,4974,99,2023-01-05 02:00:00,1594.54,purchase
100,15249,100,2023-01-05 03:00:00,592.83,purchase
101,10154,101,2023-01-05 04:00:00,701.55,purchase
102,10502,102,2023-01-05 05:00:00,0.0,purchase
103,3933,103,2023-01-05 06:00:00,0.0,purchase
104,7622,104,2023-01-05 07:00:00,1403.37,purchase
105,1994,105,2023-01-05 08:00:00,3253.73,purchase
106,11658,106,2023-01-05 09:00:00,11.89,purchase
107,3333,107,2023-01-05 10:00:00,0.0,purchase
108,542,108,2023-01-05 11:00:00,1361.48,purchase
109,18664,109,2023-01-05 12:00:00,0.0,purchase
110,2223,110,2023-01-05 13:00:00,169.93,purchase
111,11181,111,2023-01-05 14:00:00,850.75,purchase
112,2501,112,2023-01-05 15:00:00,0.0,purchase
113,18488,113,2023-01-05 16:00:00,1161.37,purchase
114,15141,114,2023-01-05 17:00:00,0.0,purchase
115,3193,115,2023-01-05 18:00:00,1007.48,purchase
116,1181,116,2023-01-05 19:00:00,1206.21,purchase
117,13277,117,2023-01-05 20:00:00,1221.07,purchase
118,11514,118,2023-01-05 21:00:00,478.17,purchase
119,17505,119,2023-01-05 22:00:00,0.0,purchase
120,14026,120,2023-01-05 23:00:00,1714.95,purchase
121,13784,121,2023-01-06 00:00:00,0.0,purchase
122,9513,122,2023-01-06 01:00:00,824.81,purchase
123,12584,123,2023-01-06 02:00:00,0.0,purchase
124,12455,124,2023-01-06 03:00:00,2433.92,purchase
125,19573,125,2023-01-06 04:00:00,0.0,purchase
126,14140,126,2023-01-06 05:00:00,0.0,purchase
127,1332,127,2023-01-06 06:00:00,1529.45,purchase
128,1489,128,2023-01-06 07:00:00,3011.57,purchase
129,2749,129,2023-01-06 08:00:00,1962.82,purchase
130,12107,130,2023-01-06 09:00:00,1946.83,purchase
131,1818,131,2023-01-06 10:00:00,813.67,purchase
132,5545,132,2023-01-06 11:00:00,615.06,purchase
133,14026,133,2023-01-06 12:00:00,1434.68,purchase
134,17218,134,2023-01-06 13:00:00,142.6,purchase
135,1297,135,2023-01-06 14:00:00,743.6,purchase
136,9760,136,2023-01-06 15:00:00,1039.45,purchase
137,2436,137,2023-01-06 16:00:00,616.8,purchase
138,1415,138,2023-01-06 17:00:00,1487.01,purchase
139,4648,139,2023-01-06 18:00:00,964.3,purchase
140,12419,140,2023-01-06 19:00:00,2471.37,purchase
141,3731,141,2023-01-06 20:00:00,0.0,purchase
142,1378,142,2023-01-06 21:00:00,0.0,purchase
143,16040,143,2023-01-06 22:00:00,836.63,purchase
144,6814,144,2023-01-06 23:00:00,0.0,purchase
145,1656,145,2023-01-07 00:00:00,0.0,purchase
146,12005,146,2023-01-07 01:00:00,0.0,purchase
147,11445,147,2023-01-07 02:00:00,877.4,purchase
148,1857,148,2023-01-07 03:00:00,1383.71,purchase
149,1006,149,2023-01-07 04:00:00,0.0,purchase
150,3854,150,2023-01-07 05:00:00,1351.38,purchase
151,12657,151,2023-01-07 06:00:00,0.0,purchase
152,17120,152,2023-01-07 07:00:00,267.78,purchase
153,14005,153,2023-01-07 08:00:00,926.34,purchase
154,9841,154,2023-01-07 09:00:00,2373.15,purchase
155,14447,155,2023-01-07 10:00:00,0.0,purchase
156,1332,156,2023-01-07 11:00:00,1471.34,purchase
157,7364,157,2023-01-07 12:00:00,2474.63,purchase
158,10502,158,2023-01-07 13:00:00,787.36,purchase
159,1344,159,2023-01-07 14:00:00,0.0,purchase
160,202,160,2023-01-07 15:00:00,4043.87,purchase
161,11019,161,2023-01-07 16:00:00,0.0,purchase
162,16166,162,2023-01-07 17:00:00,2303.84,purchase
163,6246,163,2023-01-07 18:00:00,2360.24,purchase
164,14681,164,2023-01-07 19:00:00,410.44,purchase
165,4069,165,2023-01-07 20:00:00,1381.96,purchase
166,7422,166,2023-01-07 21:00:00,1199.08,purchase
167,443,167,2023-01-07 22:00:00,573.39,purchase
168,9107,168,2023-01-07 23:00:00,0.0,purchase
169,9428,169,2023-01-08 00:00:00,2815.81,purchase
170,10920,170,2023-01-08 01:00:00,509.29,purchase
171,16065,171,2023-01-08 02:00:00,1485.01,purchase
172,2187,172,2023-01-08 03:00:00,166.96,purchase
173,13843,173,2023-01-08 04:00:00,1398.61,purchase
174,15157,174,2023-01-08 05:00:00,1797.67,purchase
175,11784,175,2023-01-08 06:00:00,0.0,purchase
176,19763,176,2023-01-08 07:00:00,599.45,purchase
177,15779,177,2023-01-08 08:00:00,0.0,purchase
178,19023,178,2023-01-08 09:00:00,0.0,purchase
179,2269,179,2023-01-08 10:00:00,2694.23,purchase
180,10353,180,2023-01-08 11:00:00,609.47,purchase
181,15930,181,2023-01-08 12:00:00,288.4,purchase
182,14657,182,2023-01-08 13:00:00,1223.25,purchase
183,19638,183,2023-01-08 14:00:00,2817.36,purchase
184,12105,184,2023-01-08 15:00:00,0.0,purchase
185,6246,185,2023-01-08 16:00:00,1270.28,purchase
186,5278,186,2023-01-08 17:00:00,0.0,purchase
187,18118,187,2023-01-08 18:00:00,0.0,purchase
188,8671,188,2023-01-08 19:00:00,610.13,purchase
189,3731,189,2023-01-08 20:00:00,475.07,purchase
190,1999,190,2023-01-08 21:00:00,0.0,purchase
191,19479,191,2023-01-08 22:00:00,1505.09,purchase
192,1378,192,2023-01-08 23:00:00,3269.07,purchase
193,17514,193,2023-01-09 00:00:00,856.65,purchase
194,15515,194,2023-01-09 01:00:00,0.0,purchase
195,15001,195,2023-01-09 02:00:00,2228.24,purchase
196,19253,196,2023-01-09 03:00:00,0.0,purchase
197,5157,197,2023-01-09 04:00:00,2306.99,purchase
198,6264,198,2023-01-09 05:00:00,192.79,purchase
199,280,199,2023-01-09 06:00:00,0.0,purchase
200,15223,200,2023-01-09 07:00:00,0.0,purchase
201,691,201,2023-01-09 08:00:00,488.11,purchase
202,1491,202,2023-01-09 09:00:00,2881.85,purchase
203,4724,203,2023-01-09 10:00:00,0.0,purchase
204,1999,204,2023-01-09 11:00:00,2365.13,purchase
205,8277,205,2023-01-09 12:00:00,625.43,purchase
206,13735,206,2023-01-09 13:00:00,1771.6,purchase
207,3006,207,2023-01-09 14:00:00,722.19,purchase
208,16944,208,2023-01-09 15:00:00,3468.24,purchase
209,1435,209,2023-01-09 16:00:00,362.47,purchase
210,4647,210,2023-01-09 17:00:00,56.4,purchase
211,4552,211,2023-01-09 18:00:00,2076.36,purchase
212,15171,212,2023-01-09 19:00:00,1443.96,purchase
213,2821,213,2023-01-09 20:00:00,2569.66,purchase
214,3685,214,2023-01-09 21:00:00,1234.97,purchase
215,202,215,2023-01-09 22:00:00,1297.84,purchase
216,4801,216,2023-01-09 23:00:00,0.0,purchase
217,10952,217,2023-01-10 00:00:00,2207.37,purchase
218,15561,218,2023-01-10 01:00:00,0.0,purchase
219,4333,219,2023-01-10 02:00:00,553.96,purchase
220,15444,220,2023-01-10 03:00:00,2611.25,purchase
221,15171,221,2023-01-10 04:00:00,1587.68,purchase
222,17187,222,2023-01-10 05:00:00,0.0,purchase
223,202,223,2023-01-10 06:00:00,0.0,purchase
224,10917,224,2023-01-10 07:00:00,102.07,purchase
225,14778,225,2023-01-10 08:00:00,2280.09,purchase
226,12676,226,2023-01-10 09:00:00,316.0,purchase
227,8653,227,2023-01-10 10:00:00,0.0,purchase
228,14581,228,2023-01-10 11:00:00,1494.88,purchase
229,16753,229,2023-01-10 12:00:00,0.0,purchase
230,18765,230,2023-01-10 13:00:00,0.0,purchase
231,9746,231,2023-01-10 14:00:00,0.0,purchase
232,7128,232,2023-01-10 15:00:00,530.81,purchase
233,11956,233,2023-01-10 16:00:00,0.0,purchase
234,13040,234,2023-01-10 17:00:00,0.0,purchase
235,6100,235,2023-01-10 18:00:00,1547.44,purchase
236,16054,236,2023-01-10 19:00:00,0.0,purchase
237,11677,237,2023-01-10 20:00:00,684.29,purchase
238,16131,238,2023-01-10 21:00:00,0.0,purchase
239,8653,239,2023-01-10 22:00:00,2188.79,purchase
240,10903,240,2023-01-10 23:00:00,2072.25,purchase
241,15561,241,2023-01-11 00:00:00,0.0,purchase
242,227,242,2023-01-11 01:00:00,144.86,purchase
243,12738,243,2023-01-11 02:00:00,632.88,purchase
244,3919,244,2023-01-11 03:00:00,763.17,purchase
245,8687,245,2023-01-11 04:00:00,0.0,purchase
246,10150,246,2023-01-11 05:00:00,0.0,purchase
247,5813,247,2023-01-11 06:00:00,938.49,purchase
248,682,248,2023-01-11 07:00:00,0.0,purchase
249,12332,249,2023-01-11 08:00:00,1150.03,purchase
250,17968,250,2023-01-11 09:00:00,2004.28,purchase
251,946,251,2023-01-11 10:00:00,1144.64,purchase
252,5010,252,2023-01-11 11:00:00,741.88,purchase
253,9397,253,2023-01-11 12:00:00,83.54,purchase
254,1253,254,2023-01-11 13:00:00,0.0,purchase
255,16553,255,2023-01-11 14:00:00,1440.31,purchase
256,546,256,2023-01-11 15:00:00,380.0,purchase
257,7948,257,2023-01-11 16:00:00,554.57,purchase
258,9746,258,2023-01-11 17:00:00,820.3,purchase
259,8168,259,2023-01-11 18:00:00,728.84,purchase
260,10343,260,2023-01-11 19:00:00,0.0,purchase
261,9538,261,2023-01-11 20:00:00,452.88,purchase
262,1444,262,2023-01-11 21:00:00,426.66,purchase
263,16910,263,2023-01-11 22:00:00,1514.07,purchase
264,10425,264,2023-01-11 23:00:00,3281.74,purchase
265,2810,265,2023-01-12 00:00:00,1202.47,purchase
266,8546,266,2023-01-12 01:00:00,0.0,purchase
267,4352,267,2023-01-12 02:00:00,543.67,purchase
268,16949,268,2023-01-12 03:00:00,2908.75,purchase
269,6002,269,2023-01-12 04:00:00,0.0,purchase
270,1970,270,2023-01-12 05:00:00,2173.06,purchase
271,18503,271,2023-01-12 06:00:00,2723.84,purchase
272,7034,272,2023-01-12 07:00:00,1413.14,purchase
273,3920,273,2023-01-12 08:00:00,739.46,purchase
274,10284,274,2023-01-12 09:00:00,0.0,purchase
275,8168,275,2023-01-12 10:00:00,0.0,purchase
276,6088,276,2023-01-12 11:00:00,309.57,purchase
277,15273,277,2023-01-12 12:00:00,2422.32,purchase
278,12651,278,2023-01-12 13:00:00,0.0,purchase
279,178,279,2023-01-12 14:00:00,710.97,purchase
280,16204,280,2023-01-12 15:00:00,970.48,purchase
281,16139,281,2023-01-12 16:00:00,247.61,purchase
282,10150,282,2023-01-12 17:00:00,470.22,purchase
283,14940,283,2023-01-12 18:00:00,1134.2,purchase
284,902,284,2023-01-12 19:00:00,0.0,purchase
285,557,285,2023-01-12 20:00:00,949.33,purchase
286,7544,286,2023-01-12 21:00:00,0.0,purchase
287,10862,287,2023-01-12 22:00:00,759.13,purchase
288,6633,288,2023-01-12 23:00:00,0.0,purchase
289,8039,289,2023-01-13 00:00:00,0.0,purchase
290,5532,290,2023-01-13 01:00:00,2735.86,purchase
291,13658,291,2023-01-13 02:00:00,578.79,purchase
292,7442,292,2023-01-13 03:00:00,0.0,purchase
293,19259,293,2023-01-13 04:00:00,3194.53,purchase
294,8362,294,2023-01-13 05:00:00,1413.18,purchase
295,2132,295,2023-01-13 06:00:00,1193.96,purchase
296,10082,296,2023-01-13 07:00:00,524.34,purchase
297,14584,297,2023-01-13 08:00:00,1974.57,purchase
298,8844,298,2023-01-13 09:00:00,333.82,purchase
299,16824,299,2023-01-13 10:00:00,947.57,purchase
300,3073,300,2023-01-13 11:00:00,2297.7,purchase
301,10400,301,2023-01-13 12:00:00,359.06,purchase
302,8016,302,2023-01-13 13:00:00,0.0,purchase
303,6456,303,2023-01-13 14:00:00,0.0,purchase
304,14662,304,2023-01-13 15:00:00,1770.79,purchase
305,13657,305,2023-01-13 16:00:00,2256.03,purchase
306,6772,306,2023-01-13 17:00:00,0.0,purchase
307,19311,307,2023-01-13 18:00:00,38.59,purchase
308,5025,308,2023-01-13 19:00:00,611.96,purchase
309,17548,309,2023-01-13 20:00:00,0.0,purchase
310,6175,310,2023-01-13 21:00:00,0.0,purchase
311,11958,311,2023-01-13 22:00:00,1325.52,purchase
312,12796,312,2023-01-13 23:00:00,724.59,purchase
313,12274,313,2023-01-14 00:00:00,1053.58,purchase
314,3067,314,2023-01-14 01:00:00,0.0,purchase
315,12809,315,2023-01-14 02:00:00,0.0,purchase
316,4351,316,2023-01-14 03:00:00,0.0,purchase
317,589,317,2023-01-14 04:00:00,768.11,purchase
318,4351,318,2023-01-14 05:00:00,371.0,purchase
319,11176,319,2023-01-14 06:00:00,2391.94,purchase
320,2352,320,2023-01-14 07:00:00,2934.62,purchase
321,2544,321,2023-01-14 08:00:00,2599.05,purchase
322,7319,322,2023-01-14 09:00:00,0.0,purchase
323,3048,323,2023-01-14 10:00:00,2157.36,purchase
324,18249,324,2023-01-14 11:00:00,266.81,purchase
325,19153,325,2023-01-14 12:00:00,2843.55,purchase
326,2845,326,2023-01-14 13:00:00,0.0,purchase
327,8547,327,2023-01-14 14:00:00,263.44,purchase
328,2724,328,2023-01-14 15:00:00,0.0,purchase
329,4247,329,2023-01-14 16:00:00,2172.72,purchase
330,16790,330,2023-01-14 17:00:00,1904.59,purchase
331,14044,331,2023-01-14 18:00:00,2645.77,purchase
332,15582,332,2023-01-14 19:00:00,443.25,purchase
333,15145,333,2023-01-14 20:00:00,234.85,purchase
334,5650,334,2023-01-14 21:00:00,2413.52,purchase
335,14362,335,2023-01-14 22:00:00,365.77,purchase
336,12796,336,2023-01-14 23:00:00,3695.93,purchase
337,12811,337,2023-01-15 00:00:00,0.0,purchase
338,12577,338,2023-01-15 01:00:00,182.24,purchase
339,3572,339,2023-01-15 02:00:00,0.0,purchase
340,12513,340,2023-01-15 03:00:00,21.68,purchase
341,66,341,2023-01-15 04:00:00,1767.94,purchase
342,16204,342,2023-01-15 05:00:00,0.0,purchase
343,3642,343,2023-01-15 06:00:00,0.0,purchase
344,4323,344,2023-01-15 07:00:00,0.0,purchase
345,1782,345,2023-01-15 08:00:00,1690.46,purchase
346,3876,346,2023-01-15 09:00:00,2873.82,purchase
347,15315,347,2023-01-15 10:00:00,0.0,purchase
348,6837,348,2023-01-15 11:00:00,0.0,purchase
349,1673,349,2023-01-15 12:00:00,1852.95,purchase
350,17002,350,2023-01-15 13:00:00,0.0,purchase
351,4198,351,2023-01-15 14:00:00,0.0,purchase
352,15145,352,2023-01-15 15:00:00,847.04,purchase
353,178,353,2023-01-15 16:00:00,0.0,purchase
354,7870,354,2023-01-15 17:00:00,0.0,purchase
355,10536,355,2023-01-15 18:00:00,0.0,purchase
356,5763,356,2023-01-15 19:00:00,1627.06,purchase
357,16139,357,2023-01-15 20:00:00,0.0,purchase
358,11878,358,2023-01-15 21:00:00,1557.16,purchase
359,19179,359,2023-01-15 22:00:00,867.0,purchase
360,15050,360,2023-01-15 23:00:00,487.35,purchase
361,16885,361,2023-01-16 00:00:00,375.94,purchase
362,16252,362,2023-01-16 01:00:00,0.0,purchase
363,15941,363,2023-01-16 02:00:00,2575.42,purchase
364,3953,364,2023-01-16 03:00:00,364.12,purchase
365,1253,365,2023-01-16 04:00:00,0.0,purchase
366,3172,366,2023-01-16 05:00:00,731.79,purchase
367,6355,367,2023-01-16 06:00:00,1963.65,purchase
368,18863,368,2023-01-16 07:00:00,2133.24,purchase
369,7332,369,2023-01-16 08:00:00,953.88,purchase
370,19899,370,2023-01-16 09:00:00,1186.98,purchase
371,15582,371,2023-01-16 10:00:00,153.06,purchase
372,1829,372,2023-01-16 11:00:00,1517.63,purchase
373,9136,373,2023-01-16 12:00:00,0.0,purchase
374,13562,374,2023-01-16 13:00:00,661.6,purchase
375,463,375,2023-01-16 14:00:00,444.68,purchase
376,8321,376,2023-01-16 15:00:00,0.0,purchase
377,285,377,2023-01-16 16:00:00,1803.13,purchase
378,12572,378,2023-01-16 17:00:00,0.0,purchase
379,739,379,2023-01-16 18:00:00,552.47,purchase
380,9634,380,2023-01-16 19:00:00,0.0,purchase
381,13668,381,2023-01-16 20:00:00,0.0,purchase
382,13708,382,2023-01-16 21:00:00,1178.78,purchase
383,1863,383,2023-01-16 22:00:00,0.0,purchase
384,7552,384,2023-01-16 23:00:00,2339.25,purchase
385,10248,385,2023-01-17 00:00:00,184.48,purchase
386,2393,386,2023-01-17 01:00:00,1861.16,purchase
387,11696,387,2023-01-17 02:00:00,328.96,purchase
388,7521,388,2023-01-17 03:00:00,0.0,purchase
389,8509,389,2023-01-17 04:00:00,0.0,purchase
390,3067,390,2023-01-17 05:00:00,0.0,purchase
391,5417,391,2023-01-17 06:00:00,980.65,purchase
392,10132,392,2023-01-17 07:00:00,1467.43,purchase
393,13870,393,2023-01-17 08:00:00,1105.84,purchase
394,3047,394,2023-01-17 09:00:00,120.45,purchase
395,15906,395,2023-01-17 10:00:00,2090.54,purchase
396,14542,396,2023-01-17 11:00:00,1860.65,purchase
397,2775,397,2023-01-17 12:00:00,3113.97,purchase
398,373,398,2023-01-17 13:00:00,1973.1,purchase
399,17232,399,2023-01-17 14:00:00,430.3,purchase
400,9662,400,2023-01-17 15:00:00,511.46,purchase
401,16139,401,2023-01-17 16:00:00,1503.24,purchase
402,13637,402,2023-01-17 17:00:00,0.0,purchase
403,2393,403,2023-01-17 18:00:00,97.0,purchase
404,11715,404,2023-01-17 19:00:00,0.0,purchase
405,7667,405,2023-01-17 20:00:00,1270.33,purchase
406,19968,406,2023-01-17 21:00:00,309.87,purchase
407,2775,407,2023-01-17 22:00:00,0.0,purchase
408,19388,408,2023-01-17 23:00:00,381.53,purchase
409,17680,409,2023-01-18 00:00:00,76.88,purchase
410,15158,410,2023-01-18 01:00:00,783.43,purchase
411,920,411,2023-01-18 02:00:00,2424.2,purchase
412,3047,412,2023-01-18 03:00:00,0.0,purchase
413,5884,413,2023-01-18 04:00:00,0.0,purchase
414,15078,414,2023-01-18 05:00:00,1302.68,purchase
415,3076,415,2023-01-18 06:00:00,285.61,purchase
416,14318,416,2023-01-18 07:00:00,2506.69,purchase
417,201,417,2023-01-18 08:00:00,996.94,purchase
418,12486,418,2023-01-18 09:00:00,0.0,purchase
419,12968,419,2023-01-18 10:00:00,412.02,purchase
420,5036,420,2023-01-18 11:00:00,0.0,purchase
421,2590,421,2023-01-18 12:00:00,1797.78,purchase
422,2393,422,2023-01-18 13:00:00,1920.98,purchase
423,4489,423,2023-01-18 14:00:00,1772.19,purchase
424,8483,424,2023-01-18 15:00:00,374.28,purchase
425,89,425,2023-01-18 16:00:00,3282.95,purchase
426,1698,426,2023-01-18 17:00:00,2100.8,purchase
427,7332,427,2023-01-18 18:00:00,0.0,purchase
428,230,428,2023-01-18 19:00:00,0.0,purchase
429,14448,429,2023-01-18 20:00:00,2569.19,purchase
430,12884,430,2023-01-18 21:00:00,0.0,purchase
431,12811,431,2023-01-18 22:00:00,3454.39,purchase
432,16037,432,2023-01-18 23:00:00,181.0,purchase
433,18402,433,2023-01-19 00:00:00,944.24,purchase
434,16821,434,2023-01-19 01:00:00,2655.27,purchase
435,2429,435,2023-01-19 02:00:00,789.95,purchase
436,14397,436,2023-01-19 03:00:00,1600.83,purchase
437,16443,437,2023-01-19 04:00:00,555.82,purchase
438,986,438,2023-01-19 05:00:00,1275.61,purchase
439,7378,439,2023-01-19 06:00:00,948.8,purchase
440,1194,440,2023-01-19 07:00:00,0.0,purchase
441,11555,441,2023-01-19 08:00:00,0.0,purchase
442,9209,442,2023-01-19 09:00:00,2847.54,purchase
443,7922,443,2023-01-19 10:00:00,574.35,purchase
444,5214,444,2023-01-19 11:00:00,0.0,purchase
445,12366,445,2023-01-19 12:00:00,563.97,purchase
446,483,446,2023-01-19 13:00:00,0.0,purchase
447,8711,447,2023-01-19 14:00:00,0.0,purchase
448,17510,448,2023-01-19 15:00:00,0.0,purchase
449,3420,449,2023-01-19 16:00:00,0.0,purchase
450,2775,450,2023-01-19 17:00:00,1343.39,purchase
451,2499,451,2023-01-19 18:00:00,72.19,purchase
452,3181,452,2023-01-19 19:00:00,965.45,purchase
453,13289,453,2023-01-19 20:00:00,2669.69,purchase
454,220,454,2023-01-19 21:00:00,379.56,purchase
455,3299,455,2023-01-19 22:00:00,1590.6,purchase
456,8562,456,2023-01-19 23:00:00,0.0,purchase
457,3521,457,2023-01-20 00:00:00,849.63,purchase
458,9775,458,2023-01-20 01:00:00,400.82,purchase
459,14329,459,2023-01-20 02:00:00,280.99,purchase
460,17904,460,2023-01-20 03:00:00,1710.27,purchase
461,7231,461,2023-01-20 04:00:00,0.0,purchase
462,8349,462,2023-01-20 05:00:00,0.0,purchase
463,14768,463,2023-01-20 06:00:00,1712.16,purchase
464,10949,464,2023-01-20 07:00:00,1102.42,purchase
465,17083,465,2023-01-20 08:00:00,1355.31,purchase
466,6906,466,2023-01-20 09:00:00,114.37,purchase
467,19118,467,2023-01-20 10:00:00,1861.44,purchase
468,18609,468,2023-01-20 11:00:00,1949.9,purchase
469,17714,469,2023-01-20 12:00:00,0.0,purchase
470,15295,470,2023-01-20 13:00:00,0.0,purchase
471,13724,471,2023-01-20 14:00:00,608.12,purchase
472,17114,472,2023-01-20 15:00:00,0.0,purchase
473,1147,473,2023-01-20 16:00:00,272.93,purchase
474,13333,474,2023-01-20 17:00:00,3723.34,purchase
475,2979,475,2023-01-20 18:00:00,1167.42,purchase
476,6724,476,2023-01-20 19:00:00,956.12,purchase
477,19736,477,2023-01-20 20:00:00,0.0,purchase
478,11752,478,2023-01-20 21:00:00,408.82,purchase
479,1128,479,2023-01-20 22:00:00,1722.89,purchase
480,4011,480,2023-01-20 23:00:00,1279.87,purchase
481,600,481,2023-01-21 00:00:00,2693.51,purchase
482,5665,482,2023-01-21 01:00:00,0.0,purchase
483,3521,483,2023-01-21 02:00:00,0.0,purchase
484,2150,484,2023-01-21 03:00:00,1592.88,purchase
485,8816,485,2023-01-21 04:00:00,0.0,purchase
486,9054,486,2023-01-21 05:00:00,0.0,purchase
487,12784,487,2023-01-21 06:00:00,180.21,purchase
488,12285,488,2023-01-21 07:00:00,120.19,purchase
489,5507,489,2023-01-21 08:00:00,0.0,purchase
490,9256,490,2023-01-21 09:00:00,2234.14,purchase
491,7667,491,2023-01-21 10:00:00,0.0,purchase
492,16044,492,2023-01-21 11:00:00,0.0,purchase
493,9998,493,2023-01-21 12:00:00,0.0,purchase
494,4581,494,2023-01-21 13:00:00,0.0,purchase
495,132,495,2023-01-21 14:00:00,5127.58,purchase
496,3550,496,2023-01-21 15:00:00,1561.97,purchase
497,7667,497,2023-01-21 16:00:00,695.62,purchase
498,14503,498,2023-01-21 17:00:00,0.0,purchase
499,6859,499,2023-01-21 18:00:00,0.0,purchase
500,7085,500,2023-01-21 19:00:00,0.0,purchase
501,10124,501,2023-01-21 20:00:00,1632.79,purchase
502,15947,502,2023-01-21 21:00:00,0.0,purchase
503,530,503,2023-01-21 22:00:00,2277.2,purchase
504,17852,504,2023-01-21 23:00:00,0.0,purchase
505,2238,505,2023-01-22 00:00:00,1498.25,purchase
506,18542,506,2023-01-22 01:00:00,0.0,purchase
507,13356,507,2023-01-22 02:00:00,1566.94,purchase
508,11622,508,2023-01-22 03:00:00,0.0,purchase
509,12196,509,2023-01-22 04:00:00,660.38,purchase
510,9378,510,2023-01-22 05:00:00,934.45,purchase
511,14193,511,2023-01-22 06:00:00,0.0,purchase
512,14167,512,2023-01-22 07:00:00,1745.76,purchase
513,9008,513,2023-01-22 08:00:00,1566.88,purchase
514,16125,514,2023-01-22 09:00:00,185.05,purchase
515,13096,515,2023-01-22 10:00:00,0.0,purchase
516,2382,516,2023-01-22 11:00:00,0.0,purchase
517,18913,517,2023-01-22 12:00:00,0.0,purchase
518,883,518,2023-01-22 13:00:00,1620.44,purchase
519,17636,519,2023-01-22 14:00:00,0.0,purchase
520,15071,520,2023-01-22 15:00:00,0.0,purchase
521,7020,521,2023-01-22 16:00:00,925.04,purchase
522,14746,522,2023-01-22 17:00:00,640.85,purchase
523,18522,523,2023-01-22 18:00:00,1229.07,purchase
524,16059,524,2023-01-22 19:00:00,2025.5,purchase
525,10387,525,2023-01-22 20:00:00,0.0,purchase
526,470,526,2023-01-22 21:00:00,1196.97,purchase
527,17882,527,2023-01-22 22:00:00,193.82,purchase
528,9172,528,2023-01-22 23:00:00,1219.33,purchase
529,19971,529,2023-01-23 00:00:00,0.0,purchase
530,19609,530,2023-01-23 01:00:00,0.0,purchase
531,12198,531,2023-01-23 02:00:00,0.0,purchase
532,9608,532,2023-01-23 03:00:00,50.06,purchase
533,5541,533,2023-01-23 04:00:00,611.22,purchase
534,9393,534,2023-01-23 05:00:00,97.42,purchase
535,14653,535,2023-01-23 06:00:00,0.0,purchase
536,6462,536,2023-01-23 07:00:00,311.49,purchase
537,7488,537,2023-01-23 08:00:00,0.0,purchase
538,7309,538,2023-01-23 09:00:00,0.0,purchase
539,6144,539,2023-01-23 10:00:00,0.0,purchase
540,8002,540,2023-01-23 11:00:00,1443.17,purchase
541,470,541,2023-01-23 12:00:00,326.38,purchase
542,82,542,2023-01-23 13:00:00,0.0,purchase
543,15979,543,2023-01-23 14:00:00,4651.52,purchase
544,13493,544,2023-01-23 15:00:00,0.0,purchase
545,16935,545,2023-01-23 16:00:00,0.0,purchase
546,5495,546,2023-01-23 17:00:00,1234.21,purchase
547,3985,547,2023-01-23 18:00:00,0.0,purchase
548,1088,548,2023-01-23 19:00:00,407.76,purchase
549,9393,549,2023-01-23 20:00:00,1705.01,purchase
550,11246,550,2023-01-23 21:00:00,2582.34,purchase
551,7735,551,2023-01-23 22:00:00,699.02,purchase
552,9257,552,2023-01-23 23:00:00,1777.51,purchase
553,18520,553,2023-01-24 00:00:00,797.58,purchase
554,7744,554,2023-01-24 01:00:00,1011.75,purchase
555,13833,555,2023-01-24 02:00:00,2314.45,purchase
556,17410,556,2023-01-24 03:00:00,0.0,purchase
557,10212,557,2023-01-24 04:00:00,0.0,purchase
558,19214,558,2023-01-24 05:00:00,1825.65,purchase
559,16801,559,2023-01-24 06:00:00,2225.99,purchase
560,13128,560,2023-01-24 07:00:00,0.0,purchase
561,14746,561,2023-01-24 08:00:00,0.0,purchase
562,7327,562,2023-01-24 09:00:00,895.65,purchase
563,15720,563,2023-01-24 10:00:00,143.63,purchase
564,17083,564,2023-01-24 11:00:00,0.0,purchase
565,2317,565,2023-01-24 12:00:00,0.0,purchase
566,17779,566,2023-01-24 13:00:00,2023.06,purchase
567,2116,567,2023-01-24 14:00:00,1635.22,purchase
568,4848,568,2023-01-24 15:00:00,0.0,purchase
569,8002,569,2023-01-24 16:00:00,2182.54,purchase
570,17156,570,2023-01-24 17:00:00,0.0,purchase
571,987,571,2023-01-24 18:00:00,0.0,purchase
572,11289,572,2023-01-24 19:00:00,579.53,purchase
573,8209,573,2023-01-24 20:00:00,1985.7,purchase
574,8316,574,2023-01-24 21:00:00,1384.7,purchase
575,11236,575,2023-01-24 22:00:00,199.01,purchase
576,13356,576,2023-01-24 23:00:00,557.22,purchase
577,2405,577,2023-01-25 00:00:00,0.0,purchase
578,8909,578,2023-01-25 01:00:00,656.74,purchase
579,11159,579,2023-01-25 02:00:00,0.0,purchase
580,19784,580,2023-01-25 03:00:00,823.15,purchase
581,4562,581,2023-01-25 04:00:00,0.0,purchase
582,8209,582,2023-01-25 05:00:00,1337.67,purchase
583,5924,583,2023-01-25 06:00:00,14.81,purchase
584,19675,584,2023-01-25 07:00:00,326.96,purchase
585,776,585,2023-01-25 08:00:00,0.0,purchase
586,4909,586,2023-01-25 09:00:00,2152.31,purchase
587,19025,587,2023-01-25 10:00:00,1974.7,purchase
588,9545,588,2023-01-25 11:00:00,1295.79,purchase
589,12299,589,2023-01-25 12:00:00,1435.24,purchase
590,4107,590,2023-01-25 13:00:00,42.21,purchase
591,11053,591,2023-01-25 14:00:00,1825.4,purchase
592,17882,592,2023-01-25 15:00:00,918.68,purchase
593,17031,593,2023-01-25 16:00:00,0.0,purchase
594,2858,594,2023-01-25 17:00:00,0.0,purchase
595,14533,595,2023-01-25 18:00:00,0.0,purchase
596,14490,596,2023-01-25 19:00:00,0.0,purchase
597,18024,597,2023-01-25 20:00:00,777.7,purchase
598,17646,598,2023-01-25 21:00:00,924.07,purchase
599,12182,599,2023-01-25 22:00:00,2947.88,purchase
600,16147,600,2023-01-25 23:00:00,0.0,purchase
601,9025,601,2023-01-26 00:00:00,886.46,purchase
602,9545,602,2023-01-26 01:00:00,3933.74,purchase
603,11116,603,2023-01-26 02:00:00,634.31,purchase
604,1155,604,2023-01-26 03:00:00,1917.77,purchase
605,5483,605,2023-01-26 04:00:00,120.5,purchase
606,12265,606,2023-01-26 05:00:00,1449.75,purchase
607,16437,607,2023-01-26 06:00:00,4183.42,purchase
608,14193,608,2023-01-26 07:00:00,626.98,purchase
609,15169,609,2023-01-26 08:00:00,1070.07,purchase
610,5160,610,2023-01-26 09:00:00,1371.96,purchase
611,16205,611,2023-01-26 10:00:00,746.73,purchase
612,13082,612,2023-01-26 11:00:00,0.0,purchase
613,18159,613,2023-01-26 12:00:00,0.0,purchase
614,9647,614,2023-01-26 13:00:00,488.19,purchase
615,12137,615,2023-01-26 14:00:00,2576.12,purchase
616,18011,616,2023-01-26 15:00:00,424.54,purchase
617,13595,617,2023-01-26 16:00:00,545.01,purchase
618,357,618,2023-01-26 17:00:00,1438.28,purchase
619,8771,619,2023-01-26 18:00:00,0.0,purchase
620,1737,620,2023-01-26 19:00:00,73.58,purchase
621,8317,621,2023-01-26 20:00:00,1517.1,purchase
622,7826,622,2023-01-26 21:00:00,0.0,purchase
623,18520,623,2023-01-26 22:00:00,0.0,purchase
624,3900,624,2023-01-26 23:00:00,1126.62,purchase
625,10922,625,2023-01-27 00:00:00,0.0,purchase
626,19609,626,2023-01-27 01:00:00,0.0,purchase
627,16861,627,2023-01-27 02:00:00,0.0,purchase
628,16850,628,2023-01-27 03:00:00,1418.58,purchase
629,13808,629,2023-01-27 04:00:00,0.0,purchase
630,7399,630,2023-01-27 05:00:00,0.0,purchase
631,4919,631,2023-01-27 06:00:00,2508.26,purchase
632,13896,632,2023-01-27 07:00:00,0.0,purchase
633,7399,633,2023-01-27 08:00:00,0.0,purchase
634,16994,634,2023-01-27 09:00:00,32.42,purchase
635,11160,635,2023-01-27 10:00:00,735.58,purchase
636,14008,636,2023-01-27 11:00:00,1440.14,purchase
637,8317,637,2023-01-27 12:00:00,0.0,purchase
638,10824,638,2023-01-27 13:00:00,0.0,purchase
639,11856,639,2023-01-27 14:00:00,0.0,purchase
640,3057,640,2023-01-27 15:00:00,1323.99,purchase
641,10542,641,2023-01-27 16:00:00,0.0,purchase
642,12463,642,2023-01-27 17:00:00,0.0,purchase
643,15902,643,2023-01-27 18:00:00,581.17,purchase
644,10617,644,2023-01-27 19:00:00,1535.56,purchase
645,4172,645,2023-01-27 20:00:00,132.69,purchase
646,17156,646,2023-01-27 21:00:00,0.0,purchase
647,9669,647,2023-01-27 22:00:00,1332.57,purchase
648,18195,648,2023-01-27 23:00:00,0.0,purchase
649,15715,649,2023-01-28 00:00:00,2708.74,purchase
650,5690,650,2023-01-28 01:00:00,1997.88,purchase
651,8209,651,2023-01-28 02:00:00,658.69,purchase
652,16605,652,2023-01-28 03:00:00,1447.51,purchase
653,10789,653,2023-01-28 04:00:00,1332.33,purchase
654,11209,654,2023-01-28 05:00:00,0.0,purchase
655,17400,655,2023-01-28 06:00:00,184.88,purchase
656,5363,656,2023-01-28 07:00:00,0.0,purchase
657,2807,657,2023-01-28 08:00:00,2034.24,purchase
658,19586,658,2023-01-28 09:00:00,1257.46,purchase
659,19760,659,2023-01-28 10:00:00,0.0,purchase
660,166,660,2023-01-28 11:00:00,1592.06,purchase
661,6819,661,2023-01-28 12:00:00,1337.53,purchase
662,10314,662,2023-01-28 13:00:00,0.0,purchase
663,8598,663,2023-01-28 14:00:00,158.58,purchase
664,8317,664,2023-01-28 15:00:00,2154.29,purchase
665,8792,665,2023-01-28 16:00:00,1578.43,purchase
666,2649,666,2023-01-28 17:00:00,0.0,purchase
667,5568,667,2023-01-28 18:00:00,1425.9,purchase
668,553,668,2023-01-28 19:00:00,0.0,purchase
669,10942,669,2023-01-28 20:00:00,1736.04,purchase
670,18627,670,2023-01-28 21:00:00,428.54,purchase
671,12265,671,2023-01-28 22:00:00,3633.22,purchase
672,15839,672,2023-01-28 23:00:00,0.0,purchase
673,2611,673,2023-01-29 00:00:00,0.0,purchase
674,10552,674,2023-01-29 01:00:00,150.97,purchase
675,12438,675,2023-01-29 02:00:00,689.94,purchase
676,12642,676,2023-01-29 03:00:00,1574.57,purchase
677,14938,677,2023-01-29 04:00:00,1523.59,purchase
678,6934,678,2023-01-29 05:00:00,0.0,purchase
679,9410,679,2023-01-29 06:00:00,2482.96,purchase
680,2493,680,2023-01-29 07:00:00,1513.93,purchase
681,11111,681,2023-01-29 08:00:00,551.09,purchase
682,16128,682,2023-01-29 09:00:00,2403.12,purchase
683,3972,683,2023-01-29 10:00:00,895.49,purchase
684,4385,684,2023-01-29 11:00:00,1515.45,purchase
685,11060,685,2023-01-29 12:00:00,0.0,purchase
686,3732,686,2023-01-29 13:00:00,657.32,purchase
687,11228,687,2023-01-29 14:00:00,1375.33,purchase
688,18650,688,2023-01-29 15:00:00,0.0,purchase
689,8113,689,2023-01-29 16:00:00,0.0,purchase
690,10385,690,2023-01-29 17:00:00,0.0,purchase
691,16388,691,2023-01-29 18:00:00,960.62,purchase
692,8972,692,2023-01-29 19:00:00,1660.65,purchase
693,10385,693,2023-01-29 20:00:00,0.0,purchase
694,13065,694,2023-01-29 21:00:00,0.0,purchase
695,9110,695,2023-01-29 22:00:00,0.0,purchase
696,6891,696,2023-01-29 23:00:00,2336.36,purchase
697,11456,697,2023-01-30 00:00:00,1034.05,purchase
698,10411,698,2023-01-30 01:00:00,1217.24,purchase
699,5307,699,2023-01-30 02:00:00,954.66,purchase
700,8847,700,2023-01-30 03:00:00,3029.18,purchase
701,1928,701,2023-01-30 04:00:00,3701.33,purchase
702,19365,702,2023-01-30 05:00:00,0.0,purchase
703,5580,703,2023-01-30 06:00:00,1641.49,purchase
704,2541,704,2023-01-30 07:00:00,0.0,purchase
705,13216,705,2023-01-30 08:00:00,1347.17,purchase
706,639,706,2023-01-30 09:00:00,1279.28,purchase
707,14901,707,2023-01-30 10:00:00,0.0,purchase
708,11230,708,2023-01-30 11:00:00,0.0,purchase
709,13038,709,2023-01-30 12:00:00,0.0,purchase
710,5950,710,2023-01-30 13:00:00,1962.92,purchase
711,3046,711,2023-01-30 14:00:00,548.06,purchase
712,10179,712,2023-01-30 15:00:00,0.0,purchase
713,19894,713,2023-01-30 16:00:00,350.2,purchase
714,10255,714,2023-01-30 17:00:00,1636.75,purchase
715,4614,715,2023-01-30 18:00:00,616.54,purchase
716,5947,716,2023-01-30 19:00:00,678.12,purchase
717,13741,717,2023-01-30 20:00:00,1280.74,purchase
718,10370,718,2023-01-30 21:00:00,901.43,purchase
719,4023,719,2023-01-30 22:00:00,2786.36,purchase
720,12842,720,2023-01-30 23:00:00,223.03,purchase
721,16306,721,2023-01-31 00:00:00,0.0,purchase
722,18859,722,2023-01-31 01:00:00,565.47,purchase
723,17630,723,2023-01-31 02:00:00,0.0,purchase
724,68,724,2023-01-31 03:00:00,732.24,purchase
725,16128,725,2023-01-31 04:00:00,0.0,purchase
726,292,726,2023-01-31 05:00:00,0.0,purchase
727,1661,727,2023-01-31 06:00:00,0.0,purchase
728,3233,728,2023-01-31 07:00:00,0.0,purchase
729,2518,729,2023-01-31 08:00:00,0.0,purchase
730,19181,730,2023-01-31 09:00:00,1628.61,purchase
731,11635,731,2023-01-31 10:00:00,684.34,purchase
732,11866,732,2023-01-31 11:00:00,1066.84,purchase
733,10029,733,2023-01-31 12:00:00,433.9,purchase
734,16608,734,2023-01-31 13:00:00,0.0,purchase
735,7326,735,2023-01-31 14:00:00,2135.45,purchase
736,15209,736,2023-01-31 15:00:00,3271.7,purchase
737,10617,737,2023-01-31 16:00:00,1212.63,purchase
738,6228,738,2023-01-31 17:00:00,2969.01,purchase
739,19265,739,2023-01-31 18:00:00,0.0,purchase
740,12466,740,2023-01-31 19:00:00,2711.16,purchase
741,410,741,2023-01-31 20:00:00,0.0,purchase
742,15406,742,2023-01-31 21:00:00,0.0,purchase
743,19275,743,2023-01-31 22:00:00,2830.94,purchase
744,4509,744,2023-01-31 23:00:00,0.0,purchase
745,6565,745,2023-02-01 00:00:00,2015.25,purchase
746,1778,746,2023-02-01 01:00:00,0.0,purchase
747,11222,747,2023-02-01 02:00:00,0.0,purchase
748,14036,748,2023-02-01 03:00:00,0.0,purchase
749,11749,749,2023-02-01 04:00:00,1081.31,purchase
750,3092,750,2023-02-01 05:00:00,2642.61,purchase
751,4073,751,2023-02-01 06:00:00,1417.96,purchase
752,359,752,2023-02-01 07:00:00,1902.74,purchase
753,14938,753,2023-02-01 08:00:00,611.46,purchase
754,5883,754,2023-02-01 09:00:00,955.47,purchase
755,19885,755,2023-02-01 10:00:00,1297.8,purchase
756,17546,756,2023-02-01 11:00:00,1980.43,purchase
757,10618,757,2023-02-01 12:00:00,0.0,purchase
758,2503,758,2023-02-01 13:00:00,45.86,purchase
759,10485,759,2023-02-01 14:00:00,1845.38,purchase
760,19745,760,2023-02-01 15:00:00,2284.23,purchase
761,15914,761,2023-02-01 16:00:00,1118.51,purchase
762,2242,762,2023-02-01 17:00:00,0.0,purchase
763,11512,763,2023-02-01 18:00:00,1038.19,purchase
764,4159,764,2023-02-01 19:00:00,0.0,purchase
765,8252,765,2023-02-01 20:00:00,758.43,purchase
766,6996,766,2023-02-01 21:00:00,157.86,purchase
767,94,767,2023-02-01 22:00:00,0.0,purchase
768,9777,768,2023-02-01 23:00:00,315.18,purchase
769,8640,769,2023-02-02 00:00:00,0.0,purchase
770,783,770,2023-02-02 01:00:00,2357.25,purchase
771,10272,771,2023-02-02 02:00:00,256.96,purchase
772,12360,772,2023-02-02 03:00:00,799.17,purchase
773,1608,773,2023-02-02 04:00:00,0.0,purchase
774,16505,774,2023-02-02 05:00:00,0.0,purchase
775,7221,775,2023-02-02 06:00:00,1681.41,purchase
776,8766,776,2023-02-02 07:00:00,2568.02,purchase
777,16518,777,2023-02-02 08:00:00,1187.17,purchase
778,4682,778,2023-02-02 09:00:00,3257.47,purchase
779,905,779,2023-02-02 10:00:00,550.46,purchase
780,4083,780,2023-02-02 11:00:00,982.18,purchase
781,3233,781,2023-02-02 12:00:00,0.0,purchase
782,6567,782,2023-02-02 13:00:00,172.72,purchase
783,6903,783,2023-02-02 14:00:00,864.15,purchase
784,8666,784,2023-02-02 15:00:00,428.5,purchase
785,10725,785,2023-02-02 16:00:00,2355.7,purchase
786,5951,786,2023-02-02 17:00:00,0.0,purchase
787,783,787,2023-02-02 18:00:00,961.91,purchase
788,11512,788,2023-02-02 19:00:00,0.0,purchase
789,997,789,2023-02-02 20:00:00,0.0,purchase
790,6616,790,2023-02-02 21:00:00,133.21,purchase
791,9110,791,2023-02-02 22:00:00,0.0,purchase
792,19824,792,2023-02-02 23:00:00,0.0,purchase
793,5917,793,2023-02-03 00:00:00,3191.36,purchase
794,279,794,2023-02-03 01:00:00,0.0,purchase
795,19402,795,2023-02-03 02:00:00,692.55,purchase
796,15650,796,2023-02-03 03:00:00,1031.17,purchase
797,12311,797,2023-02-03 04:00:00,173.22,purchase
798,5822,798,2023-02-03 05:00:00,0.0,purchase
799,6428,799,2023-02-03 06:00:00,1131.8,purchase
800,5233,800,2023-02-03 07:00:00,0.0,purchase
801,12166,801,2023-02-03 08:00:00,977.06,purchase
802,3196,802,2023-02-03 09:00:00,2388.49,purchase
803,6903,803,2023-02-03 10:00:00,2826.52,purchase
804,2237,804,2023-02-03 11:00:00,0.0,purchase
805,3328,805,2023-02-03 12:00:00,0.0,purchase
806,16625,806,2023-02-03 13:00:00,92.2,purchase
807,2480,807,2023-02-03 14:00:00,1178.94,purchase
808,3097,808,2023-02-03 15:00:00,1636.57,purchase
809,3462,809,2023-02-03 16:00:00,0.0,purchase
810,14535,810,2023-02-03 17:00:00,3262.96,purchase
811,14769,811,2023-02-03 18:00:00,2638.37,purchase
812,9988,812,2023-02-03 19:00:00,2829.01,purchase
813,6558,813,2023-02-03 20:00:00,2758.7,purchase
814,1463,814,2023-02-03 21:00:00,2234.93,purchase
815,6934,815,2023-02-03 22:00:00,2678.79,purchase
816,6447,816,2023-02-03 23:00:00,1306.79,purchase
817,17043,817,2023-02-04 00:00:00,268.8,purchase
818,4179,818,2023-02-04 01:00:00,0.0,purchase
819,5375,819,2023-02-04 02:00:00,3143.54,purchase
820,12087,820,2023-02-04 03:00:00,859.91,purchase
821,11725,821,2023-02-04 04:00:00,1388.9,purchase
822,5958,822,2023-02-04 05:00:00,992.99,purchase
823,15604,823,2023-02-04 06:00:00,0.0,purchase
824,18859,824,2023-02-04 07:00:00,63.48,purchase
825,13867,825,2023-02-04 08:00:00,0.0,purchase
826,8242,826,2023-02-04 09:00:00,1874.47,purchase
827,2537,827,2023-02-04 10:00:00,0.0,purchase
828,3241,828,2023-02-04 11:00:00,788.82,purchase
829,14079,829,2023-02-04 12:00:00,0.0,purchase
830,3843,830,2023-02-04 13:00:00,0.0,purchase
831,12425,831,2023-02-04 14:00:00,1540.09,purchase
832,8436,832,2023-02-04 15:00:00,0.0,purchase
833,5831,833,2023-02-04 16:00:00,45.1,purchase
834,4277,834,2023-02-04 17:00:00,1530.67,purchase
835,3695,835,2023-02-04 18:00:00,2163.98,purchase
836,13357,836,2023-02-04 19:00:00,2198.18,purchase
837,1864,837,2023-02-04 20:00:00,0.0,purchase
838,1271,838,2023-02-04 21:00:00,2965.01,purchase
839,9965,839,2023-02-04 22:00:00,105.08,purchase
840,17731,840,2023-02-04 23:00:00,1141.65,purchase
841,2480,841,2023-02-05 00:00:00,0.0,purchase
842,8805,842,2023-02-05 01:00:00,833.23,purchase
843,14079,843,2023-02-05 02:00:00,129.11,purchase
844,105,844,2023-02-05 03:00:00,0.0,purchase
845,19916,845,2023-02-05 04:00:00,2121.94,purchase
846,5623,846,2023-02-05 05:00:00,2510.89,purchase
847,15397,847,2023-02-05 06:00:00,1079.82,purchase
848,12633,848,2023-02-05 07:00:00,2218.83,purchase
849,1828,849,2023-02-05 08:00:00,1067.79,purchase
850,331,850,2023-02-05 09:00:00,1284.58,purchase
851,17044,851,2023-02-05 10:00:00,2604.71,purchase
852,3410,852,2023-02-05 11:00:00,0.0,purchase
853,8342,853,2023-02-05 12:00:00,2311.73,purchase
854,9981,854,2023-02-05 13:00:00,1778.07,purchase
855,1040,855,2023-02-05 14:00:00,232.46,purchase
856,14143,856,2023-02-05 15:00:00,0.0,purchase
857,9719,857,2023-02-05 16:00:00,3846.11,purchase
858,12899,858,2023-02-05 17:00:00,0.0,purchase
859,4263,859,2023-02-05 18:00:00,0.0,purchase
860,2938,860,2023-02-05 19:00:00,2922.93,purchase
861,9152,861,2023-02-05 20:00:00,2558.97,purchase
862,16573,862,2023-02-05 21:00:00,0.0,purchase
863,6537,863,2023-02-05 22:00:00,1750.4,purchase
864,12188,864,2023-02-05 23:00:00,0.0,purchase
865,6292,865,2023-02-06 00:00:00,163.31,purchase
866,17792,866,2023-02-06 01:00:00,132.87,purchase
867,8682,867,2023-02-06 02:00:00,1468.55,purchase
868,18749,868,2023-02-06 03:00:00,1079.12,purchase
869,17036,869,2023-02-06 04:00:00,1866.19,purchase
870,15983,870,2023-02-06 05:00:00,0.0,purchase
871,35,871,2023-02-06 06:00:00,1892.58,purchase
872,7218,872,2023-02-06 07:00:00,0.0,purchase
873,9020,873,2023-02-06 08:00:00,0.0,purchase
874,11403,874,2023-02-06 09:00:00,408.66,purchase
875,44,875,2023-02-06 10:00:00,1198.39,purchase
876,6742,876,2023-02-06 11:00:00,0.0,purchase
877,7715,877,2023-02-06 12:00:00,580.59,purchase
878,7218,878,2023-02-06 13:00:00,1869.51,purchase
879,7069,879,2023-02-06 14:00:00,607.26,purchase
880,18087,880,2023-02-06 15:00:00,2535.73,purchase
881,12468,881,2023-02-06 16:00:00,1736.1,purchase
882,13458,882,2023-02-06 17:00:00,0.0,purchase
883,1375,883,2023-02-06 18:00:00,1166.82,purchase
884,12320,884,2023-02-06 19:00:00,2178.42,purchase
885,2531,885,2023-02-06 20:00:00,0.0,purchase
886,105,886,2023-02-06 21:00:00,74.25,purchase
887,5064,887,2023-02-06 22:00:00,429.56,purchase
888,15033,888,2023-02-06 23:00:00,0.0,purchase
889,19796,889,2023-02-07 00:00:00,0.0,purchase
890,17043,890,2023-02-07 01:00:00,0.0,purchase
891,10358,891,2023-02-07 02:00:00,0.0,purchase
892,11795,892,2023-02-07 03:00:00,0.0,purchase
893,14078,893,2023-02-07 04:00:00,2331.83,purchase
894,16832,894,2023-02-07 05:00:00,2731.42,purchase
895,9639,895,2023-02-07 06:00:00,180.89,purchase
896,6132,896,2023-02-07 07:00:00,684.98,purchase
897,12320,897,2023-02-07 08:00:00,1267.11,purchase
898,16112,898,2023-02-07 09:00:00,956.75,purchase
899,7519,899,2023-02-07 10:00:00,0.0,purchase
900,11566,900,2023-02-07 11:00:00,2754.76,purchase
901,18012,901,2023-02-07 12:00:00,2126.84,purchase
902,9974,902,2023-02-07 13:00:00,1848.74,purchase
903,16625,903,2023-02-07 14:00:00,2604.97,purchase
904,6943,904,2023-02-07 15:00:00,26.94,purchase
905,7159,905,2023-02-07 16:00:00,2075.99,purchase
906,1129,906,2023-02-07 17:00:00,0.0,purchase
907,10118,907,2023-02-07 18:00:00,216.03,purchase
908,11238,908,2023-02-07 19:00:00,931.04,purchase
909,10303,909,2023-02-07 20:00:00,2219.8,purchase
910,1284,910,2023-02-07 21:00:00,0.0,purchase
911,2531,911,2023-02-07 22:00:00,0.0,purchase
912,7711,912,2023-02-07 23:00:00,0.0,purchase
913,3912,913,2023-02-08 00:00:00,3213.2,purchase
914,2434,914,2023-02-08 01:00:00,533.26,purchase
915,19170,915,2023-02-08 02:00:00,0.0,purchase
916,11094,916,2023-02-08 03:00:00,1838.5,purchase
917,16973,917,2023-02-08 04:00:00,0.0,purchase
918,19061,918,2023-02-08 05:00:00,0.0,purchase
919,1284,919,2023-02-08 06:00:00,0.0,purchase
920,18678,920,2023-02-08 07:00:00,0.0,purchase
921,9644,921,2023-02-08 08:00:00,3435.38,purchase
922,14890,922,2023-02-08 09:00:00,3366.25,purchase
923,8270,923,2023-02-08 10:00:00,0.0,purchase
924,105,924,2023-02-08 11:00:00,1456.18,purchase
925,67,925,2023-02-08 12:00:00,2389.32,purchase
926,14131,926,2023-02-08 13:00:00,1396.78,purchase
927,1055,927,2023-02-08 14:00:00,0.0,purchase
928,17001,928,2023-02-08 15:00:00,569.53,purchase
929,19041,929,2023-02-08 16:00:00,0.0,purchase
930,15399,930,2023-02-08 17:00:00,900.88,purchase
931,11266,931,2023-02-08 18:00:00,1072.41,purchase
932,3662,932,2023-02-08 19:00:00,106.57,purchase
933,6660,933,2023-02-08 20:00:00,0.0,purchase
934,18630,934,2023-02-08 21:00:00,3475.89,purchase
935,10219,935,2023-02-08 22:00:00,1619.94,purchase
936,1375,936,2023-02-08 23:00:00,1491.2,purchase
937,6599,937,2023-02-09 00:00:00,537.98,purchase
938,17589,938,2023-02-09 01:00:00,2507.28,purchase
939,6712,939,2023-02-09 02:00:00,0.0,purchase
940,4519,940,2023-02-09 03:00:00,1685.62,purchase
941,9299,941,2023-02-09 04:00:00,0.0,purchase
942,12869,942,2023-02-09 05:00:00,814.94,purchase
943,7286,943,2023-02-09 06:00:00,0.0,purchase
944,6907,944,2023-02-09 07:00:00,1142.06,purchase
945,10209,945,2023-02-09 08:00:00,0.0,purchase
946,6251,946,2023-02-09 09:00:00,655.64,purchase
947,10274,947,2023-02-09 10:00:00,1715.58,purchase
948,7177,948,2023-02-09 11:00:00,2378.15,purchase
949,19239,949,2023-02-09 12:00:00,1754.12,purchase
950,16666,950,2023-02-09 13:00:00,0.0,purchase
951,12009,951,2023-02-09 14:00:00,191.78,purchase
952,16703,952,2023-02-09 15:00:00,961.56,purchase
953,12364,953,2023-02-09 16:00:00,0.0,purchase
954,12454,954,2023-02-09 17:00:00,2839.48,purchase
955,15409,955,2023-02-09 18:00:00,0.0,purchase
956,14216,956,2023-02-09 19:00:00,0.0,purchase
957,14889,957,2023-02-09 20:00:00,0.0,purchase
958,12188,958,2023-02-09 21:00:00,63.03,purchase
959,1375,959,2023-02-09 22:00:00,1831.71,purchase
960,17197,960,2023-02-09 23:00:00,419.81,purchase
961,1324,961,2023-02-10 00:00:00,0.0,purchase
962,15054,962,2023-02-10 01:00:00,2266.38,purchase
963,2166,963,2023-02-10 02:00:00,0.0,purchase
964,2199,964,2023-02-10 03:00:00,3553.22,purchase
965,11218,965,2023-02-10 04:00:00,874.48,purchase
966,6714,966,2023-02-10 05:00:00,1327.25,purchase
967,6416,967,2023-02-10 06:00:00,2366.26,purchase
968,13585,968,2023-02-10 07:00:00,342.27,purchase
969,17243,969,2023-02-10 08:00:00,461.66,purchase
970,7076,970,2023-02-10 09:00:00,1199.52,purchase
971,399,971,2023-02-10 10:00:00,0.0,purchase
972,14833,972,2023-02-10 11:00:00,0.0,purchase
973,18345,973,2023-02-10 12:00:00,317.76,purchase
974,15973,974,2023-02-10 13:00:00,0.0,purchase
975,11466,975,2023-02-10 14:00:00,714.21,purchase
976,17793,976,2023-02-10 15:00:00,0.0,purchase
977,6578,977,2023-02-10 16:00:00,569.25,purchase
978,10397,978,2023-02-10 17:00:00,0.0,purchase
979,16650,979,2023-02-10 18:00:00,0.0,purchase
980,3647,980,2023-02-10 19:00:00,517.6,purchase
981,7351,981,2023-02-10 20:00:00,996.07,purchase
982,1322,982,2023-02-10 21:00:00,3989.64,purchase
983,3743,983,2023-02-10 22:00:00,0.0,purchase
984,3651,984,2023-02-10 23:00:00,1763.05,purchase
985,6101,985,2023-02-11 00:00:00,0.0,purchase
986,1005,986,2023-02-11 01:00:00,0.0,purchase
987,7566,987,2023-02-11 02:00:00,921.73,purchase
988,1774,988,2023-02-11 03:00:00,0.0,purchase
989,6321,989,2023-02-11 04:00:00,0.0,purchase
990,4623,990,2023-02-11 05:00:00,0.0,purchase
991,5744,991,2023-02-11 06:00:00,1384.85,purchase
992,19883,992,2023-02-11 07:00:00,1484.16,purchase
993,19378,993,2023-02-11 08:00:00,1859.23,purchase
994,1379,994,2023-02-11 09:00:00,319.95,purchase
995,10631,995,2023-02-11 10:00:00,1783.92,purchase
996,6719,996,2023-02-11 11:00:00,0.0,purchase
997,15491,997,2023-02-11 12:00:00,625.63,purchase
998,7617,998,2023-02-11 13:00:00,2974.23,purchase
999,17206,999,2023-02-11 14:00:00,595.59,purchase
1000,19093,1000,2023-02-11 15:00:00,676.63,purchase
1001,16739,1001,2023-02-11 16:00:00,2000.35,purchase
1002,13213,1002,2023-02-11 17:00:00,3217.56,purchase
1003,6146,1003,2023-02-11 18:00:00,1485.76,purchase
1004,388,1004,2023-02-11 19:00:00,958.98,purchase
1005,12910,1005,2023-02-11 20:00:00,1392.86,purchase
1006,7267,1006,2023-02-11 21:00:00,1494.19,purchase
1007,8442,1007,2023-02-11 22:00:00,1671.3,purchase
1008,2816,1008,2023-02-11 23:00:00,0.0,purchase
1009,5210,1009,2023-02-12 00:00:00,1478.93,purchase
1010,6907,1010,2023-02-12 01:00:00,1600.42,purchase
1011,10281,1011,2023-02-12 02:00:00,1841.52,purchase
1012,6589,1012,2023-02-12 03:00:00,0.0,purchase
1013,7187,1013,2023-02-12 04:00:00,844.5,purchase
1014,5560,1014,2023-02-12 05:00:00,2635.65,purchase
1015,12002,1015,2023-02-12 06:00:00,1678.89,purchase
1016,16309,1016,2023-02-12 07:00:00,1460.6,purchase
1017,16247,1017,2023-02-12 08:00:00,339.77,purchase
1018,19902,1018,2023-02-12 09:00:00,2668.86,purchase
1019,7012,1019,2023-02-12 10:00:00,1879.26,purchase
1020,16612,1020,2023-02-12 11:00:00,2248.84,purchase
1021,2349,1021,2023-02-12 12:00:00,0.0,purchase
1022,14761,1022,2023-02-12 13:00:00,0.0,purchase
1023,19047,1023,2023-02-12 14:00:00,0.0,purchase
1024,7409,1024,2023-02-12 15:00:00,0.0,purchase
1025,8297,1025,2023-02-12 16:00:00,397.53,purchase
1026,11439,1026,2023-02-12 17:00:00,950.23,purchase
1027,12945,1027,2023-02-12 18:00:00,0.0,purchase
1028,2816,1028,2023-02-12 19:00:00,1191.08,purchase
1029,16650,1029,2023-02-12 20:00:00,0.0,purchase
1030,12558,1030,2023-02-12 21:00:00,0.0,purchase
1031,4275,1031,2023-02-12 22:00:00,194.37,purchase
1032,10559,1032,2023-02-12 23:00:00,3826.05,purchase
1033,5379,1033,2023-02-13 00:00:00,2278.01,purchase
1034,622,1034,2023-02-13 01:00:00,897.57,purchase
1035,8297,1035,2023-02-13 02:00:00,0.0,purchase
1036,16666,1036,2023-02-13 03:00:00,0.0,purchase
1037,7676,1037,2023-02-13 04:00:00,2555.98,purchase
1038,8122,1038,2023-02-13 05:00:00,2224.6,purchase
1039,6321,1039,2023-02-13 06:00:00,1617.75,purchase
1040,15954,1040,2023-02-13 07:00:00,155.03,purchase
1041,10528,1041,2023-02-13 08:00:00,532.68,purchase
1042,16820,1042,2023-02-13 09:00:00,0.0,purchase
1043,4160,1043,2023-02-13 10:00:00,215.5,purchase
1044,11298,1044,2023-02-13 11:00:00,0.0,purchase
1045,8683,1045,2023-02-13 12:00:00,3084.55,purchase
1046,11636,1046,2023-02-13 13:00:00,1025.12,purchase
1047,3317,1047,2023-02-13 14:00:00,873.53,purchase
1048,19135,1048,2023-02-13 15:00:00,1356.04,purchase
1049,5469,1049,2023-02-13 16:00:00,671.56,purchase
1050,1049,1050,2023-02-13 17:00:00,0.0,purchase
1051,18647,1051,2023-02-13 18:00:00,1932.63,purchase
1052,575,1052,2023-02-13 19:00:00,3461.05,purchase
1053,19826,1053,2023-02-13 20:00:00,0.0,purchase
1054,2194,1054,2023-02-13 21:00:00,1464.62,purchase
1055,17014,1055,2023-02-13 22:00:00,0.0,purchase
1056,7524,1056,2023-02-13 23:00:00,0.0,purchase
1057,19271,1057,2023-02-14 00:00:00,2462.16,purchase
1058,16689,1058,2023-02-14 01:00:00,837.33,purchase
1059,9959,1059,2023-02-14 02:00:00,0.0,purchase
1060,5635,1060,2023-02-14 03:00:00,0.0,purchase
1061,6477,1061,2023-02-14 04:00:00,922.81,purchase
1062,14649,1062,2023-02-14 05:00:00,1656.87,purchase
1063,714,1063,2023-02-14 06:00:00,514.29,purchase
1064,7773,1064,2023-02-14 07:00:00,875.59,purchase
1065,1675,1065,2023-02-14 08:00:00,548.82,purchase
1066,4160,1066,2023-02-14 09:00:00,1711.31,purchase
1067,1049,1067,2023-02-14 10:00:00,0.0,purchase
1068,19892,1068,2023-02-14 11:00:00,0.0,purchase
1069,9465,1069,2023-02-14 12:00:00,3174.42,purchase
1070,7759,1070,2023-02-14 13:00:00,2217.35,purchase
1071,9278,1071,2023-02-14 14:00:00,0.0,purchase
1072,4171,1072,2023-02-14 15:00:00,603.13,purchase
1073,6191,1073,2023-02-14 16:00:00,0.0,purchase
1074,10461,1074,2023-02-14 17:00:00,0.0,purchase
1075,5123,1075,2023-02-14 18:00:00,2129.63,purchase
1076,5075,1076,2023-02-14 19:00:00,2091.0,purchase
1077,14953,1077,2023-02-14 20:00:00,0.0,purchase
1078,11952,1078,2023-02-14 21:00:00,3167.17,purchase
1079,19097,1079,2023-02-14 22:00:00,278.89,purchase
1080,9465,1080,2023-02-14 23:00:00,0.0,purchase
1081,14408,1081,2023-02-15 00:00:00,1416.88,purchase
1082,3077,1082,2023-02-15 01:00:00,188.49,purchase
1083,14953,1083,2023-02-15 02:00:00,700.31,purchase
1084,10559,1084,2023-02-15 03:00:00,0.0,purchase
1085,18230,1085,2023-02-15 04:00:00,2002.16,purchase
1086,763,1086,2023-02-15 05:00:00,1936.56,purchase
1087,7977,1087,2023-02-15 06:00:00,751.17,purchase
1088,19022,1088,2023-02-15 07:00:00,2565.73,purchase
1089,1542,1089,2023-02-15 08:00:00,0.0,purchase
1090,4502,1090,2023-02-15 09:00:00,2263.59,purchase
1091,9895,1091,2023-02-15 10:00:00,355.79,purchase
1092,16309,1092,2023-02-15 11:00:00,339.21,purchase
1093,17861,1093,2023-02-15 12:00:00,0.0,purchase
1094,6668,1094,2023-02-15 13:00:00,686.79,purchase
1095,18619,1095,2023-02-15 14:00:00,2542.49,purchase
1096,753,1096,2023-02-15 15:00:00,0.0,purchase
1097,972,1097,2023-02-15 16:00:00,1559.04,purchase
1098,9243,1098,2023-02-15 17:00:00,1941.53,purchase
1099,17135,1099,2023-02-15 18:00:00,782.16,purchase
1100,6902,1100,2023-02-15 19:00:00,1485.44,purchase
1101,7411,1101,2023-02-15 20:00:00,1392.44,purchase
1102,13609,1102,2023-02-15 21:00:00,1473.94,purchase
1103,3189,1103,2023-02-15 22:00:00,128.04,purchase
1104,9722,1104,2023-02-15 23:00:00,3208.36,purchase
1105,16621,1105,2023-02-16 00:00:00,292.75,purchase
1106,14221,1106,2023-02-16 01:00:00,466.69,purchase
1107,16950,1107,2023-02-16 02:00:00,12.99,purchase
1108,6659,1108,2023-02-16 03:00:00,0.0,purchase
1109,8225,1109,2023-02-16 04:00:00,2138.55,purchase
1110,5679,1110,2023-02-16 05:00:00,2456.77,purchase
1111,18549,1111,2023-02-16 06:00:00,0.0,purchase
1112,12675,1112,2023-02-16 07:00:00,2353.14,purchase
1113,3077,1113,2023-02-16 08:00:00,0.0,purchase
1114,10182,1114,2023-02-16 09:00:00,1522.2,purchase
1115,16032,1115,2023-02-16 10:00:00,1216.94,purchase
1116,671,1116,2023-02-16 11:00:00,0.0,purchase
1117,18297,1117,2023-02-16 12:00:00,829.07,purchase
1118,2246,1118,2023-02-16 13:00:00,604.48,purchase
1119,9692,1119,2023-02-16 14:00:00,0.0,purchase
1120,9243,1120,2023-02-16 15:00:00,3235.47,purchase
1121,4305,1121,2023-02-16 16:00:00,0.0,purchase
1122,14062,1122,2023-02-16 17:00:00,2159.95,purchase
1123,180,1123,2023-02-16 18:00:00,1861.44,purchase
1124,2679,1124,2023-02-16 19:00:00,794.72,purchase
1125,11747,1125,2023-02-16 20:00:00,996.89,purchase
1126,9892,1126,2023-02-16 21:00:00,3239.35,purchase
1127,8752,1127,2023-02-16 22:00:00,0.0,purchase
1128,9465,1128,2023-02-16 23:00:00,1660.03,purchase
1129,13213,1129,2023-02-17 00:00:00,1360.27,purchase
1130,18549,1130,2023-02-17 01:00:00,599.14,purchase
1131,7840,1131,2023-02-17 02:00:00,0.0,purchase
1132,16589,1132,2023-02-17 03:00:00,2711.55,purchase
1133,7460,1133,2023-02-17 04:00:00,25.76,purchase
1134,17502,1134,2023-02-17 05:00:00,309.59,purchase
1135,6668,1135,2023-02-17 06:00:00,2194.53,purchase
1136,14446,1136,2023-02-17 07:00:00,0.0,purchase
1137,6259,1137,2023-02-17 08:00:00,914.48,purchase
1138,12779,1138,2023-02-17 09:00:00,855.08,purchase
1139,15503,1139,2023-02-17 10:00:00,2443.12,purchase
1140,11299,1140,2023-02-17 11:00:00,271.62,purchase
1141,14373,1141,2023-02-17 12:00:00,1520.36,purchase
1142,15426,1142,2023-02-17 13:00:00,1686.16,purchase
1143,16186,1143,2023-02-17 14:00:00,443.93,purchase
1144,983,1144,2023-02-17 15:00:00,0.0,purchase
1145,13476,1145,2023-02-17 16:00:00,0.0,purchase
1146,5123,1146,2023-02-17 17:00:00,0.0,purchase
1147,1987,1147,2023-02-17 18:00:00,0.0,purchase
1148,16360,1148,2023-02-17 19:00:00,0.0,purchase
1149,11172,1149,2023-02-17 20:00:00,0.0,purchase
1150,722,1150,2023-02-17 21:00:00,0.0,purchase
1151,2996,1151,2023-02-17 22:00:00,0.0,purchase
1152,2497,1152,2023-02-17 23:00:00,572.41,purchase
1153,5170,1153,2023-02-18 00:00:00,0.0,purchase
1154,4156,1154,2023-02-18 01:00:00,0.0,purchase
1155,13671,1155,2023-02-18 02:00:00,0.0,purchase
1156,5170,1156,2023-02-18 03:00:00,731.59,purchase
1157,11299,1157,2023-02-18 04:00:00,863.64,purchase
1158,17884,1158,2023-02-18 05:00:00,276.42,purchase
1159,3484,1159,2023-02-18 06:00:00,1555.02,purchase
1160,14095,1160,2023-02-18 07:00:00,0.0,purchase
1161,12652,1161,2023-02-18 08:00:00,0.0,purchase
1162,5287,1162,2023-02-18 09:00:00,710.32,purchase
1163,11114,1163,2023-02-18 10:00:00,1259.97,purchase
1164,13989,1164,2023-02-18 11:00:00,0.0,purchase
1165,309,1165,2023-02-18 12:00:00,2644.09,purchase
1166,9971,1166,2023-02-18 13:00:00,1381.06,purchase
1167,7497,1167,2023-02-18 14:00:00,2840.05,purchase
1168,9298,1168,2023-02-18 15:00:00,1120.21,purchase
1169,2110,1169,2023-02-18 16:00:00,884.77,purchase
1170,19455,1170,2023-02-18 17:00:00,0.0,purchase
1171,8997,1171,2023-02-18 18:00:00,0.0,purchase
1172,10815,1172,2023-02-18 19:00:00,934.11,purchase
1173,18400,1173,2023-02-18 20:00:00,0.0,purchase
1174,17468,1174,2023-02-18 21:00:00,2340.92,purchase
1175,17416,1175,2023-02-18 22:00:00,1527.58,purchase
1176,18400,1176,2023-02-18 23:00:00,1352.06,purchase
1177,19520,1177,2023-02-19 00:00:00,1609.91,purchase
1178,13386,1178,2023-02-19 01:00:00,642.44,purchase
1179,9665,1179,2023-02-19 02:00:00,0.0,purchase
1180,3944,1180,2023-02-19 03:00:00,0.0,purchase
1181,18329,1181,2023-02-19 04:00:00,1985.69,purchase
1182,6252,1182,2023-02-19 05:00:00,0.0,purchase
1183,9363,1183,2023-02-19 06:00:00,0.0,purchase
1184,8953,1184,2023-02-19 07:00:00,0.0,purchase
1185,8924,1185,2023-02-19 08:00:00,1609.22,purchase
1186,5857,1186,2023-02-19 09:00:00,0.0,purchase
1187,18756,1187,2023-02-19 10:00:00,1730.81,purchase
1188,19691,1188,2023-02-19 11:00:00,1136.71,purchase
1189,2497,1189,2023-02-19 12:00:00,0.0,purchase
1190,4839,1190,2023-02-19 13:00:00,0.0,purchase
1191,3144,1191,2023-02-19 14:00:00,0.0,purchase
1192,13759,1192,2023-02-19 15:00:00,1365.83,purchase
1193,11196,1193,2023-02-19 16:00:00,2125.35,purchase
1194,10496,1194,2023-02-19 17:00:00,1837.85,purchase
1195,7082,1195,2023-02-19 18:00:00,0.0,purchase
1196,10498,1196,2023-02-19 19:00:00,1491.11,purchase
1197,17832,1197,2023-02-19 20:00:00,1163.9,purchase
1198,12983,1198,2023-02-19 21:00:00,3435.04,purchase
1199,4408,1199,2023-02-19 22:00:00,265.83,purchase
1200,866,1200,2023-02-19 23:00:00,1705.81,purchase
1201,1814,1201,2023-02-20 00:00:00,396.98,purchase
1202,12739,1202,2023-02-20 01:00:00,1090.67,purchase
1203,7289,1203,2023-02-20 02:00:00,202.11,purchase
1204,8360,1204,2023-02-20 03:00:00,0.0,purchase
1205,9737,1205,2023-02-20 04:00:00,2742.67,purchase
1206,15995,1206,2023-02-20 05:00:00,0.0,purchase
1207,1593,1207,2023-02-20 06:00:00,2948.02,purchase
1208,14373,1208,2023-02-20 07:00:00,938.54,purchase
1209,6457,1209,2023-02-20 08:00:00,0.0,purchase
1210,10088,1210,2023-02-20 09:00:00,469.01,purchase
1211,5068,1211,2023-02-20 10:00:00,611.04,purchase
1212,18379,1212,2023-02-20 11:00:00,1343.58,purchase
1213,11172,1213,2023-02-20 12:00:00,1285.74,purchase
1214,10215,1214,2023-02-20 13:00:00,3754.92,purchase
1215,16951,1215,2023-02-20 14:00:00,2592.35,purchase
1216,6385,1216,2023-02-20 15:00:00,2803.46,purchase
1217,4861,1217,2023-02-20 16:00:00,0.0,purchase
1218,7271,1218,2023-02-20 17:00:00,3086.36,purchase
1219,4577,1219,2023-02-20 18:00:00,1247.56,purchase
1220,18940,1220,2023-02-20 19:00:00,2872.22,purchase
1221,1028,1221,2023-02-20 20:00:00,0.0,purchase
1222,6000,1222,2023-02-20 21:00:00,1581.24,purchase
1223,16615,1223,2023-02-20 22:00:00,335.99,purchase
1224,14968,1224,2023-02-20 23:00:00,961.32,purchase
1225,11340,1225,2023-02-21 00:00:00,2362.42,purchase
1226,2312,1226,2023-02-21 01:00:00,2553.83,purchase
1227,5212,1227,2023-02-21 02:00:00,0.0,purchase
1228,15465,1228,2023-02-21 03:00:00,0.0,purchase
1229,2684,1229,2023-02-21 04:00:00,0.0,purchase
1230,6440,1230,2023-02-21 05:00:00,129.14,purchase
1231,16343,1231,2023-02-21 06:00:00,0.0,purchase
1232,14095,1232,2023-02-21 07:00:00,0.0,purchase
1233,12254,1233,2023-02-21 08:00:00,1333.57,purchase
1234,4810,1234,2023-02-21 09:00:00,0.0,purchase
1235,10215,1235,2023-02-21 10:00:00,223.67,purchase
1236,17235,1236,2023-02-21 11:00:00,205.21,purchase
1237,14968,1237,2023-02-21 12:00:00,0.0,purchase
1238,13417,1238,2023-02-21 13:00:00,2116.99,purchase
1239,4998,1239,2023-02-21 14:00:00,1277.0,purchase
1240,14968,1240,2023-02-21 15:00:00,5361.65,purchase
1241,16265,1241,2023-02-21 16:00:00,0.0,purchase
1242,19236,1242,2023-02-21 17:00:00,949.28,purchase
1243,2368,1243,2023-02-21 18:00:00,302.55,purchase
1244,643,1244,2023-02-21 19:00:00,1883.27,purchase
1245,17908,1245,2023-02-21 20:00:00,0.0,purchase
1246,6528,1246,2023-02-21 21:00:00,0.0,purchase
1247,14366,1247,2023-02-21 22:00:00,590.78,purchase
1248,8633,1248,2023-02-21 23:00:00,0.0,purchase
1249,18560,1249,2023-02-22 00:00:00,146.94,purchase
1250,18005,1250,2023-02-22 01:00:00,0.0,purchase
1251,3656,1251,2023-02-22 02:00:00,1092.81,purchase
1252,7787,1252,2023-02-22 03:00:00,0.0,purchase
1253,8573,1253,2023-02-22 04:00:00,1785.69,purchase
1254,5,1254,2023-02-22 05:00:00,1767.61,purchase
1255,8148,1255,2023-02-22 06:00:00,40.58,purchase
1256,18775,1256,2023-02-22 07:00:00,673.49,purchase
1257,15124,1257,2023-02-22 08:00:00,0.0,purchase
1258,6705,1258,2023-02-22 09:00:00,1065.4,purchase
1259,15139,1259,2023-02-22 10:00:00,886.85,purchase
1260,19691,1260,2023-02-22 11:00:00,0.0,purchase
1261,3205,1261,2023-02-22 12:00:00,3421.55,purchase
1262,10578,1262,2023-02-22 13:00:00,0.0,purchase
1263,18426,1263,2023-02-22 14:00:00,1100.11,purchase
1264,11196,1264,2023-02-22 15:00:00,0.0,purchase
1265,10726,1265,2023-02-22 16:00:00,3011.13,purchase
1266,9426,1266,2023-02-22 17:00:00,0.0,purchase
1267,9733,1267,2023-02-22 18:00:00,0.0,purchase
1268,5266,1268,2023-02-22 19:00:00,414.97,purchase
1269,15073,1269,2023-02-22 20:00:00,1407.19,purchase
1270,18829,1270,2023-02-22 21:00:00,142.7,purchase
1271,10366,1271,2023-02-22 22:00:00,4768.25,purchase
1272,908,1272,2023-02-22 23:00:00,0.0,purchase
1273,19171,1273,2023-02-23 00:00:00,1608.45,purchase
1274,2762,1274,2023-02-23 01:00:00,2088.7,purchase
1275,15279,1275,2023-02-23 02:00:00,669.63,purchase
1276,1614,1276,2023-02-23 03:00:00,2428.31,purchase
1277,5555,1277,2023-02-23 04:00:00,537.64,purchase
1278,14291,1278,2023-02-23 05:00:00,1277.8,purchase
1279,4387,1279,2023-02-23 06:00:00,959.6,purchase
1280,8570,1280,2023-02-23 07:00:00,2280.3,purchase
1281,15282,1281,2023-02-23 08:00:00,0.0,purchase
1282,18416,1282,2023-02-23 09:00:00,0.0,purchase
1283,13423,1283,2023-02-23 10:00:00,540.59,purchase
1284,12718,1284,2023-02-23 11:00:00,1055.7,purchase
1285,12429,1285,2023-02-23 12:00:00,1547.09,purchase
1286,8240,1286,2023-02-23 13:00:00,0.0,purchase
1287,3916,1287,2023-02-23 14:00:00,877.81,purchase
1288,6454,1288,2023-02-23 15:00:00,1466.97,purchase
1289,8837,1289,2023-02-23 16:00:00,0.0,purchase
1290,408,1290,2023-02-23 17:00:00,0.0,purchase
1291,19707,1291,2023-02-23 18:00:00,0.0,purchase
1292,4374,1292,2023-02-23 19:00:00,25.83,purchase
1293,19171,1293,2023-02-23 20:00:00,1574.62,purchase
1294,18212,1294,2023-02-23 21:00:00,940.77,purchase
1295,3562,1295,2023-02-23 22:00:00,2822.84,purchase
1296,8618,1296,2023-02-23 23:00:00,0.0,purchase
1297,2543,1297,2023-02-24 00:00:00,0.0,purchase
1298,2235,1298,2023-02-24 01:00:00,1318.63,purchase
1299,14934,1299,2023-02-24 02:00:00,945.45,purchase
1300,275,1300,2023-02-24 03:00:00,1306.64,purchase
1301,937,1301,2023-02-24 04:00:00,654.17,purchase
1302,14950,1302,2023-02-24 05:00:00,783.84,purchase
1303,16265,1303,2023-02-24 06:00:00,1439.17,purchase
1304,9968,1304,2023-02-24 07:00:00,1680.83,purchase
1305,10086,1305,2023-02-24 08:00:00,0.0,purchase
1306,17134,1306,2023-02-24 09:00:00,0.0,purchase
1307,11463,1307,2023-02-24 10:00:00,3293.3,purchase
1308,6176,1308,2023-02-24 11:00:00,0.0,purchase
1309,18014,1309,2023-02-24 12:00:00,1616.4,purchase
1310,12179,1310,2023-02-24 13:00:00,0.0,purchase
1311,15091,1311,2023-02-24 14:00:00,2945.08,purchase
1312,4248,1312,2023-02-24 15:00:00,0.0,purchase
1313,17584,1313,2023-02-24 16:00:00,2818.0,purchase
1314,14094,1314,2023-02-24 17:00:00,4046.74,purchase
1315,8105,1315,2023-02-24 18:00:00,1704.57,purchase
1316,7503,1316,2023-02-24 19:00:00,0.0,purchase
1317,19353,1317,2023-02-24 20:00:00,0.0,purchase
1318,17470,1318,2023-02-24 21:00:00,0.0,purchase
1319,2388,1319,2023-02-24 22:00:00,1583.18,purchase
1320,9984,1320,2023-02-24 23:00:00,1768.05,purchase
1321,17470,1321,2023-02-25 00:00:00,0.0,purchase
1322,1024,1322,2023-02-25 01:00:00,1816.13,purchase
1323,9751,1323,2023-02-25 02:00:00,1268.6,purchase
1324,9328,1324,2023-02-25 03:00:00,1965.68,purchase
1325,4248,1325,2023-02-25 04:00:00,0.0,purchase
1326,835,1326,2023-02-25 05:00:00,0.0,purchase
1327,4655,1327,2023-02-25 06:00:00,0.0,purchase
1328,4322,1328,2023-02-25 07:00:00,0.0,purchase
1329,6559,1329,2023-02-25 08:00:00,0.0,purchase
1330,12515,1330,2023-02-25 09:00:00,0.0,purchase
1331,12187,1331,2023-02-25 10:00:00,0.0,purchase
1332,6580,1332,2023-02-25 11:00:00,0.0,purchase
1333,2861,1333,2023-02-25 12:00:00,0.0,purchase
1334,9050,1334,2023-02-25 13:00:00,816.9,purchase
1335,5118,1335,2023-02-25 14:00:00,0.0,purchase
1336,18014,1336,2023-02-25 15:00:00,298.46,purchase
1337,18974,1337,2023-02-25 16:00:00,2644.85,purchase
1338,4640,1338,2023-02-25 17:00:00,0.0,purchase
1339,19156,1339,2023-02-25 18:00:00,157.09,purchase
1340,17481,1340,2023-02-25 19:00:00,0.0,purchase
1341,1919,1341,2023-02-25 20:00:00,1347.33,purchase
1342,5535,1342,2023-02-25 21:00:00,2142.27,purchase
1343,10740,1343,2023-02-25 22:00:00,2059.02,purchase
1344,11823,1344,2023-02-25 23:00:00,207.18,purchase
1345,57,1345,2023-02-26 00:00:00,775.41,purchase
1346,2543,1346,2023-02-26 01:00:00,3149.33,purchase
1347,6535,1347,2023-02-26 02:00:00,904.28,purchase
1348,2801,1348,2023-02-26 03:00:00,0.0,purchase
1349,14493,1349,2023-02-26 04:00:00,2235.91,purchase
1350,2750,1350,2023-02-26 05:00:00,2307.09,purchase
1351,8047,1351,2023-02-26 06:00:00,0.0,purchase
1352,11308,1352,2023-02-26 07:00:00,1619.55,purchase
1353,15189,1353,2023-02-26 08:00:00,532.65,purchase
1354,10506,1354,2023-02-26 09:00:00,0.0,purchase
1355,9447,1355,2023-02-26 10:00:00,614.74,purchase
1356,2144,1356,2023-02-26 11:00:00,1692.36,purchase
1357,83,1357,2023-02-26 12:00:00,1658.53,purchase
1358,5828,1358,2023-02-26 13:00:00,1705.91,purchase
1359,9211,1359,2023-02-26 14:00:00,0.0,purchase
1360,4572,1360,2023-02-26 15:00:00,0.0,purchase
1361,16929,1361,2023-02-26 16:00:00,0.0,purchase
1362,1080,1362,2023-02-26 17:00:00,587.5,purchase
1363,2861,1363,2023-02-26 18:00:00,0.0,purchase
1364,19797,1364,2023-02-26 19:00:00,690.1,purchase
1365,11036,1365,2023-02-26 20:00:00,1531.95,purchase
1366,11610,1366,2023-02-26 21:00:00,1206.16,purchase
1367,10086,1367,2023-02-26 22:00:00,1274.95,purchase
1368,6807,1368,2023-02-26 23:00:00,0.0,purchase
1369,7277,1369,2023-02-27 00:00:00,0.0,purchase
1370,9447,1370,2023-02-27 01:00:00,183.93,purchase
1371,14204,1371,2023-02-27 02:00:00,1687.75,purchase
1372,2022,1372,2023-02-27 03:00:00,557.65,purchase
1373,4382,1373,2023-02-27 04:00:00,0.0,purchase
1374,19222,1374,2023-02-27 05:00:00,3207.02,purchase
1375,13985,1375,2023-02-27 06:00:00,320.88,purchase
1376,16085,1376,2023-02-27 07:00:00,2599.3,purchase
1377,742,1377,2023-02-27 08:00:00,3319.7,purchase
1378,3792,1378,2023-02-27 09:00:00,1169.5,purchase
1379,17032,1379,2023-02-27 10:00:00,885.89,purchase
1380,10062,1380,2023-02-27 11:00:00,1293.53,purchase
1381,14934,1381,2023-02-27 12:00:00,0.0,purchase
1382,5302,1382,2023-02-27 13:00:00,0.0,purchase
1383,13131,1383,2023-02-27 14:00:00,541.26,purchase
1384,9180,1384,2023-02-27 15:00:00,596.69,purchase
1385,2388,1385,2023-02-27 16:00:00,0.0,purchase
1386,17100,1386,2023-02-27 17:00:00,2612.88,purchase
1387,11967,1387,2023-02-27 18:00:00,289.31,purchase
1388,8318,1388,2023-02-27 19:00:00,957.86,purchase
1389,10266,1389,2023-02-27 20:00:00,1128.16,purchase
1390,638,1390,2023-02-27 21:00:00,0.0,purchase
1391,6683,1391,2023-02-27 22:00:00,2053.88,purchase
1392,17656,1392,2023-02-27 23:00:00,0.0,purchase
1393,16315,1393,2023-02-28 00:00:00,0.0,purchase
1394,1395,1394,2023-02-28 01:00:00,0.0,purchase
1395,412,1395,2023-02-28 02:00:00,2709.98,purchase
1396,7008,1396,2023-02-28 03:00:00,708.83,purchase
1397,18414,1397,2023-02-28 04:00:00,0.0,purchase
1398,15955,1398,2023-02-28 05:00:00,0.0,purchase
1399,12539,1399,2023-02-28 06:00:00,105.26,purchase
1400,7103,1400,2023-02-28 07:00:00,880.06,purchase
1401,17317,1401,2023-02-28 08:00:00,568.1,purchase
1402,19294,1402,2023-02-28 09:00:00,602.98,purchase
1403,16210,1403,2023-02-28 10:00:00,1266.7,purchase
1404,14463,1404,2023-02-28 11:00:00,0.0,purchase
1405,18448,1405,2023-02-28 12:00:00,3125.19,purchase
1406,15870,1406,2023-02-28 13:00:00,0.0,purchase
1407,9848,1407,2023-02-28 14:00:00,498.67,purchase
1408,8746,1408,2023-02-28 15:00:00,2284.75,purchase
1409,17466,1409,2023-02-28 16:00:00,382.06,purchase
1410,14463,1410,2023-02-28 17:00:00,532.85,purchase
1411,7571,1411,2023-02-28 18:00:00,941.62,purchase
1412,2654,1412,2023-02-28 19:00:00,1557.73,purchase
1413,17644,1413,2023-02-28 20:00:00,781.83,purchase
1414,9175,1414,2023-02-28 21:00:00,796.78,purchase
1415,3135,1415,2023-02-28 22:00:00,1881.45,purchase
1416,17621,1416,2023-02-28 23:00:00,0.0,purchase
1417,16670,1417,2023-03-01 00:00:00,0.0,purchase
1418,2156,1418,2023-03-01 01:00:00,0.0,purchase
1419,5640,1419,2023-03-01 02:00:00,1131.27,purchase
1420,7229,1420,2023-03-01 03:00:00,118.48,purchase
1421,4712,1421,2023-03-01 04:00:00,0.0,purchase
1422,5178,1422,2023-03-01 05:00:00,0.0,purchase
1423,2080,1423,2023-03-01 06:00:00,1220.48,purchase
1424,19630,1424,2023-03-01 07:00:00,3440.74,purchase
1425,5174,1425,2023-03-01 08:00:00,1323.33,purchase
1426,12470,1426,2023-03-01 09:00:00,0.0,purchase
1427,7699,1427,2023-03-01 10:00:00,0.0,purchase
1428,11967,1428,2023-03-01 11:00:00,0.0,purchase
1429,17034,1429,2023-03-01 12:00:00,3143.48,purchase
1430,17781,1430,2023-03-01 13:00:00,1292.99,purchase
1431,6734,1431,2023-03-01 14:00:00,0.0,purchase
1432,14130,1432,2023-03-01 15:00:00,1453.04,purchase
1433,12539,1433,2023-03-01 16:00:00,2057.62,purchase
1434,9374,1434,2023-03-01 17:00:00,599.19,purchase
1435,3611,1435,2023-03-01 18:00:00,271.13,purchase
1436,6493,1436,2023-03-01 19:00:00,1623.25,purchase
1437,12716,1437,2023-03-01 20:00:00,0.0,purchase
1438,19739,1438,2023-03-01 21:00:00,1883.99,purchase
1439,17100,1439,2023-03-01 22:00:00,0.0,purchase
1440,9447,1440,2023-03-01 23:00:00,0.0,purchase
1441,3425,1441,2023-03-02 00:00:00,650.06,purchase
1442,4465,1442,2023-03-02 01:00:00,0.0,purchase
1443,15880,1443,2023-03-02 02:00:00,0.0,purchase
1444,12547,1444,2023-03-02 03:00:00,962.02,purchase
1445,6663,1445,2023-03-02 04:00:00,0.0,purchase
1446,17728,1446,2023-03-02 05:00:00,1582.35,purchase
1447,2523,1447,2023-03-02 06:00:00,0.0,purchase
1448,16617,1448,2023-03-02 07:00:00,1329.13,purchase
1449,5226,1449,2023-03-02 08:00:00,0.0,purchase
1450,11703,1450,2023-03-02 09:00:00,72.54,purchase
1451,2188,1451,2023-03-02 10:00:00,229.99,purchase
1452,19992,1452,2023-03-02 11:00:00,0.0,purchase
1453,487,1453,2023-03-02 12:00:00,54.28,purchase
1454,14130,1454,2023-03-02 13:00:00,0.0,purchase
1455,17402,1455,2023-03-02 14:00:00,1754.89,purchase
1456,18888,1456,2023-03-02 15:00:00,2398.19,purchase
1457,1993,1457,2023-03-02 16:00:00,0.0,purchase
1458,13762,1458,2023-03-02 17:00:00,957.2,purchase
1459,1993,1459,2023-03-02 18:00:00,224.78,purchase
1460,16188,1460,2023-03-02 19:00:00,0.0,purchase
1461,13275,1461,2023-03-02 20:00:00,2718.75,purchase
1462,2188,1462,2023-03-02 21:00:00,0.0,purchase
1463,4465,1463,2023-03-02 22:00:00,1154.34,purchase
1464,4544,1464,2023-03-02 23:00:00,0.0,purchase
1465,13550,1465,2023-03-03 00:00:00,0.0,purchase
1466,15880,1466,2023-03-03 01:00:00,1044.84,purchase
1467,14314,1467,2023-03-03 02:00:00,0.0,purchase
1468,7120,1468,2023-03-03 03:00:00,0.0,purchase
1469,14463,1469,2023-03-03 04:00:00,1632.92,purchase
1470,14899,1470,2023-03-03 05:00:00,0.0,purchase
1471,6885,1471,2023-03-03 06:00:00,752.69,purchase
1472,17728,1472,2023-03-03 07:00:00,375.95,purchase
1473,6458,1473,2023-03-03 08:00:00,3842.91,purchase
1474,18141,1474,2023-03-03 09:00:00,97.6,purchase
1475,8386,1475,2023-03-03 10:00:00,1696.86,purchase
1476,3867,1476,2023-03-03 11:00:00,987.64,purchase
1477,15308,1477,2023-03-03 12:00:00,1923.39,purchase
1478,13272,1478,2023-03-03 13:00:00,726.51,purchase
1479,6717,1479,2023-03-03 14:00:00,1630.08,purchase
1480,13785,1480,2023-03-03 15:00:00,622.56,purchase
1481,7832,1481,2023-03-03 16:00:00,2758.28,purchase
1482,14827,1482,2023-03-03 17:00:00,1453.19,purchase
1483,3691,1483,2023-03-03 18:00:00,1523.09,purchase
1484,17938,1484,2023-03-03 19:00:00,143.31,purchase
1485,18851,1485,2023-03-03 20:00:00,553.21,purchase
1486,6729,1486,2023-03-03 21:00:00,0.81,purchase
1487,10323,1487,2023-03-03 22:00:00,2575.7,purchase
1488,7437,1488,2023-03-03 23:00:00,0.0,purchase
1489,16617,1489,2023-03-04 00:00:00,1018.79,purchase
1490,17337,1490,2023-03-04 01:00:00,1665.23,purchase
1491,18992,1491,2023-03-04 02:00:00,1514.62,purchase
1492,15872,1492,2023-03-04 03:00:00,1342.62,purchase
1493,1384,1493,2023-03-04 04:00:00,722.94,purchase
1494,11847,1494,2023-03-04 05:00:00,2233.18,purchase
1495,12692,1495,2023-03-04 06:00:00,0.0,purchase
1496,8285,1496,2023-03-04 07:00:00,0.0,purchase
1497,14755,1497,2023-03-04 08:00:00,1720.11,purchase
1498,14956,1498,2023-03-04 09:00:00,3262.97,purchase
1499,8409,1499,2023-03-04 10:00:00,1577.07,purchase
1500,15931,1500,2023-03-04 11:00:00,1086.75,purchase
1501,4546,1501,2023-03-04 12:00:00,278.98,purchase
1502,4876,1502,2023-03-04 13:00:00,1086.02,purchase
1503,409,1503,2023-03-04 14:00:00,2563.82,purchase
1504,5227,1504,2023-03-04 15:00:00,920.24,purchase
1505,421,1505,2023-03-04 16:00:00,1207.79,purchase
1506,1308,1506,2023-03-04 17:00:00,537.72,purchase
1507,9658,1507,2023-03-04 18:00:00,880.85,purchase
1508,7992,1508,2023-03-04 19:00:00,0.0,purchase
1509,18528,1509,2023-03-04 20:00:00,1252.93,purchase
1510,13663,1510,2023-03-04 21:00:00,2945.79,purchase
1511,17445,1511,2023-03-04 22:00:00,0.0,purchase
1512,10745,1512,2023-03-04 23:00:00,1165.78,purchase
1513,6672,1513,2023-03-05 00:00:00,0.0,purchase
1514,7579,1514,2023-03-05 01:00:00,695.47,purchase
1515,4740,1515,2023-03-05 02:00:00,0.0,purchase
1516,15219,1516,2023-03-05 03:00:00,2252.45,purchase
1517,18685,1517,2023-03-05 04:00:00,267.29,purchase
1518,2840,1518,2023-03-05 05:00:00,2246.3,purchase
1519,13284,1519,2023-03-05 06:00:00,1905.99,purchase
1520,5716,1520,2023-03-05 07:00:00,0.0,purchase
1521,17417,1521,2023-03-05 08:00:00,1323.83,purchase
1522,8652,1522,2023-03-05 09:00:00,490.41,purchase
1523,1944,1523,2023-03-05 10:00:00,0.0,purchase
1524,8439,1524,2023-03-05 11:00:00,2669.16,purchase
1525,7791,1525,2023-03-05 12:00:00,1280.37,purchase
1526,2767,1526,2023-03-05 13:00:00,275.28,purchase
1527,5067,1527,2023-03-05 14:00:00,1594.49,purchase
1528,3691,1528,2023-03-05 15:00:00,3319.73,purchase
1529,4270,1529,2023-03-05 16:00:00,2247.93,purchase
1530,6013,1530,2023-03-05 17:00:00,349.49,purchase
1531,15793,1531,2023-03-05 18:00:00,1988.89,purchase
1532,2657,1532,2023-03-05 19:00:00,1325.9,purchase
1533,14623,1533,2023-03-05 20:00:00,820.95,purchase
1534,15756,1534,2023-03-05 21:00:00,825.03,purchase
1535,18685,1535,2023-03-05 22:00:00,1162.44,purchase
1536,10373,1536,2023-03-05 23:00:00,547.82,purchase
1537,5716,1537,2023-03-06 00:00:00,856.89,purchase
1538,6776,1538,2023-03-06 01:00:00,0.0,purchase
1539,6824,1539,2023-03-06 02:00:00,579.98,purchase
1540,10225,1540,2023-03-06 03:00:00,480.58,purchase
1541,10911,1541,2023-03-06 04:00:00,1718.41,purchase
1542,2453,1542,2023-03-06 05:00:00,1491.79,purchase
1543,2747,1543,2023-03-06 06:00:00,-30.83,purchase
1544,773,1544,2023-03-06 07:00:00,44.69,purchase
1545,11006,1545,2023-03-06 08:00:00,0.0,purchase
1546,19983,1546,2023-03-06 09:00:00,0.0,purchase
1547,13500,1547,2023-03-06 10:00:00,1207.67,purchase
1548,8412,1548,2023-03-06 11:00:00,0.0,purchase
1549,9361,1549,2023-03-06 12:00:00,0.0,purchase
1550,11260,1550,2023-03-06 13:00:00,962.84,purchase
1551,14305,1551,2023-03-06 14:00:00,861.93,purchase
1552,8597,1552,2023-03-06 15:00:00,0.0,purchase
1553,6186,1553,2023-03-06 16:00:00,32.57,purchase
1554,8716,1554,2023-03-06 17:00:00,0.0,purchase
1555,1299,1555,2023-03-06 18:00:00,0.0,purchase
1556,15330,1556,2023-03-06 19:00:00,2898.32,purchase
1557,10807,1557,2023-03-06 20:00:00,852.33,purchase
1558,17452,1558,2023-03-06 21:00:00,2354.57,purchase
1559,16938,1559,2023-03-06 22:00:00,1450.83,purchase
1560,15063,1560,2023-03-06 23:00:00,0.0,purchase
1561,10194,1561,2023-03-07 00:00:00,612.5,purchase
1562,18776,1562,2023-03-07 01:00:00,346.59,purchase
1563,17362,1563,2023-03-07 02:00:00,0.0,purchase
1564,8386,1564,2023-03-07 03:00:00,1044.25,purchase
1565,13215,1565,2023-03-07 04:00:00,0.0,purchase
1566,18514,1566,2023-03-07 05:00:00,1352.54,purchase
1567,1804,1567,2023-03-07 06:00:00,1175.89,purchase
1568,16049,1568,2023-03-07 07:00:00,921.85,purchase
1569,17394,1569,2023-03-07 08:00:00,0.0,purchase
1570,11885,1570,2023-03-07 09:00:00,4909.61,purchase
1571,7186,1571,2023-03-07 10:00:00,264.75,purchase
1572,514,1572,2023-03-07 11:00:00,958.89,purchase
1573,14755,1573,2023-03-07 12:00:00,0.0,purchase
1574,16025,1574,2023-03-07 13:00:00,0.0,purchase
1575,1804,1575,2023-03-07 14:00:00,0.0,purchase
1576,13345,1576,2023-03-07 15:00:00,340.07,purchase
1577,12269,1577,2023-03-07 16:00:00,0.0,purchase
1578,8184,1578,2023-03-07 17:00:00,0.0,purchase
1579,8885,1579,2023-03-07 18:00:00,982.56,purchase
1580,17452,1580,2023-03-07 19:00:00,1029.21,purchase
1581,9698,1581,2023-03-07 20:00:00,0.0,purchase
1582,4557,1582,2023-03-07 21:00:00,0.0,purchase
1583,7669,1583,2023-03-07 22:00:00,550.08,purchase
1584,10153,1584,2023-03-07 23:00:00,0.0,purchase
1585,51,1585,2023-03-08 00:00:00,2539.13,purchase
1586,8597,1586,2023-03-08 01:00:00,3682.2,purchase
1587,7992,1587,2023-03-08 02:00:00,500.12,purchase
1588,8775,1588,2023-03-08 03:00:00,0.0,purchase
1589,6186,1589,2023-03-08 04:00:00,903.53,purchase
1590,1193,1590,2023-03-08 05:00:00,0.0,purchase
1591,4938,1591,2023-03-08 06:00:00,0.0,purchase
1592,16025,1592,2023-03-08 07:00:00,657.95,purchase
1593,14431,1593,2023-03-08 08:00:00,1774.95,purchase
1594,14024,1594,2023-03-08 09:00:00,1644.91,purchase
1595,7791,1595,2023-03-08 10:00:00,2272.52,purchase
1596,7669,1596,2023-03-08 11:00:00,0.0,purchase
1597,15894,1597,2023-03-08 12:00:00,853.2,purchase
1598,18725,1598,2023-03-08 13:00:00,0.0,purchase
1599,14404,1599,2023-03-08 14:00:00,1124.09,purchase
1600,1880,1600,2023-03-08 15:00:00,2403.13,purchase
1601,4729,1601,2023-03-08 16:00:00,1404.26,purchase
1602,5716,1602,2023-03-08 17:00:00,518.2,purchase
1603,15580,1603,2023-03-08 18:00:00,0.0,purchase
1604,10482,1604,2023-03-08 19:00:00,778.41,purchase
1605,3517,1605,2023-03-08 20:00:00,0.0,purchase
1606,11885,1606,2023-03-08 21:00:00,1333.23,purchase
1607,16806,1607,2023-03-08 22:00:00,0.0,purchase
1608,2167,1608,2023-03-08 23:00:00,0.0,purchase
1609,17855,1609,2023-03-09 00:00:00,0.0,purchase
1610,13432,1610,2023-03-09 01:00:00,0.0,purchase
1611,6097,1611,2023-03-09 02:00:00,1668.55,purchase
1612,16042,1612,2023-03-09 03:00:00,0.0,purchase
1613,2551,1613,2023-03-09 04:00:00,2176.31,purchase
1614,19716,1614,2023-03-09 05:00:00,1022.02,purchase
1615,6677,1615,2023-03-09 06:00:00,426.47,purchase
1616,17339,1616,2023-03-09 07:00:00,0.0,purchase
1617,16042,1617,2023-03-09 08:00:00,1596.49,purchase
1618,4036,1618,2023-03-09 09:00:00,0.0,purchase
1619,479,1619,2023-03-09 10:00:00,1575.39,purchase
1620,56,1620,2023-03-09 11:00:00,0.0,purchase
1621,4342,1621,2023-03-09 12:00:00,362.37,purchase
1622,4705,1622,2023-03-09 13:00:00,346.07,purchase
1623,6854,1623,2023-03-09 14:00:00,0.0,purchase
1624,4938,1624,2023-03-09 15:00:00,55.62,purchase
1625,5820,1625,2023-03-09 16:00:00,2057.21,purchase
1626,10558,1626,2023-03-09 17:00:00,548.38,purchase
1627,9032,1627,2023-03-09 18:00:00,857.36,purchase
1628,19426,1628,2023-03-09 19:00:00,2071.02,purchase
1629,13574,1629,2023-03-09 20:00:00,737.01,purchase
1630,19478,1630,2023-03-09 21:00:00,0.0,purchase
1631,4270,1631,2023-03-09 22:00:00,688.39,purchase
1632,13016,1632,2023-03-09 23:00:00,0.0,purchase
1633,15698,1633,2023-03-10 00:00:00,0.0,purchase
1634,3081,1634,2023-03-10 01:00:00,2081.4,purchase
1635,18002,1635,2023-03-10 02:00:00,0.0,purchase
1636,4243,1636,2023-03-10 03:00:00,1967.16,purchase
1637,10346,1637,2023-03-10 04:00:00,2262.14,purchase
1638,15370,1638,2023-03-10 05:00:00,0.0,purchase
1639,7721,1639,2023-03-10 06:00:00,0.0,purchase
1640,18002,1640,2023-03-10 07:00:00,2712.35,purchase
1641,15126,1641,2023-03-10 08:00:00,0.0,purchase
1642,10418,1642,2023-03-10 09:00:00,1330.75,purchase
1643,56,1643,2023-03-10 10:00:00,0.0,purchase
1644,15395,1644,2023-03-10 11:00:00,1406.35,purchase
1645,13097,1645,2023-03-10 12:00:00,0.0,purchase
1646,11112,1646,2023-03-10 13:00:00,1956.98,purchase
1647,13683,1647,2023-03-10 14:00:00,1406.87,purchase
1648,4573,1648,2023-03-10 15:00:00,1583.51,purchase
1649,19465,1649,2023-03-10 16:00:00,1452.45,purchase
1650,3757,1650,2023-03-10 17:00:00,0.0,purchase
1651,5514,1651,2023-03-10 18:00:00,1551.11,purchase
1652,3327,1652,2023-03-10 19:00:00,2073.62,purchase
1653,3830,1653,2023-03-10 20:00:00,2410.93,purchase
1654,13436,1654,2023-03-10 21:00:00,0.0,purchase
1655,19293,1655,2023-03-10 22:00:00,0.0,purchase
1656,3925,1656,2023-03-10 23:00:00,171.74,purchase
1657,10823,1657,2023-03-11 00:00:00,927.47,purchase
1658,16120,1658,2023-03-11 01:00:00,0.0,purchase
1659,9873,1659,2023-03-11 02:00:00,1541.44,purchase
1660,14999,1660,2023-03-11 03:00:00,0.0,purchase
1661,18006,1661,2023-03-11 04:00:00,0.0,purchase
1662,3925,1662,2023-03-11 05:00:00,2588.2,purchase
1663,11884,1663,2023-03-11 06:00:00,1310.7,purchase
1664,15126,1664,2023-03-11 07:00:00,0.0,purchase
1665,56,1665,2023-03-11 08:00:00,0.0,purchase
1666,17558,1666,2023-03-11 09:00:00,0.0,purchase
1667,2635,1667,2023-03-11 10:00:00,0.0,purchase
1668,16486,1668,2023-03-11 11:00:00,0.0,purchase
1669,3836,1669,2023-03-11 12:00:00,0.0,purchase
1670,5542,1670,2023-03-11 13:00:00,2840.06,purchase
1671,18139,1671,2023-03-11 14:00:00,0.0,purchase
1672,6172,1672,2023-03-11 15:00:00,623.96,purchase
1673,13880,1673,2023-03-11 16:00:00,1007.38,purchase
1674,19393,1674,2023-03-11 17:00:00,0.0,purchase
1675,2131,1675,2023-03-11 18:00:00,0.0,purchase
1676,4243,1676,2023-03-11 19:00:00,2396.85,purchase
1677,9873,1677,2023-03-11 20:00:00,43.67,purchase
1678,13097,1678,2023-03-11 21:00:00,0.0,purchase
1679,384,1679,2023-03-11 22:00:00,0.0,purchase
1680,4362,1680,2023-03-11 23:00:00,2776.93,purchase
1681,2771,1681,2023-03-12 00:00:00,2476.08,purchase
1682,3757,1682,2023-03-12 01:00:00,578.23,purchase
1683,18839,1683,2023-03-12 02:00:00,1653.56,purchase
1684,12095,1684,2023-03-12 03:00:00,1920.6,purchase
1685,16591,1685,2023-03-12 04:00:00,420.68,purchase
1686,17045,1686,2023-03-12 05:00:00,0.0,purchase
1687,15770,1687,2023-03-12 06:00:00,0.0,purchase
1688,19458,1688,2023-03-12 07:00:00,1707.32,purchase
1689,8661,1689,2023-03-12 08:00:00,0.0,purchase
1690,3926,1690,2023-03-12 09:00:00,0.0,purchase
1691,1788,1691,2023-03-12 10:00:00,0.0,purchase
1692,13610,1692,2023-03-12 11:00:00,0.0,purchase
1693,992,1693,2023-03-12 12:00:00,455.83,purchase
1694,9873,1694,2023-03-12 13:00:00,1437.73,purchase
1695,2551,1695,2023-03-12 14:00:00,995.24,purchase
1696,1135,1696,2023-03-12 15:00:00,684.33,purchase
1697,17658,1697,2023-03-12 16:00:00,527.0,purchase
1698,5452,1698,2023-03-12 17:00:00,0.0,purchase
1699,15786,1699,2023-03-12 18:00:00,0.0,purchase
1700,9689,1700,2023-03-12 19:00:00,3233.82,purchase
1701,9032,1701,2023-03-12 20:00:00,1368.7,purchase
1702,19825,1702,2023-03-12 21:00:00,2728.2,purchase
1703,17808,1703,2023-03-12 22:00:00,732.95,purchase
1704,4573,1704,2023-03-12 23:00:00,3580.43,purchase
1705,8468,1705,2023-03-13 00:00:00,1065.27,purchase
1706,16724,1706,2023-03-13 01:00:00,1251.1,purchase
1707,10288,1707,2023-03-13 02:00:00,296.67,purchase
1708,7687,1708,2023-03-13 03:00:00,1746.11,purchase
1709,2711,1709,2023-03-13 04:00:00,726.1,purchase
1710,5877,1710,2023-03-13 05:00:00,2893.24,purchase
1711,12294,1711,2023-03-13 06:00:00,135.39,purchase
1712,11413,1712,2023-03-13 07:00:00,0.0,purchase
1713,12139,1713,2023-03-13 08:00:00,1696.21,purchase
1714,19060,1714,2023-03-13 09:00:00,0.0,purchase
1715,10855,1715,2023-03-13 10:00:00,512.72,purchase
1716,7457,1716,2023-03-13 11:00:00,975.22,purchase
1717,12072,1717,2023-03-13 12:00:00,0.0,purchase
1718,6876,1718,2023-03-13 13:00:00,325.36,purchase
1719,2202,1719,2023-03-13 14:00:00,1928.13,purchase
1720,4130,1720,2023-03-13 15:00:00,0.0,purchase
1721,15794,1721,2023-03-13 16:00:00,2323.96,purchase
1722,576,1722,2023-03-13 17:00:00,0.0,purchase
1723,15236,1723,2023-03-13 18:00:00,952.39,purchase
1724,637,1724,2023-03-13 19:00:00,0.0,purchase
1725,11825,1725,2023-03-13 20:00:00,0.0,purchase
1726,11012,1726,2023-03-13 21:00:00,1345.49,purchase
1727,11442,1727,2023-03-13 22:00:00,636.7,purchase
1728,13278,1728,2023-03-13 23:00:00,1086.98,purchase
1729,18840,1729,2023-03-14 00:00:00,1320.6,purchase
1730,7065,1730,2023-03-14 01:00:00,78.4,purchase
1731,11935,1731,2023-03-14 02:00:00,0.0,purchase
1732,11526,1732,2023-03-14 03:00:00,1400.12,purchase
1733,7500,1733,2023-03-14 04:00:00,1825.52,purchase
1734,14711,1734,2023-03-14 05:00:00,553.54,purchase
1735,10857,1735,2023-03-14 06:00:00,0.0,purchase
1736,4176,1736,2023-03-14 07:00:00,1293.19,purchase
1737,778,1737,2023-03-14 08:00:00,942.09,purchase
1738,15059,1738,2023-03-14 09:00:00,0.0,purchase
1739,17380,1739,2023-03-14 10:00:00,206.14,purchase
1740,5912,1740,2023-03-14 11:00:00,1074.9,purchase
1741,5839,1741,2023-03-14 12:00:00,1065.08,purchase
1742,1380,1742,2023-03-14 13:00:00,1892.06,purchase
1743,11652,1743,2023-03-14 14:00:00,0.0,purchase
1744,13610,1744,2023-03-14 15:00:00,600.74,purchase
1745,9164,1745,2023-03-14 16:00:00,884.71,purchase
1746,3192,1746,2023-03-14 17:00:00,0.0,purchase
1747,10843,1747,2023-03-14 18:00:00,376.39,purchase
1748,9184,1748,2023-03-14 19:00:00,2979.82,purchase
1749,19070,1749,2023-03-14 20:00:00,0.0,purchase
1750,17975,1750,2023-03-14 21:00:00,0.0,purchase
1751,265,1751,2023-03-14 22:00:00,2867.14,purchase
1752,10090,1752,2023-03-14 23:00:00,396.63,purchase
1753,9714,1753,2023-03-15 00:00:00,1481.9,purchase
1754,15800,1754,2023-03-15 01:00:00,679.63,purchase
1755,12122,1755,2023-03-15 02:00:00,0.0,purchase
1756,8443,1756,2023-03-15 03:00:00,3476.74,purchase
1757,4833,1757,2023-03-15 04:00:00,397.18,purchase
1758,11038,1758,2023-03-15 05:00:00,0.0,purchase
1759,488,1759,2023-03-15 06:00:00,519.23,purchase
1760,10584,1760,2023-03-15 07:00:00,1304.43,purchase
1761,7074,1761,2023-03-15 08:00:00,414.34,purchase
1762,15953,1762,2023-03-15 09:00:00,2516.08,purchase
1763,6265,1763,2023-03-15 10:00:00,799.13,purchase
1764,7065,1764,2023-03-15 11:00:00,676.2,purchase
1765,19403,1765,2023-03-15 12:00:00,932.31,purchase
1766,15770,1766,2023-03-15 13:00:00,1353.85,purchase
1767,10979,1767,2023-03-15 14:00:00,0.0,purchase
1768,14479,1768,2023-03-15 15:00:00,3204.75,purchase
1769,10063,1769,2023-03-15 16:00:00,879.85,purchase
1770,19430,1770,2023-03-15 17:00:00,581.19,purchase
1771,15270,1771,2023-03-15 18:00:00,0.0,purchase
1772,15974,1772,2023-03-15 19:00:00,2603.0,purchase
1773,6999,1773,2023-03-15 20:00:00,1999.56,purchase
1774,7202,1774,2023-03-15 21:00:00,479.53,purchase
1775,6395,1775,2023-03-15 22:00:00,2471.71,purchase
1776,3975,1776,2023-03-15 23:00:00,1157.25,purchase
1777,6583,1777,2023-03-16 00:00:00,0.0,purchase
1778,5399,1778,2023-03-16 01:00:00,723.16,purchase
1779,13439,1779,2023-03-16 02:00:00,1222.27,purchase
1780,7714,1780,2023-03-16 03:00:00,289.96,purchase
1781,15555,1781,2023-03-16 04:00:00,0.0,purchase
1782,12420,1782,2023-03-16 05:00:00,1244.55,purchase
1783,15325,1783,2023-03-16 06:00:00,2013.56,purchase
1784,14223,1784,2023-03-16 07:00:00,993.09,purchase
1785,7788,1785,2023-03-16 08:00:00,836.49,purchase
1786,5592,1786,2023-03-16 09:00:00,0.0,purchase
1787,815,1787,2023-03-16 10:00:00,2538.55,purchase
1788,9184,1788,2023-03-16 11:00:00,0.0,purchase
1789,15314,1789,2023-03-16 12:00:00,2212.29,purchase
1790,19451,1790,2023-03-16 13:00:00,0.0,purchase
1791,845,1791,2023-03-16 14:00:00,0.0,purchase
1792,981,1792,2023-03-16 15:00:00,0.0,purchase
1793,9184,1793,2023-03-16 16:00:00,1289.21,purchase
1794,11662,1794,2023-03-16 17:00:00,312.48,purchase
1795,10843,1795,2023-03-16 18:00:00,1674.63,purchase
1796,18446,1796,2023-03-16 19:00:00,1637.61,purchase
1797,14625,1797,2023-03-16 20:00:00,0.0,purchase
1798,12284,1798,2023-03-16 21:00:00,0.0,purchase
1799,16063,1799,2023-03-16 22:00:00,0.0,purchase
1800,3817,1800,2023-03-16 23:00:00,0.0,purchase
1801,13321,1801,2023-03-17 00:00:00,0.0,purchase
1802,16409,1802,2023-03-17 01:00:00,353.49,purchase
1803,14993,1803,2023-03-17 02:00:00,237.85,purchase
1804,19250,1804,2023-03-17 03:00:00,0.0,purchase
1805,18611,1805,2023-03-17 04:00:00,947.31,purchase
1806,10695,1806,2023-03-17 05:00:00,965.23,purchase
1807,19430,1807,2023-03-17 06:00:00,0.0,purchase
1808,2631,1808,2023-03-17 07:00:00,817.86,purchase
1809,15,1809,2023-03-17 08:00:00,240.05,purchase
1810,19656,1810,2023-03-17 09:00:00,1080.49,purchase
1811,6950,1811,2023-03-17 10:00:00,1428.95,purchase
1812,231,1812,2023-03-17 11:00:00,0.0,purchase
1813,7679,1813,2023-03-17 12:00:00,2201.97,purchase
1814,16409,1814,2023-03-17 13:00:00,1288.76,purchase
1815,14598,1815,2023-03-17 14:00:00,3873.02,purchase
1816,11758,1816,2023-03-17 15:00:00,2031.8,purchase
1817,2955,1817,2023-03-17 16:00:00,49.57,purchase
1818,164,1818,2023-03-17 17:00:00,0.0,purchase
1819,14928,1819,2023-03-17 18:00:00,0.0,purchase
1820,948,1820,2023-03-17 19:00:00,506.92,purchase
1821,7475,1821,2023-03-17 20:00:00,1130.59,purchase
1822,14497,1822,2023-03-17 21:00:00,0.0,purchase
1823,8854,1823,2023-03-17 22:00:00,858.91,purchase
1824,4340,1824,2023-03-17 23:00:00,2669.3,purchase
1825,11435,1825,2023-03-18 00:00:00,0.0,purchase
1826,12963,1826,2023-03-18 01:00:00,1545.39,purchase
1827,5839,1827,2023-03-18 02:00:00,1709.54,purchase
1828,12883,1828,2023-03-18 03:00:00,1502.14,purchase
1829,14928,1829,2023-03-18 04:00:00,1902.06,purchase
1830,19503,1830,2023-03-18 05:00:00,3793.75,purchase
1831,9625,1831,2023-03-18 06:00:00,0.0,purchase
1832,18670,1832,2023-03-18 07:00:00,311.62,purchase
1833,4726,1833,2023-03-18 08:00:00,1995.24,purchase
1834,9625,1834,2023-03-18 09:00:00,0.0,purchase
1835,12735,1835,2023-03-18 10:00:00,2508.35,purchase
1836,19919,1836,2023-03-18 11:00:00,631.83,purchase
1837,11649,1837,2023-03-18 12:00:00,741.64,purchase
1838,15325,1838,2023-03-18 13:00:00,1781.86,purchase
1839,7678,1839,2023-03-18 14:00:00,2640.0,purchase
1840,6500,1840,2023-03-18 15:00:00,1588.08,purchase
1841,13629,1841,2023-03-18 16:00:00,390.51,purchase
1842,10050,1842,2023-03-18 17:00:00,1526.41,purchase
1843,794,1843,2023-03-18 18:00:00,2097.67,purchase
1844,16270,1844,2023-03-18 19:00:00,932.36,purchase
1845,19054,1845,2023-03-18 20:00:00,0.0,purchase
1846,4598,1846,2023-03-18 21:00:00,0.0,purchase
1847,1904,1847,2023-03-18 22:00:00,259.34,purchase
1848,12038,1848,2023-03-18 23:00:00,2448.53,purchase
1849,6094,1849,2023-03-19 00:00:00,206.37,purchase
1850,11158,1850,2023-03-19 01:00:00,0.0,purchase
1851,2629,1851,2023-03-19 02:00:00,1971.13,purchase
1852,719,1852,2023-03-19 03:00:00,2281.56,purchase
1853,15470,1853,2023-03-19 04:00:00,0.0,purchase
1854,5129,1854,2023-03-19 05:00:00,1864.28,purchase
1855,19187,1855,2023-03-19 06:00:00,3330.68,purchase
1856,17772,1856,2023-03-19 07:00:00,0.0,purchase
1857,1036,1857,2023-03-19 08:00:00,1087.43,purchase
1858,5299,1858,2023-03-19 09:00:00,0.0,purchase
1859,1984,1859,2023-03-19 10:00:00,2454.63,purchase
1860,3748,1860,2023-03-19 11:00:00,178.87,purchase
1861,7679,1861,2023-03-19 12:00:00,1784.4,purchase
1862,13372,1862,2023-03-19 13:00:00,0.0,purchase
1863,437,1863,2023-03-19 14:00:00,0.0,purchase
1864,13207,1864,2023-03-19 15:00:00,0.0,purchase
1865,19250,1865,2023-03-19 16:00:00,1622.18,purchase
1866,6500,1866,2023-03-19 17:00:00,364.06,purchase
1867,17292,1867,2023-03-19 18:00:00,1626.23,purchase
1868,17886,1868,2023-03-19 19:00:00,416.98,purchase
1869,12559,1869,2023-03-19 20:00:00,2038.22,purchase
1870,6500,1870,2023-03-19 21:00:00,0.0,purchase
1871,15470,1871,2023-03-19 22:00:00,0.0,purchase
1872,6583,1872,2023-03-19 23:00:00,1620.95,purchase
1873,19997,1873,2023-03-20 00:00:00,0.0,purchase
1874,14439,1874,2023-03-20 01:00:00,0.0,purchase
1875,11649,1875,2023-03-20 02:00:00,897.23,purchase
1876,14371,1876,2023-03-20 03:00:00,2828.7,purchase
1877,13977,1877,2023-03-20 04:00:00,1582.54,purchase
1878,12442,1878,2023-03-20 05:00:00,522.81,purchase
1879,6241,1879,2023-03-20 06:00:00,2125.17,purchase
1880,1300,1880,2023-03-20 07:00:00,637.79,purchase
1881,6455,1881,2023-03-20 08:00:00,0.0,purchase
1882,9610,1882,2023-03-20 09:00:00,1246.18,purchase
1883,9042,1883,2023-03-20 10:00:00,1527.08,purchase
1884,3270,1884,2023-03-20 11:00:00,266.23,purchase
1885,11446,1885,2023-03-20 12:00:00,0.0,purchase
1886,18554,1886,2023-03-20 13:00:00,303.06,purchase
1887,14717,1887,2023-03-20 14:00:00,11.99,purchase
1888,7178,1888,2023-03-20 15:00:00,0.0,purchase
1889,387,1889,2023-03-20 16:00:00,0.0,purchase
1890,19503,1890,2023-03-20 17:00:00,0.0,purchase
1891,281,1891,2023-03-20 18:00:00,2362.46,purchase
1892,18392,1892,2023-03-20 19:00:00,0.0,purchase
1893,19250,1893,2023-03-20 20:00:00,0.0,purchase
1894,11721,1894,2023-03-20 21:00:00,0.0,purchase
1895,18740,1895,2023-03-20 22:00:00,3979.08,purchase
1896,15417,1896,2023-03-20 23:00:00,4105.37,purchase
1897,1119,1897,2023-03-21 00:00:00,632.55,purchase
1898,8968,1898,2023-03-21 01:00:00,518.81,purchase
1899,14717,1899,2023-03-21 02:00:00,396.43,purchase
1900,19192,1900,2023-03-21 03:00:00,1232.26,purchase
1901,15168,1901,2023-03-21 04:00:00,0.0,purchase
1902,1694,1902,2023-03-21 05:00:00,1743.99,purchase
1903,14439,1903,2023-03-21 06:00:00,1827.9,purchase
1904,12905,1904,2023-03-21 07:00:00,208.58,purchase
1905,12735,1905,2023-03-21 08:00:00,0.0,purchase
1906,10060,1906,2023-03-21 09:00:00,1667.78,purchase
1907,16833,1907,2023-03-21 10:00:00,0.0,purchase
1908,18771,1908,2023-03-21 11:00:00,0.0,purchase
1909,17886,1909,2023-03-21 12:00:00,2424.89,purchase
1910,10732,1910,2023-03-21 13:00:00,0.0,purchase
1911,13390,1911,2023-03-21 14:00:00,0.0,purchase
1912,14624,1912,2023-03-21 15:00:00,1451.05,purchase
1913,13693,1913,2023-03-21 16:00:00,0.0,purchase
1914,7698,1914,2023-03-21 17:00:00,0.0,purchase
1915,12519,1915,2023-03-21 18:00:00,0.0,purchase
1916,6055,1916,2023-03-21 19:00:00,0.0,purchase
1917,5085,1917,2023-03-21 20:00:00,855.18,purchase
1918,7424,1918,2023-03-21 21:00:00,248.79,purchase
1919,10013,1919,2023-03-21 22:00:00,0.0,purchase
1920,13897,1920,2023-03-21 23:00:00,0.0,purchase
1921,4020,1921,2023-03-22 00:00:00,200.72,purchase
1922,4811,1922,2023-03-22 01:00:00,0.0,purchase
1923,9939,1923,2023-03-22 02:00:00,115.39,purchase
1924,1046,1924,2023-03-22 03:00:00,1224.09,purchase
1925,9047,1925,2023-03-22 04:00:00,2317.17,purchase
1926,13197,1926,2023-03-22 05:00:00,0.0,purchase
1927,18300,1927,2023-03-22 06:00:00,0.0,purchase
1928,9313,1928,2023-03-22 07:00:00,0.0,purchase
1929,17013,1929,2023-03-22 08:00:00,841.15,purchase
1930,11745,1930,2023-03-22 09:00:00,0.0,purchase
1931,19963,1931,2023-03-22 10:00:00,0.0,purchase
1932,4192,1932,2023-03-22 11:00:00,2421.03,purchase
1933,12365,1933,2023-03-22 12:00:00,0.0,purchase
1934,887,1934,2023-03-22 13:00:00,973.32,purchase
1935,1984,1935,2023-03-22 14:00:00,0.0,purchase
1936,3295,1936,2023-03-22 15:00:00,2200.92,purchase
1937,17059,1937,2023-03-22 16:00:00,0.0,purchase
1938,7793,1938,2023-03-22 17:00:00,1101.98,purchase
1939,5896,1939,2023-03-22 18:00:00,2313.34,purchase
1940,9893,1940,2023-03-22 19:00:00,1921.97,purchase
1941,4005,1941,2023-03-22 20:00:00,1960.04,purchase
1942,15304,1942,2023-03-22 21:00:00,1646.72,purchase
1943,10794,1943,2023-03-22 22:00:00,0.0,purchase
1944,13197,1944,2023-03-22 23:00:00,0.0,purchase
1945,2306,1945,2023-03-23 00:00:00,0.0,purchase
1946,4091,1946,2023-03-23 01:00:00,803.75,purchase
1947,7147,1947,2023-03-23 02:00:00,560.6,purchase
1948,8940,1948,2023-03-23 03:00:00,2768.33,purchase
1949,16515,1949,2023-03-23 04:00:00,266.47,purchase
1950,6044,1950,2023-03-23 05:00:00,2982.46,purchase
1951,9218,1951,2023-03-23 06:00:00,557.7,purchase
1952,4146,1952,2023-03-23 07:00:00,1600.7,purchase
1953,5906,1953,2023-03-23 08:00:00,917.29,purchase
1954,4811,1954,2023-03-23 09:00:00,0.0,purchase
1955,12400,1955,2023-03-23 10:00:00,770.36,purchase
1956,15855,1956,2023-03-23 11:00:00,143.18,purchase
1957,10134,1957,2023-03-23 12:00:00,812.32,purchase
1958,1893,1958,2023-03-23 13:00:00,3018.67,purchase
1959,19512,1959,2023-03-23 14:00:00,176.87,purchase
1960,7036,1960,2023-03-23 15:00:00,1831.5,purchase
1961,493,1961,2023-03-23 16:00:00,172.7,purchase
1962,12926,1962,2023-03-23 17:00:00,286.39,purchase
1963,14969,1963,2023-03-23 18:00:00,1959.39,purchase
1964,16217,1964,2023-03-23 19:00:00,1441.19,purchase
1965,11136,1965,2023-03-23 20:00:00,252.38,purchase
1966,9569,1966,2023-03-23 21:00:00,0.0,purchase
1967,7983,1967,2023-03-23 22:00:00,0.0,purchase
1968,9336,1968,2023-03-23 23:00:00,1588.9,purchase
1969,6455,1969,2023-03-24 00:00:00,0.0,purchase
1970,10894,1970,2023-03-24 01:00:00,653.64,purchase
1971,8438,1971,2023-03-24 02:00:00,0.0,purchase
1972,16799,1972,2023-03-24 03:00:00,384.37,purchase
1973,747,1973,2023-03-24 04:00:00,772.77,purchase
1974,19297,1974,2023-03-24 05:00:00,2015.53,purchase
1975,18642,1975,2023-03-24 06:00:00,2541.67,purchase
1976,15419,1976,2023-03-24 07:00:00,0.0,purchase
1977,2630,1977,2023-03-24 08:00:00,370.69,purchase
1978,11026,1978,2023-03-24 09:00:00,2385.99,purchase
1979,8664,1979,2023-03-24 10:00:00,0.0,purchase
1980,3005,1980,2023-03-24 11:00:00,0.0,purchase
1981,9127,1981,2023-03-24 12:00:00,260.71,purchase
1982,18948,1982,2023-03-24 13:00:00,0.0,purchase
1983,15481,1983,2023-03-24 14:00:00,0.0,purchase
1984,16799,1984,2023-03-24 15:00:00,0.0,purchase
1985,18305,1985,2023-03-24 16:00:00,2380.36,purchase
1986,343,1986,2023-03-24 17:00:00,248.34,purchase
1987,4811,1987,2023-03-24 18:00:00,1802.75,purchase
1988,17897,1988,2023-03-24 19:00:00,1549.95,purchase
1989,17930,1989,2023-03-24 20:00:00,1801.77,purchase
1990,14376,1990,2023-03-24 21:00:00,0.0,purchase
1991,3713,1991,2023-03-24 22:00:00,3088.73,purchase
1992,12103,1992,2023-03-24 23:00:00,889.5,purchase
1993,6044,1993,2023-03-25 00:00:00,0.0,purchase
1994,16932,1994,2023-03-25 01:00:00,1811.44,purchase
1995,5141,1995,2023-03-25 02:00:00,101.26,purchase
1996,11163,1996,2023-03-25 03:00:00,673.64,purchase
1997,12399,1997,2023-03-25 04:00:00,261.31,purchase
1998,13704,1998,2023-03-25 05:00:00,3085.71,purchase
1999,5659,1999,2023-03-25 06:00:00,267.67,purchase
2000,5102,2000,2023-03-25 07:00:00,2457.43,purchase
